timestamp,total_memory,java_heap,native_heap,code,stack,graphics,cpu_usage
1791388011,392634,35212,120184,89904,3308,127996,0.0
1791388017,429612,31472,133388,91116,3512,153020,101.51748405542116
1791388023,656716,25000,313152,92276,3548,205136,259.6119929453263
1791388029,696968,40632,363164,92800,3620,178860,170.55655296229804
1791388035,682877,39068,350576,92800,3628,178880,169.7783747481531
1791388040,704978,50648,330296,92792,3640,209612,115.17717851571206
1791388046,654009,25472,331716,92800,3696,182264,76.04829857299671
1791388052,717778,44672,352528,93112,3820,204952,121.31364337668063
1791388058,734493,33240,363184,93376,3704,222300,156.53339289702924
1791388064,719733,27460,358248,93376,3716,218196,73.65024736502474
1791388070,720465,28244,358080,93436,3744,218196,72.28284591881274
1791388075,718389,27312,357980,93436,3752,217116,73.94811423588402
1791388081,721181,27980,360008,93444,3708,217244,72.53796095444686
1791388087,718946,30144,353512,93468,3696,219244,84.20123565754633
1791388093,674926,29168,341064,93468,3732,188572,89.13841502915137
1791388099,671986,28608,340416,93456,3748,186828,85.0183229144212
1791388105,680078,30796,344060,93456,3756,189056,85.30358292211972
1791388111,680446,30964,345040,93484,3764,188216,85.3748109742925
1791388116,679458,29740,345196,93480,3700,188344,75.31236535975873
1791388122,680278,30716,345804,93496,3700,187548,77.40259740259741
1791388128,688914,29748,344704,93496,3704,198236,77.82101167315176
1791388134,689394,29832,346192,93496,3708,197128,75.65011820330969
1791388140,689110,29100,344452,93496,3708,199304,71.93932827735645
1791388146,690342,29500,345280,93496,3708,199304,80.03464703334777
1791388152,689386,29268,346596,93484,3708,197256,80.13876843018214
1791388158,699690,30412,347264,93488,3708,205728,73.25881341358556
1791388164,699150,29640,347840,93488,3708,205988,82.86713286713287
1791388169,698774,30576,346636,93488,3708,205860,82.96041308089501
1791388175,704570,31408,351592,93492,3708,205860,76.31464580617123
1791388181,699610,28984,348792,93492,3708,206120,74.81767481767481
1791388187,700658,30028,348780,93492,3708,206120,74.01337071382359
1791388193,710546,30348,349744,93492,3708,214720,90.5790838375108
1791388199,710614,30152,350252,93488,3708,214464,71.16997792494482
1791388205,714094,31468,351292,93496,3708,215564,77.34138972809667
1791388210,710798,29468,349864,93496,3708,215692,75.16778523489933
1791388216,713662,31084,351232,93496,3708,215564,91.09766637856525
1791388222,709526,27976,350068,93496,3708,215692,70.74122236671
1791388228,712094,28580,350256,93496,3708,217464,72.71175592063153
1791388234,713182,28440,350052,93496,3708,218876,82.51900108577634
1791388240,714991,28344,349860,93484,3708,220924,77.7898629541005
1791388246,713987,28664,350708,93484,3708,218748,71.73252279635258
1791388252,711319,26844,349856,93484,3708,218748,71.40695915279879
1791388257,712243,27424,350196,93484,3708,218748,77.96830909485566
1791388263,712891,27740,350648,93484,3708,218620,78.22685788787483
1791388269,711655,26956,350196,93484,3708,218620,77.57788503729705
1791388275,714151,27856,351316,93484,3712,219072,74.86910994764398
1791388281,714531,26764,350608,93484,3712,221248,69.53498478922208
1791388287,713435,26984,351452,93488,3712,219072,73.82779198635976
1791388293,713739,27480,351132,93484,3712,219200,79.96567996567997
1791388299,713707,27756,350792,93488,3736,219200,76.02591792656588
1791388305,716143,28136,352548,93484,3736,219484,77.6364028466681
1791388310,716603,27268,353612,93484,3736,219740,73.42582710779082
1791388316,718643,27580,353288,93484,3736,221788,75.8893280632411
1791388322,715363,27080,352692,93484,3736,219600,81.21212121212122
1791388328,714867,26928,352616,93484,3736,219328,82.55062473071952
1791388334,714215,26512,352372,93484,3736,219328,69.19758412424504
1791388340,715847,26496,352092,93484,3736,221252,64.50207016779255
1791388346,714099,26580,352296,93488,3736,219200,78.14998919386211
1791388352,713687,26468,352128,93488,3736,219072,64.87900588620013
1791388357,713607,26464,352044,93484,3736,219072,64.7766323024055
1791388363,714783,27216,352332,93496,3712,219200,64.51056489866322
1791388369,714607,27328,352036,93496,3712,219200,61.48501953973079
1791388375,715107,27608,352124,93500,3712,219328,70.28332967274325
1791388381,716563,28176,353132,93496,3712,219200,64.39361242986621
1791388387,715563,27748,352436,93496,3712,219328,61.64325244785015
1791388393,716947,27284,352364,93496,3712,221248,62.174381054897744
1791388399,715571,27680,352508,93496,3712,219328,61.6580310880829
1791388404,717835,27768,352624,93496,3712,221376,63.01600673967987
1791388411,718187,28512,352356,93484,3712,221248,62.36831015592078
1791388417,713895,27888,353484,93492,3712,216440,79.89556135770235
1791388422,714111,28000,353452,93484,3712,216568,62.01022146507667
1791388428,716007,27972,353440,93496,3712,218488,69.31842614491507
1791388434,715623,27732,353296,93496,3712,218488,62.92331221324011
1791388440,713927,27868,353376,93496,3712,216568,71.20052481959327
1791388446,714023,28204,353264,93496,3712,216440,69.94535519125684
1791388452,713503,27628,353316,93496,3712,216440,69.78354978354979
1791388458,713979,28100,353320,93496,3712,216440,60.127837778267576
1791388464,714259,28256,353436,93496,3712,216440,74.23917702528932
1791388469,716575,28620,353336,93496,3712,218488,72.3514211886305
1791388475,716999,27944,354168,93496,3712,218752,78.72797593467985
1791388481,714003,27172,354120,93496,3712,216576,75.63573136274722
1791388487,714039,27256,354192,93500,3712,216448,70.49808429118774
1791388493,713223,26352,354144,93504,3712,216576,61.246495579038175
1791388499,713195,26376,354212,93484,3712,216448,61.77606177606177
1791388505,713019,26348,353920,93496,3712,216576,59.5413241021203
1791388511,713195,26504,353936,93496,3712,216576,63.08985132514544
1791388517,713039,26456,353956,93496,3712,216448,68.93857173865857
1791388523,714383,26592,355160,93496,3712,216448,72.6649528706084
1791388528,713987,26512,354844,93496,3712,216448,65.41320507214692
1791388534,713811,26364,354812,93496,3712,216448,69.42937730527228
1791388540,715379,26924,355808,93496,3712,216448,62.16274552126052
1791388546,713691,26304,354616,93496,3712,216576,68.02120141342756
1791388552,713727,26448,354632,93496,3712,216448,63.937282229965156
1791388558,714759,26260,355848,93496,3712,216448,67.01119724375538
1791388563,714651,26584,355420,93496,3712,216448,67.25284151833584
1791388569,714959,26792,355516,93496,3712,216448,65.16998075689544
1791388575,716563,28064,355592,93496,3712,216704,59.91868178900064
1791388581,716107,27956,355496,93496,3712,216448,72.5085910652921
1791388587,716303,27888,355720,93516,3712,216448,64.1036717062635
1791388593,717091,28312,355932,93500,3712,216576,64.96398166339226
1791388599,716083,28016,355520,93500,3580,216448,65.63307493540051
1791388605,717087,28152,356512,93500,3580,216320,78.12028454408278
1791388611,719019,28244,356176,93500,3580,218496,76.76240208877284
1791388617,716263,28152,355680,93500,3580,216320,69.39759036144578
1791388622,717847,28436,356836,93500,3592,216448,64.90238611713666
1791388628,718075,28704,356784,93500,3596,216448,66.45091693635383
1791388634,718903,28436,357752,93500,3596,216576,74.90314248816186
1791388640,718083,28140,357352,93504,3596,216448,66.46629454701589
1791388646,718883,27772,358396,93500,3596,216576,66.53704903866927
1791388652,719087,27840,358648,93500,3596,216448,70.85567231396097
1791388658,718855,27768,358488,93500,3596,216448,66.23320329432163
1791388664,721747,28872,360256,93500,3596,216452,72.12399039511024
1791388669,721409,28296,360384,93500,3600,216580,76.56822591075662
1791388675,725585,29012,361780,93508,3600,218628,74.72719336534264
1791388681,724889,28436,361612,93504,3720,218504,69.12928759894459
1791388687,721649,26768,361948,93512,3720,216580,73.16756756756757
1791388693,721445,27076,361432,93512,3720,216580,70.12430347192456
1791388699,721989,27060,361988,93512,3720,216580,74.05159332321699
1791388705,720927,26624,361468,93512,3724,216452,69.94157108850898
1791388711,721015,26620,361592,93512,3700,216452,64.88831056170028
1791388716,721063,26668,361460,93512,3704,216580,63.80368098159509
1791388722,723475,26956,361532,93512,3704,218628,75.88865096359743
1791388728,721235,26968,361584,93512,3704,216324,74.36619718309859
1791388734,721095,26592,361548,93512,3704,216452,67.39225076186331
1791388740,721283,26764,361548,93512,3712,216452,73.52816603134265
1791388746,721103,26708,361552,93512,3712,216324,65.6996935648621
1791388752,720747,26552,361220,93516,3712,216452,68.1629984746132
1791388758,720487,26340,361172,93512,3712,216452,67.36842105263158
1791388764,721159,27152,361160,93512,3712,216324,63.79746835443038
1791388770,721521,27312,361252,93512,3712,216452,67.62993314643089
1791388776,723805,29236,361744,93512,3716,216452,72.17785452190805
1791388782,724193,27624,361696,93512,3716,218500,64.64646464646465
1791388788,721689,27336,361120,93512,3716,216864,65.17876489707476
1791388793,722577,27068,361684,93512,3716,217448,74.01950162513543
1791388799,721771,26628,361300,93500,3716,217448,62.2453402687473
1791388805,721263,26272,361396,93512,3716,217180,68.63084922010398
1791388811,721135,26416,361396,93512,3716,216908,64.994640943194
1791388817,722203,27012,361860,93516,3716,216908,65.99006694018571
1791388823,720931,26272,361332,93512,3716,216908,62.05997392438071
1791388829,724679,26952,362476,93512,3716,218828,65.3763440860215
1791388835,721255,26468,361588,93512,3716,216780,66.40926640926641
1791388840,721699,26456,361916,93512,3716,216908,64.22607578676943
1791388846,722680,27000,362476,93512,3716,216780,65.78890567666738
1791388852,721484,26260,362064,93512,3684,216780,72.14945243719133
1791388858,722308,26812,362204,93512,3684,216908,72.18045112781954
1791388864,722228,26604,362332,93512,3684,216908,72.46064265689023
1791388870,723998,26400,362136,93512,3684,218956,60.32786885245902
1791388876,721090,26664,361864,93512,3132,216780,64.9260226283725
1791388882,722100,26828,362628,93512,3172,216780,64.43298969072166
1791388887,721172,26444,362072,93512,3180,216780,73.1568584554802
1791388893,721388,26364,362108,93512,3184,217036,67.64643237486688
1791388899,723568,26588,362132,93512,3188,218956,63.098591549295776
1791388905,721908,26392,362564,93512,3216,217164,65.73913043478261
1791388911,722240,27224,362180,93512,3216,217036,66.58019887591871
1791388917,722552,26740,362972,93512,3216,217036,59.74530541765595
1791388923,721072,26212,362152,93512,3216,216908,64.89751887810141
1791388929,721352,26500,362124,93512,3216,216908,61.272923408845735
1791388934,721092,26320,362168,93512,3216,216780,62.220328148305995
1791388940,721640,26708,362156,93512,3252,216908,60.871450249295464
1791388946,721698,26612,362180,93512,3252,217036,66.52305040930632
1791388952,721366,26552,361884,93512,3276,217036,58.56232138931633
1791388958,721162,26292,361936,93512,3276,217036,62.29934924078091
1791388964,722414,27048,362424,93512,3280,217036,60.477001703577514
1791388970,721256,26296,362044,93512,3280,217036,59.04312379317743
1791388976,721374,26524,362040,93512,3280,216908,66.36343946285467
1791388982,721598,26172,362612,93512,3280,216908,65.37966537966537
1791388988,721558,26428,362316,93512,3280,216908,58.27353772559252
1791388993,725062,26772,363148,93512,3280,219084,65.14602430185461
1791388999,724218,26828,362676,93512,3032,218956,65.23454625164402
1791389005,721758,26224,362740,93512,3032,217036,64.6186895810956
1791389011,722046,26524,362748,93512,3008,217036,58.654052891851215
1791389017,721790,26372,362644,93512,3008,217036,64.93162770180857
1791389023,723598,26332,362568,93512,3008,218956,59.70664365832614
1791389029,721738,26444,362672,93512,2988,216908,61.95111399524118
1791389034,721654,26464,362712,93512,2988,216908,61.80783541256293
1791389040,721770,26436,362728,93512,2988,217036,63.38329764453962
1791389046,722030,26472,363072,93512,2988,216908,64.8320693391116
1791389052,722214,26968,362620,93500,2988,217036,69.58049637601582
1791389058,721422,26248,362548,93500,2988,217036,62.05414697034809
1791389064,721950,26788,362644,93500,2988,216908,61.59199652022619
1791389070,721814,26516,362732,93500,3020,216908,66.94987255734918
1791389076,722932,27104,363280,93500,3020,216908,63.57730619315721
1791389081,722156,26464,362992,93500,3020,216908,71.17253293025264
1791389087,722336,26696,362992,93500,3088,216780,69.03991370010787
1791389093,722116,26332,362980,93500,3088,216908,62.117647058823536
1791389099,722180,26772,362860,93500,3088,216652,62.74176408076514
1791389105,722600,26660,363256,93500,3092,216780,70.44463818657367
1791389111,722408,26572,362996,93500,3116,216908,66.23766623766623
1791389117,722210,26360,362952,93500,3132,216908,62.02749140893471
1791389123,722918,26956,363344,93500,3132,216780,63.25340246273493
1791389128,722298,26872,362928,93500,3136,216652,63.18054658919733
1791389134,722282,26820,362964,93500,3136,216652,64.19223342630337
1791389140,722558,26500,363240,93500,3184,216908,68.3686715707486
1791389146,722342,26368,363272,93500,3188,216780,63.83996520982822
1791389152,723470,26992,363632,93500,3196,216908,62.24685568109145
1791389158,722514,26420,363248,93500,3200,216908,70.623271644331
1791389164,725010,26652,363464,93500,3200,218956,63.02824378849012
1791389170,725462,26844,365768,93500,3200,216908,64.60600783630824
1791389176,723820,26580,364412,93500,3200,216908,67.60323541932738
1791389182,726136,26520,364852,93512,3200,218828,66.10279765777489
1791389188,724800,26944,364880,93512,3200,217036,61.672473867595826
1791389193,726064,27564,364680,93528,3208,217856,69.18349429323969
1791389199,725296,26604,364868,93528,3208,217856,59.930915371329874
1791389205,726844,26732,366028,93532,3208,218112,66.69524217745392
1791389211,726080,26772,365760,93528,3208,217576,66.72489082969433
1791389217,726822,26392,365356,93528,3208,219084,66.1342542628966
1791389223,724554,26324,365328,93528,3208,216908,60.196665241556225
1791389229,724890,26468,365520,93528,3208,216908,68.99488926746167
1791389235,724814,26328,365584,93528,3208,216908,63.396872992075394
1791389241,725014,26300,365684,93528,3208,217036,61.36656639449936
1791389246,725474,26348,365936,93528,3208,217036,67.17825038368778
1791389252,725846,26996,365752,93528,3244,216908,70.87947882736157
1791389258,727242,26176,365784,93528,3244,219084,59.38108634494698
1791389264,725386,26444,365704,93528,3244,217036,66.65197266916465
1791389270,724890,26108,365668,93528,3248,216908,66.53603309383845
1791389276,725098,26256,365728,93528,3248,216908,65.17876489707476
1791389281,725338,26456,365768,93528,3248,216908,61.31449368443588
1791389287,725258,26400,365744,93528,3248,216908,69.84402079722703
1791389293,724850,26396,365628,93528,3248,216780,67.64199655765921
1791389299,725298,26728,365740,93528,3248,216780,72.39583333333334
1791389305,727110,26416,365688,93528,3248,218956,67.80551905387647
1791389311,727138,26280,365748,93528,3224,219084,71.60814911140008
1791389317,725306,26648,365724,93528,3224,216908,64.69700237222342
1791389323,725194,26496,365764,93528,3224,216908,70.12430347192456
1791389329,726374,27056,366456,93532,3224,216908,58.43086259211097
1791389334,725630,26448,366592,93532,2964,216908,61.44604162196954
1791389340,726254,27068,366596,93528,2964,216908,61.75255490323983
1791389346,725894,26316,366856,93528,2964,217036,61.69754416199914
1791389352,725546,26420,366536,93524,2964,216908,58.82605891206192
1791389358,727970,26604,366600,93524,2964,219084,72.75832621690861
1791389364,725814,26476,366620,93524,2964,217036,58.932814862821346
1791389370,726234,26768,366828,93572,2964,216908,61.14101184068891
1791389376,727120,27676,366828,93568,2964,216908,60.44444444444444
1791389382,727178,27892,366760,93576,2964,216780,61.1764705882353
1791389387,727566,28060,366812,93576,2964,216780,61.40688475518494
1791389393,727598,27648,367000,93576,2964,217036,60.70273765897822
1791389399,727902,27964,367116,93576,2964,216908,57.676438653637355
1791389405,728326,27764,367612,93576,2964,217036,76.1822125813449
1791389411,728602,27704,367948,93576,2964,217036,69.20052424639582
1791389417,728666,27776,367940,93576,2964,217036,72.6793943383805
1791389423,728894,28020,368012,93576,2992,216908,68.5323648792993
1791389429,728830,27680,368564,93576,2996,216780,64.86017775850857
1791389434,728778,27924,368012,93576,2996,217036,63.30314790858128
1791389440,728458,27792,367952,93576,2996,216908,68.46689895470384
1791389446,728614,27732,368032,93576,3000,217036,64.55531453362255
1791389452,729110,28236,368024,93576,3000,217036,69.20297555791711
1791389458,729002,28088,368064,93576,3000,217036,62.86701208981002
1791389464,733278,28988,368520,93836,3188,219084,68.7513667176908
1791389470,731674,28964,368940,93836,3200,217036,73.81206051566163
1791389476,729860,27448,368776,93836,3212,216908,76.91641403204851
1791389482,729012,26748,368620,93836,3216,216908,74.18589605348286
1791389487,731202,26972,368644,93836,3216,218828,74.19635099913118
1791389493,729630,27224,368740,93836,3216,216908,73.59721618094824
1791389499,729926,27632,368620,93836,3220,216908,65.64191383416323
1791389505,729374,26960,368736,93836,3220,216908,65.83369237397673
1791389511,729350,27296,368372,93836,3224,216908,67.88626845933436
1791389517,729194,26856,368568,93836,3304,216908,71.51411462788708
1791389523,729730,26696,369084,93840,3308,217036,66.6520499890375
1791389528,729810,26876,369108,93840,3312,216908,64.63944396177237
1791389534,729622,26840,368936,93832,3316,216908,63.10254163014899
1791389540,732850,27004,369824,93832,3316,219084,58.20060266896255
1791389546,729638,26660,369008,93832,3316,217036,74.0676496097138
1791389552,730162,26908,369252,93832,3344,217036,59.51134380453752
1791389558,736534,27696,374664,93832,3344,217036,67.90996784565917
1791389564,736682,27944,374144,93832,3348,217448,63.79746835443038
1791389570,735846,27496,373748,93832,3352,217448,73.10344827586206
1791389575,734076,26868,372760,93832,3352,217320,63.10743081281325
1791389581,733348,26324,372860,93832,3352,217036,63.408190224570674
1791389587,735166,27184,373792,93832,3352,217036,61.084598698481564
1791389593,733890,26476,373224,93832,3352,217036,65.2917946467749
1791389599,735586,28184,373560,93832,3420,216780,71.13830019663536
1791389605,735514,27992,373548,93832,3424,216908,66.0676080445015
1791389610,738430,28312,373964,93832,3424,219084,63.05841924398625
1791389616,736394,28480,373928,93832,3424,216908,64.92101276779918
1791389622,737570,28900,374588,93832,3400,217036,66.86669524217746
1791389628,736822,28668,374072,93832,3400,217036,68.82643209611672
1791389634,735210,27284,373976,93832,3400,216908,62.60869565217392
1791389640,738074,27508,374568,93832,3400,218956,66.79712981082844
1791389646,735602,27340,374308,93832,3400,216908,63.23974082073433
1791389652,736670,28024,374564,93832,3400,217036,63.819640147409494
1791389657,736006,27552,374500,93832,3400,216908,68.30985915492957
1791389663,735722,27372,374272,93832,3400,217036,65.88439808778791
1791389669,736038,27580,374504,93832,3400,216908,70.94696156323813
1791389675,736232,27520,374652,93832,3400,217036,70.81628257592074
1791389681,735768,27300,374284,93832,3400,217164,66.46207803594915
1791389687,737512,28036,375544,93832,3400,216908,62.45989304812834
1791389693,737762,27412,374304,93832,3404,218828,66.738894907909
1791389699,735366,26872,374368,93832,3408,216908,67.92616720955483
1791389704,735298,26672,374372,93832,3408,217036,66.50790214332106
1791389710,734810,26372,374180,93832,3408,217036,61.3779613127581
1791389716,736854,27444,375252,93832,3424,216908,62.84976323719328
1791389722,735202,26532,374516,93832,3424,216908,68.64461045891142
1791389728,735266,26560,374552,93832,3424,216908,60.572166057216606
1791389734,737554,26444,374904,93832,3424,218956,61.20782290995057
1791389740,735214,26700,374488,93832,3424,216780,68.07032776210114
1791389746,735942,26964,375112,93824,3424,216780,68.70953819594303
1791389752,735182,26712,374608,93824,3424,216780,60.08987802268349
1791389757,736238,26892,375204,93836,3424,217036,69.77758395115569
1791389763,735866,26780,375072,93836,3424,216908,59.65748970301322
1791389769,735198,26512,374676,93836,3424,216908,61.39375801624626
1791389775,735758,26644,374972,93836,3424,217036,67.75862068965517
1791389781,735280,26376,374788,93836,3424,217036,60.45209903121636
1791389787,735592,26668,374912,93836,3228,217036,59.02641344684567
1791389793,734944,26340,374716,93836,3228,216908,62.66724212343547
1791389799,736162,27100,375152,93836,3228,216908,62.73158121499354
1791389804,739098,27432,375708,93836,3228,218956,67.27351538794973
1791389810,736210,27484,374820,93836,3228,216908,63.180362860192105
1791389816,739274,27980,375048,93836,3264,219204,67.16483516483517
1791389822,738438,27104,375248,93836,3324,218948,60.553633217993074
1791389828,738086,26680,375308,93836,3328,218948,62.10279377265942
1791389834,737858,26676,375052,93836,3352,218948,70.76461769115441
1791389840,741342,27644,376308,93836,3360,220188,61.6435432230523
1791389846,735342,26364,375028,93836,3360,216924,56.62020905923345
1791389852,735550,26448,375152,93836,3360,216924,59.093837234270985
1791389857,736346,27064,375196,93836,3364,217052,56.423611111111114
1791389863,736818,26560,376140,93836,3392,217052,61.114697654400686
1791389869,736922,26620,376180,93836,3392,217052,60.66350710900474
1791389875,736938,26684,376260,93836,3392,216924,60.12058570198106
1791389881,736408,26352,376084,93836,3392,216924,63.02718903874973
1791389887,736572,26420,376180,93836,3392,216924,67.44690073688774
1791389893,736102,26180,376052,93836,3396,216796,61.87554776511832
1791389899,736582,26616,376096,93836,3396,216796,69.02768834513844
1791389905,736818,26396,376252,93836,3396,216924,66.18212911500642
1791389910,737194,26848,376172,93836,3400,216924,63.30810810810811
1791389916,738978,26520,376232,93836,3400,218972,59.13932680017043
1791389922,737354,26964,376244,93836,3376,216924,69.67854039965248
1791389928,736946,26464,376204,93836,3380,217052,59.54692556634305
1791389934,740802,26232,376188,93836,3380,221156,59.07427341227126
1791389940,737602,27152,376172,93836,3380,217052,64.87416648741664
1791389946,737130,26528,376324,93836,3380,217052,61.44578313253012
1791389952,736814,26324,376340,93836,3380,216924,56.749785038693034
1791389958,737086,26552,376380,93836,3380,216924,59.22728253831211
1791389964,737982,27516,376280,93836,3416,216924,65.8493870402802
1791389969,737394,26920,376160,93836,3416,217052,67.72668672110012
1791389975,738542,27184,376660,93836,3416,217436,59.632635625800944
1791389981,739204,27588,376936,93836,3416,217436,62.69430051813472
1791389987,739302,27752,376628,93836,3480,217564,66.91097219228283
1791389993,741830,29192,377296,93836,3480,217972,64.80969593876249
1791389999,739666,27768,376560,93836,3480,217972,69.18730986527596
1791390005,738362,26924,376632,93836,3484,217436,69.57279860505668
1791390011,738718,27272,376636,93836,3484,217436,61.7914322803981
1791390016,738590,27232,376552,93836,3484,217436,65.73913043478261
1791390022,741266,27772,376632,93836,3484,219484,59.6551724137931
1791390028,738602,27136,376656,93836,3484,217436,59.16955017301038
1791390034,738658,27220,376496,93836,3484,217564,67.71855010660981
1791390040,738566,27116,376680,93836,3484,217564,66.2887047535979
1791390046,739670,27236,377020,93836,3484,218208,68.10717372515126
1791390052,741582,27056,377060,93840,3484,220256,71.19437939110071
1791390058,740634,27648,377408,93844,3488,218336,62.09417329606536
1791390064,740154,27388,377320,93844,3488,218208,65.2676659528908
1791390070,740178,27588,377144,93844,3488,218208,66.47862876979822
1791390075,741782,28480,377916,93844,3352,218336,71.02321582115219
1791390081,740376,28332,376808,93844,3356,218208,63.640220619431474
1791390087,743622,29388,377724,93844,3356,219284,70.34482758620689
1791390093,741058,27180,377468,93844,3376,219156,59.90883438246147
1791390099,743030,26804,377512,93844,3376,221460,65.27448869752422
1791390105,744070,27360,378436,93844,3460,220920,63.9161755075311
1791390111,739970,26892,377604,93844,3476,218080,73.8515131722186
1791390116,741350,27120,378616,93844,3480,218208,65.83369237397673
1791390122,743022,27032,378192,93848,3484,220384,67.0391061452514
1791390128,742042,27560,378860,93844,3484,218208,68.43455945252353
1791390134,742450,27708,379120,93844,3484,218208,63.89666307857912
1791390140,742286,27124,379524,93844,3484,218208,59.30356761375775
1791390146,741726,26936,379152,93844,3484,218208,64.1429179072735
1791390152,742662,27244,379644,93844,3492,218336,62.46193997390169
1791390158,742454,27204,379452,93844,3516,218336,69.86448698644871
1791390164,741954,26748,379408,93844,3516,218336,62.461475241421816
1791390171,742718,27536,379680,93844,3516,218208,63.7516562559152
1791390177,740686,26772,378416,93844,3516,218208,59.65523920201433
1791390184,741500,26864,379276,93844,3428,218208,63.30150068212824
1791390190,741392,26920,379112,93844,3428,218208,59.13853317811408
1791390197,743230,26692,378984,93844,3428,220384,68.21469356680623
1791390204,743594,27272,380172,93844,3428,218976,60.68134763786938
1791390210,742674,26840,379688,93844,3428,218976,62.2478386167147
1791390217,742722,26432,379840,93844,3432,219104,60.25492468134415
1791390223,742722,26748,379548,93844,3408,219104,69.53709318779057
1791390229,744898,26648,379768,93844,3408,221156,58.632724286594126
1791390236,744418,27668,380316,93844,3408,219108,66.29652477894304
1791390242,742978,26488,380184,93844,3408,218980,64.12275388653342
1791390248,743010,26608,379968,93844,3408,219108,63.52558895207149
1791390254,745018,26700,379968,93844,3408,221028,66.55629139072848
1791390260,746186,27132,380700,93844,3408,221028,63.36123631680618
1791390266,744248,27024,380812,93844,3408,219108,63.21666308782478
1791390272,743216,26512,380296,93844,3408,219108,65.15053064760667
1791390278,743692,26672,380740,93844,3408,218976,64.6932646932647
1791390284,746052,26972,380748,93844,3408,221028,69.97840172786177
1791390290,742958,26272,380384,93844,3408,218980,63.30196749358426
1791390295,744234,27156,380940,93844,3408,218980,72.80587980977086
1791390301,743754,26872,380620,93844,3408,219104,66.91160579208992
1791390307,743622,26572,380784,93844,3408,219108,64.63257412978083
1791390313,743526,26764,380480,93844,3432,219104,61.43344709897611
1791390319,746946,26400,381552,93844,3440,221792,64.504971897968
1791390325,749138,27776,382360,93844,3440,221796,64.44924406047517
1791390331,745194,26524,381596,93844,3440,219872,66.72369546621043
1791390337,745390,26540,381772,93844,3440,219872,59.303824666953155
1791390343,745510,26652,382032,93844,3440,219616,69.40796555435954
1791390349,747026,28064,382012,93844,3440,219744,71.60334835801675
1791390354,749734,28304,382228,93840,3440,221796,65.00219010074464
1791390360,748842,28132,381644,93840,3440,221664,59.06040268456376
1791390366,747762,28364,382248,93840,3440,219744,58.767772511848335
1791390372,748942,28748,382912,93840,3440,219876,66.38005159071368
1791390378,749434,28392,383764,93840,3440,219872,65.05190311418684
1791390384,747912,27704,383076,93840,3440,219748,62.41872561768531
1791390390,751232,28256,383796,93840,3464,221768,64.0337909186906
1791390396,752146,28588,384104,93840,3464,222024,63.5081069698884
1791390402,751830,28692,383808,93840,3464,221900,64.0343347639485
1791390408,750866,27960,383576,93840,3464,221900,68.78216123499142
1791390413,752270,28768,384044,93840,3464,222024,64.80446927374301
1791390419,753486,29296,384992,93840,3464,221768,66.75224646983312
1791390425,751334,28744,383392,93840,3464,221768,66.72369546621043
1791390431,750762,28216,383352,93840,3464,221768,66.1498708010336
1791390437,751698,28748,383604,93840,3480,221896,64.3658326143227
1791390443,752558,28888,384316,93840,3480,221896,69.45226239445768
1791390449,755498,30168,386124,93840,3456,221768,74.97243660418964
1791390455,756222,29004,386144,93840,3460,223632,74.00651465798046
1791390461,757494,29452,386816,93840,3484,223760,81.12189859762675
1791390466,755622,29072,385448,93840,3484,223632,73.27979162144563
1791390472,756874,29284,386404,93840,3492,223888,82.70514753392203
1791390478,756378,29060,386260,93840,3492,223760,76.25680087051143
1791390484,755996,28716,386112,93840,3492,223888,77.39711269123035
1791390490,755226,28460,385576,93840,3492,223888,65.91695501730104
1791390496,759918,29000,385616,93840,3492,227996,69.50596252129472
1791390502,754974,28588,385328,93840,3492,223760,70.06670970518614
1791390508,756702,29064,386036,93840,3492,224300,73.942286830115
1791390513,755518,28080,385968,93840,3492,224172,63.881636205396
1791390519,757574,29604,386932,93840,3468,223760,69.04507583849605
1791390525,755158,28352,385640,93840,3468,223888,67.2719412019023
1791390531,749626,36104,373856,93840,3548,222288,84.35549817086292
1791390537,728746,29980,363160,93840,3548,218252,73.41826819261499
1791390543,741798,35892,370260,93840,3548,218248,86.62752772341813
1791390549,730650,30000,361752,93840,3548,221532,65.47182034117901
1791390555,726678,28944,359048,93840,3548,219484,67.8808656524534
1791390561,724990,28788,359636,93840,3548,219000,77.78493238892466
1791390566,725726,29076,360364,93840,3548,218716,73.09991460290351
1791390572,724318,28372,359576,93840,3616,218716,67.54572522330923
1791390578,723834,28204,359276,93840,3592,218720,67.79661016949152
1791390584,723928,28520,359200,93840,3596,218588,63.538527765820064
1791390590,724092,28048,359840,93840,3596,218588,67.95698924731182
1791390596,722778,26916,359632,93844,3596,218588,63.48108108108108
1791390602,722942,27036,359744,93840,3544,218588,68.41426729694886
1791390608,741662,34404,371132,93832,3640,218592,85.06981740064447
1791390614,727754,28292,363356,93832,3640,218592,80.01717106675252
1791390620,724666,27828,360708,93832,3640,218592,68.71905274488698
1791390625,727414,27932,361176,93832,3640,220768,73.20034692107545
1791390631,726826,27812,360708,93832,3640,220768,73.01038062283737
1791390637,725786,26960,360520,93832,3640,220768,67.67526102706158
1791390643,723518,27032,360392,93832,3612,218592,71.9585849870578
1791390649,723214,26840,360152,93832,3612,218720,72.27145018370435
1791390655,722806,26832,360012,93832,3612,218460,72.4221682490616
1791390661,723346,27112,360052,93832,3648,218460,67.87035022840983
1791390667,741298,34400,371496,93832,3680,217624,85.09169363538295
1791390673,728722,29880,363576,93832,3680,217496,70.60854553301684
1791390678,723966,28456,360220,93832,3680,217496,63.64428945074106
1791390684,724444,28964,359960,93832,3680,217752,64.4468313641246
1791390690,724248,29268,359556,93836,3704,217624,60.97195461357311
1791390696,725452,29136,360764,93836,3704,217752,68.08510638297872
1791390702,726948,28708,360568,93836,3676,219908,70.50076536190684
1791390708,727276,28700,361028,93832,3676,219780,69.64787211060704
1791390714,725408,28296,361048,93832,3676,218292,62.019543973941374
1791390719,724072,28384,360168,93832,3676,217752,68.30985915492957
1791390725,724152,28544,360300,93832,3608,217624,66.75381263616558
1791390731,724070,28128,360612,93832,3608,217624,62.5299368604398
1791390737,725210,28684,361064,93832,3608,217752,66.45035691109669
1791390743,724070,27988,360620,93832,3608,217752,75.97571552471813
1791390749,724494,28112,360940,93832,3584,217752,70.35263387026556
1791390755,728134,28792,361980,93832,3584,219672,71.55322862129145
1791390760,726650,29600,361732,93832,3584,217624,81.92249404633037
1791390766,725794,28932,361416,93832,3584,217752,75.54689192116093
1791390772,726730,29188,362092,93832,3584,217752,67.12683347713546
1791390778,726718,29356,361912,93832,3584,217752,71.29406612656011
1791390784,726988,29436,362120,93836,3584,217752,72.6797385620915
1791390790,725102,28332,361444,93836,3584,217624,66.30692855601123
1791390796,726290,29224,361684,93824,3636,217624,64.70459995639852
1791390801,726850,29344,362120,93828,3636,217624,69.39843068875327
1791390807,725858,28812,361536,93824,3636,217752,72.27145018370435
1791390813,744306,36044,372500,93832,3716,217880,78.80123402379903
1791390819,729670,30156,363904,93832,3716,217752,70.57808455565142
1791390825,742990,35876,372280,93828,3716,216912,84.89082969432314
1791390831,729798,29668,365324,93828,3716,216916,70.0
1791390836,725894,29536,361660,93828,3716,216784,71.88106011635423
1791390842,725906,29484,361724,93828,3832,216788,67.64393456554069
1791390848,725034,28904,361304,93828,3832,216916,66.55052264808361
1791390854,724898,28864,361468,93828,3832,216656,70.22702702702702
1791390860,726122,29400,362064,93828,3804,216784,71.43163769049153
1791390866,684218,28656,354996,93828,3832,182660,80.62015503875969
1791390872,736323,31360,373040,93828,3864,213980,77.45865970409052
1791390878,744627,37252,375520,93828,3884,213852,92.45364381198793
1791390883,729751,30792,366824,93828,3884,213980,80.2588996763754
1791390889,726601,30196,363728,93828,3884,214516,70.97744360902256
1791390895,726665,28716,363224,93828,3884,216564,70.68410894274072
1791390901,723989,28652,363060,93828,3884,214120,65.0042992261393
1791390907,725737,29644,363956,93828,3884,213980,66.6522397749405
1791390913,725105,29364,363636,93828,3856,213984,69.63316691990448
1791390919,726173,28708,363312,93828,3856,216028,78.7746170678337
1791390925,725999,29980,364020,93828,3856,213852,69.98046451052747
1791390930,725595,29808,363568,93828,3824,214112,82.69933376316355
1791390936,732555,30024,368316,93828,3776,216172,86.2913622690159
1791390942,729647,29672,365760,93828,3776,216172,85.12467755803955
1791390948,727879,29080,364584,93828,3776,216172,76.82347863616745
1791390954,730411,30192,366188,93828,3776,216172,71.86147186147186
1791390960,730907,30620,365868,93828,3776,216560,75.23992322456814
1791390966,750495,37716,378132,93828,3856,216692,91.12374289462177
1791390972,735083,30092,368444,93828,3856,218616,77.98145352598664
1791390978,728619,28820,365412,93828,3856,216432,79.86171132238547
1791390983,730867,30008,366208,93828,3856,216692,79.54939341421144
1791390989,733957,30116,367260,93828,3880,218612,88.09730668983494
1791390995,751061,37836,379080,93828,3896,216136,96.26411815812337
1791391001,737689,32316,371388,93828,3896,216004,77.81155015197568
1791391007,729041,29184,365852,93828,3896,216004,68.17691477885653
1791391013,729475,28472,366972,93828,3896,216008,73.27586206896551
1791391019,731127,29064,367848,93828,3896,216008,71.733561058924
1791391025,730471,28888,367496,93828,3896,215880,77.72717414877467
1791391030,733871,30400,369160,93828,3868,216136,70.26327147173068
1791391036,732227,28440,369600,93832,3868,216008,81.44020574367767
1791391042,732839,29788,368864,93832,3868,216008,74.39468609385044
1791391048,732707,28404,368072,93832,3868,218056,76.36207636207637
1791391054,734079,28780,369176,93836,3776,218056,63.91752577319587
1791391060,730359,28364,367924,93836,3776,216008,76.61822985468957
1791391066,733027,28800,368284,93836,3776,218056,70.16941882907999
1791391072,730947,28216,368964,93840,3776,215880,82.38341968911918
1791391078,733591,29660,370020,93840,3776,216008,68.74200426439232
1791391084,730419,28360,368152,93840,3776,216008,72.82117495158167
1791391089,732341,28984,369468,93840,3776,216008,65.43859649122807
1791391095,732685,27608,369140,93840,3776,218056,68.59611231101512
1791391101,733981,28076,369840,93840,3776,218184,62.84976323719328
1791391107,731319,27876,369396,93840,3776,216136,77.92998477929984
1791391113,733703,29288,370496,93840,3776,216008,67.94567794783359
1791391119,731707,28224,369436,93840,3776,216136,70.6086956521739
1791391125,731327,27580,369700,93840,3776,216136,74.33476394849785
1791391131,729211,26880,368412,93840,3776,216008,66.71009771986971
1791391136,731641,28540,369332,93840,3776,215880,66.23544631306598
1791391142,732245,28268,370080,93840,3776,216008,72.50384024577573
1791391148,728905,26804,368076,93840,3776,216136,66.84073107049609
1791391154,733605,28420,369112,93840,3776,218184,79.51070336391437
1791391160,732167,28052,370068,93840,3776,216136,69.07595758493834
1791391166,732931,27372,369592,93840,3776,218056,73.02405498281786
1791391172,732359,27524,368680,93840,3776,218056,64.06149903907752
1791391177,729635,27108,368420,93840,3776,216008,67.12564543889845
1791391183,735235,28992,369988,93840,3756,218184,72.49190938511327
1791391189,731937,28328,369424,93840,3756,216136,79.79094076655052
1791391195,732393,28528,369708,93840,3736,216136,74.96723460026212
1791391201,730833,27780,369024,93840,3736,216008,65.58219178082192
1791391207,728803,26948,367680,93840,3736,216136,61.472048348802076
1791391213,730063,27168,368844,93840,3736,216008,75.24324324324324
1791391219,730027,27228,368620,93840,3736,216136,75.56609877075695
1791391224,732547,28172,369984,93840,3636,216488,75.69669475048607
1791391230,729935,27456,368424,93840,3304,216616,70.69370330843117
1791391236,730471,27936,368480,93840,3304,216616,76.58833768494343
1791391242,731283,28080,369148,93840,3304,216616,68.48181224134176
1791391248,730679,27180,369232,93840,3452,216616,62.778730703259
1791391254,729251,26604,368380,93840,3456,216616,72.64846120502817
1791391260,730983,27880,369016,93840,3456,216616,67.15007690617448
1791391266,730827,27656,369196,93840,3464,216488,64.77520733304235
1791391271,729939,27220,368868,93840,3468,216360,69.10184787279759
1791391277,730123,27412,368856,93840,3468,216360,64.54642475987194
1791391283,730295,27296,369008,93840,3476,216488,65.89247311827957
1791391289,730825,27756,369096,93840,3480,216488,63.9312567132116
1791391295,730705,27416,369292,93840,3504,216488,72.14945243719133
1791391301,732469,28908,369564,93840,3504,216488,67.6949443016281
1791391307,731693,28572,369124,93840,3504,216488,66.68106240552797
1791391313,730015,27252,368872,93840,3504,216360,58.841397266218266
1791391319,729863,26920,369052,93840,3504,216360,70.65972222222221
1791391325,730939,27604,369444,93840,3504,216360,64.06852248394004
1791391330,733095,27832,369168,93840,3532,218536,79.46098674201261
1791391336,730591,27452,369068,93840,3540,216488,64.79965532098232
1791391342,730135,27368,368808,93840,3556,216360,75.71087475580637
1791391348,730003,27228,368808,93840,3556,216360,65.47670875054419
1791391354,730603,27552,368980,93840,3532,216488,64.86941870261163
1791391360,731895,27896,369924,93840,3536,216488,64.68449197860963
1791391366,732411,27192,369096,93840,3536,218536,73.55917289925209
1791391372,733699,27552,369964,93840,3536,218408,64.99567847882454
1791391378,731375,27332,370040,93840,3536,216228,77.09593777009506
1791391384,730727,27432,369164,93840,3536,216360,72.58620689655172
1791391389,729865,27024,368860,93840,3536,216228,64.20711974110033
1791391395,732049,27844,370096,93840,3536,216356,61.722590297072024
1791391401,729681,26756,368944,93840,3540,216228,64.3979057591623
1791391407,730247,26780,369200,93840,3540,216488,65.57093425605537
1791391413,730691,27224,369284,93840,3580,216360,77.25359911406423
1791391419,733319,28096,370908,93840,3580,216488,75.89967284623773
1791391425,729959,26772,369004,93840,3580,216360,75.4517408550022
1791391430,730339,26692,369432,93840,3612,216356,59.921841076856275
1791391436,731163,27292,369516,93840,3612,216488,69.7594501718213
1791391442,731699,27508,369836,93840,3612,216488,61.51180420186269
1791391448,731371,27592,369428,93840,3612,216488,67.13164777680906
1791391454,733135,28276,369824,93840,3612,217160,62.8632938643703
1791391460,731115,26672,369536,93840,3616,217032,71.81021585808934
1791391466,733751,27060,369720,93840,3628,219080,66.09145815358067
1791391472,732927,27724,370840,93840,3604,216488,69.22744928787225
1791391477,730871,26824,369680,93840,3608,216488,62.75521169138191
1791391483,730743,26808,369572,93840,3608,216488,73.10255858955064
1791391489,731273,27092,369752,93840,3576,216616,63.02611698683358
1791391495,730657,26488,369740,93840,3576,216616,61.84154175588865
1791391501,731897,27352,370112,93840,3576,216616,66.32302405498281
1791391507,730617,26692,369620,93840,3580,216488,62.430703624733475
1791391513,733285,27040,369760,93840,3580,218664,71.80370210934137
1791391519,731795,27196,370396,93840,3580,216360,79.91218441273325
1791391525,731711,27144,370236,93840,3580,216488,77.94783358482431
1791391531,732067,27544,370192,93840,3584,216488,73.53132451766746
1791391536,731971,27524,370172,93840,3584,216616,76.05817234642934
1791391542,730555,26712,369700,93840,3584,216488,69.83021332172399
1791391548,731619,27244,370100,93840,3584,216616,60.50420168067227
1791391554,731583,26688,370620,93840,3584,216616,63.703064307293914
1791391560,731915,26828,370812,93840,3584,216616,72.64883520276099
1791391566,731367,26552,370544,93840,3584,216616,62.10279377265942
1791391572,731907,26988,370648,93840,3584,216616,61.08039132284134
1791391578,731543,26648,370624,93840,3584,216616,71.89259419662191
1791391584,731535,26724,370668,93840,3584,216488,61.64412964155398
1791391589,731653,26860,370672,93840,3584,216488,62.37346543183286
1791391595,733845,28212,371504,93840,3584,216488,76.87379884689301
1791391601,731969,27160,370684,93840,3584,216488,75.24157182735667
1791391607,733841,26928,370864,93840,3584,218408,74.89658175484433
1791391613,732213,27004,370764,93840,3584,216616,74.74528506394971
1791391619,732739,27208,371064,93840,3584,216616,69.80802792321117
1791391625,731343,26660,370220,93840,3584,216616,63.524416135881104
1791391631,731443,26296,370684,93840,3584,216616,58.591065292096225
1791391637,731343,26324,370684,93840,3584,216488,58.21678321678322
1791391642,731835,26804,370696,93840,3584,216488,66.37781629116117
1791391648,733003,27240,371296,93840,3584,216616,69.08853600174027
1791391654,732863,27288,371236,93840,3584,216488,62.05704407951599
1791391660,732775,27368,370924,93844,3584,216616,72.82117495158167
1791391666,732315,27400,370628,93828,3584,216616,63.650273224043715
1791391672,733259,27848,370580,93828,3584,217160,65.33795493934143
1791391678,731887,26636,370676,93828,3584,216904,75.23992322456814
1791391684,732335,26948,370684,93828,3584,217032,75.8130519060952
1791391689,734399,27228,370676,93840,3584,218808,70.406852248394
1791391695,732041,26840,370920,93840,3584,216616,71.11501316944688
1791391701,732357,27512,370692,93840,3584,216488,78.19811939645747
1791391707,731383,26520,370556,93840,3584,216616,61.085874972961285
1791391713,732039,26840,370864,93840,3608,216616,69.07980811164414
1791391719,731699,26884,370612,93840,3608,216488,76.56420318290822
1791391725,732243,27112,370796,93840,3608,216616,74.22145328719724
1791391731,734271,27228,370788,93840,3608,218536,72.75869518254483
1791391736,732015,26944,370740,93840,3608,216616,74.6069351712255
1791391742,733303,27716,371252,93840,3608,216616,75.77666739083206
1791391748,732219,27128,370884,93840,3608,216488,72.07678883071553
1791391754,733695,27220,371780,93840,3608,216972,60.727195407186905
1791391760,734111,27352,371936,93840,3608,217100,72.80513918629549
1791391766,735047,27768,372456,93840,3608,217100,74.93938726030417
1791391772,732775,26592,371516,93840,3584,216972,70.03484320557492
1791391778,733711,27172,371868,93840,3584,216972,64.80494564058836
1791391784,735467,27704,372936,93840,3700,216972,69.59547629404089
1791391789,733815,26920,372060,93840,3700,216972,65.88845654993514
1791391795,733537,26976,371880,93840,3700,216840,62.02477573686459
1791391801,736027,27944,373108,93840,3704,217100,63.73673955401602
1791391807,739171,28524,373496,93840,3704,219276,75.42610571736785
1791391813,734791,27528,372220,93840,3708,216972,77.68666378938282
1791391819,735275,27560,372544,93840,3708,217100,61.89555125725339
1791391825,735251,27796,372416,93840,3708,216972,71.01917690152985
1791391831,739115,28384,373404,93840,3708,219256,67.88194444444444
1791391836,738487,26720,372520,93840,3712,221176,61.47278548559232
1791391842,737111,27184,372724,93840,3712,219128,67.82307025151778
1791391848,737759,27552,373004,93840,3712,219128,68.13610100577787
1791391854,735631,26956,372416,93840,3716,218184,62.12581344902386
1791391860,734667,26820,372668,93840,3716,217100,61.59184558664064
1791391866,734167,26736,372384,93840,3716,216972,64.31305827307528
1791391872,734811,27228,372408,93840,3716,217100,76.35499892031959
1791391878,734639,27156,372308,93840,3716,217100,71.67235494880546
1791391884,734275,26764,372464,93840,3716,216972,72.58587167854829
1791391890,734267,26828,372392,93840,3716,216972,70.79494321834154
1791391895,734533,27144,372364,93840,3716,216972,78.06593406593406
1791391901,735095,27904,372012,93840,3716,217100,68.11468288444831
1791391907,734043,26912,371952,93840,3716,217100,71.13024757804091
1791391913,733935,26788,371968,93840,3716,217100,60.51724137931035
1791391919,734007,26928,371900,93840,3716,217100,71.17621714778113
1791391925,734059,26848,372032,93840,3716,217100,57.862728062554304
1791391931,733459,26452,371956,93840,3716,216972,63.98631308810949
1791391937,734115,26896,372164,93840,3716,216972,66.03611349957008
1791391943,736279,28084,373136,93840,3720,216972,62.36003445305771
1791391948,734655,27016,372580,93840,3720,216972,59.800382246761515
1791391954,734035,26824,372156,93840,3720,216972,71.21866897147797
1791391960,734783,27484,372296,93840,3680,216972,60.83584661783714
1791391966,733831,26696,372136,93840,3680,216972,58.790856654561
1791391972,734419,27108,372308,93840,3680,216972,67.9245283018868
1791391978,734423,26772,372524,93840,3680,217100,70.04057228272474
1791391984,734299,26952,372220,93840,3680,217100,68.53637160385627
1791391990,734615,27064,372420,93840,3680,217100,73.35640138408304
1791391996,734349,26996,372248,93840,3680,217100,60.833873406783326
1791392002,734531,26716,372812,93840,3680,216972,61.40577835273825
1791392007,734367,26976,372392,93840,3680,216972,59.43253194715184
1791392013,734119,26844,372444,93840,3704,216972,71.34199134199135
1791392019,734655,26952,372908,93840,3584,217100,71.4938030006523
1791392025,735455,27100,373556,93840,3584,217100,64.16648601777585
1791392031,734815,26688,373332,93840,3584,217100,62.08350906790384
1791392037,750807,34540,381232,93840,3684,217232,75.75496117342536
1791392043,732855,28132,369836,93840,3684,217104,67.25893824485374
1791392049,728003,26688,366536,93840,3684,216976,72.3292469352014
1791392054,728095,26744,366572,93840,3684,216976,67.47404844290658
1791392060,728363,27204,366380,93840,3684,216976,73.7070838765754
1791392066,730063,26800,366436,93840,3684,219024,70.5324423367105
1791392072,730191,27000,366424,93840,3632,219024,73.29032258064517
1791392078,730239,27048,366420,93840,3632,219024,78.07439824945295
1791392084,727775,26716,366340,93840,3632,216976,76.72395501803521
1791392090,727887,26808,366360,93840,3632,216976,61.142121082009446
1791392096,727669,26720,366380,93840,3632,216848,60.008646779074795
1791392102,727487,26628,366340,93840,3564,216844,73.08855291576674
1791392107,727379,26524,366204,93840,3564,216976,60.1847778266608
1791392113,728059,26740,366668,93840,3564,216976,62.710751040070065
1791392119,727903,26492,366760,93840,3564,216976,66.20808254514188
1791392125,728707,27300,366756,93840,3564,216976,63.041631265930334
1791392131,727919,26456,366812,93840,3564,216976,61.350762527233115
1791392137,728271,26752,366868,93840,3564,216976,60.26332829699979
1791392143,727835,26320,366864,93840,3564,216976,72.91399229781771
1791392149,728643,26848,366948,93840,3564,216976,60.36767849508337
1791392154,728291,26576,366868,93840,3564,216976,73.20034692107545
1791392160,728523,26780,366892,93840,3564,216976,60.055926005592596
1791392166,729879,28152,366880,93840,3564,216976,64.26592797783933
1791392172,732179,28348,366932,93840,3564,219024,63.50317078504264
1791392178,729651,27952,366724,93840,3564,217104,70.55280705528071
1791392184,730099,28284,366968,93840,3564,216976,72.75892080069626
1791392190,732163,29876,367276,93840,3592,217104,73.1844786473011
1791392196,733157,29132,369276,93840,3636,216976,74.59086993970715
1791392202,730781,27656,368368,93840,3644,216976,70.94639311714097
1791392207,731243,28468,368104,93828,3644,216848,63.494772775762755
1791392213,733963,28408,368580,93828,3644,219152,69.67177242888403
1791392219,735651,27924,368700,93828,3644,221208,71.65217391304348
1791392225,731747,28080,368744,93828,3644,217104,69.21075455333911
1791392231,731887,28212,368748,93828,3648,217104,67.9049676025918
1791392237,731963,28060,368972,93828,3648,217104,82.6997009824861
1791392243,731843,28328,368716,93828,3648,216976,72.61698440207972
1791392249,731483,28104,368704,93828,3648,216848,76.29000653167864
1791392255,732275,28676,368792,93832,3648,216976,72.3431227551236
1791392260,732063,28480,368752,93832,3672,216976,75.5756401979772
1791392266,732247,28500,368764,93832,3680,217104,75.47826086956522
1791392272,731911,27988,368936,93832,3684,217104,78.22685788787483
1791392278,730543,26712,368844,93832,3684,217104,65.61350357065571
1791392284,730447,26532,368928,93832,3684,217104,65.2676659528908
1791392290,733247,27204,369004,93832,3688,219152,63.43014627941488
1791392296,731123,27236,368896,93832,3688,217104,71.09189189189189
1791392302,731211,27256,369092,93832,3688,216976,70.81796485137774
1791392308,733235,27276,369176,93832,3688,218896,70.56286392063834
1791392313,731787,27572,369328,93832,3712,216976,66.17837139164153
1791392319,731219,27188,369144,93832,3712,216976,64.6603611349957
1791392325,731759,27224,369436,93828,3712,216976,81.10918544194108
1791392331,732403,28128,369176,93828,3712,216976,75.85313174946005
1791392337,732299,27620,369448,93828,3716,217104,61.80480415494481
1791392343,731975,27472,369268,93828,3716,217104,66.68106240552797
1791392349,731639,27208,369324,93828,3716,216976,63.31550802139038
1791392355,731567,27324,369008,93828,3716,217104,70.84048027444254
1791392361,734163,27436,369440,93828,3716,219156,63.979416809605496
1791392367,731967,27636,369096,93828,3716,217104,68.75529212531752
1791392373,731763,27880,368804,93828,3692,216976,65.2991452991453
1791392379,735003,28952,368920,93828,3692,219024,68.56649395509498
1791392384,736391,29156,368744,93828,3692,220388,65.58791801510249
1791392390,734751,28576,369340,93828,3696,218724,71.5986394557823
1791392396,734797,28988,369804,93828,3696,217916,69.6949747640992
1791392402,734761,28512,369136,93828,3696,219024,63.903800730083745
1791392408,733319,28724,369380,93828,3696,217104,68.02250108178278
1791392414,735911,29320,369476,93828,3696,219004,67.12446351931331
1791392420,735291,28420,369628,93828,3696,219132,73.81416504223522
1791392426,733215,27692,369212,93828,3696,218200,65.90860330401202
1791392432,733371,28468,369812,93828,3696,216976,61.87845303867403
1791392438,733555,28960,369712,93828,3640,216848,67.95366795366795
1791392443,732647,28204,369432,93828,3640,216976,72.27467811158799
1791392449,734911,28396,369456,93828,3640,219024,66.90723837826363
1791392455,733307,28884,369540,93828,3640,216848,62.8632938643703
1791392461,736079,29084,369912,93828,3664,219024,68.46303082560897
1791392467,735899,29668,370524,93828,3664,217648,69.80802792321117
1791392473,733259,26984,370568,93828,3664,217648,61.85478689226815
1791392479,733007,26924,370372,93828,3664,217648,60.90750436300174
1791392485,733287,27456,370584,93828,3664,217376,66.39291117354658
1791392491,732395,26984,370564,93828,3664,216976,70.79037800687286
1791392496,732981,27424,370732,93828,3664,216976,66.49350649350649
1791392502,732673,27392,370328,93828,3664,217104,64.2749731471536
1791392508,732639,27180,370484,93828,3664,217104,66.29550321199143
1791392514,732299,27164,370160,93828,3664,217104,67.20208378554375
1791392520,732327,27000,370352,93828,3664,217104,73.97554172924265
1791392526,734267,27044,370228,93828,3640,219152,68.08877397112691
1791392532,733055,27284,370820,93828,3640,217104,63.82702702702703
1791392538,732071,26972,370152,93828,3640,217104,67.2719412019023
1791392544,732443,27252,370496,93828,3640,216848,69.73656029128293
1791392550,734311,27884,371604,93828,3640,216976,66.75335934113568
1791392555,732911,27068,370896,93828,3640,217104,66.12139474817047
1791392561,733187,27172,371192,93828,3640,216976,62.174381054897744
1791392567,735555,27312,371372,93828,3640,219024,64.9587494572297
1791392573,733839,27348,371540,93828,3640,217104,77.27659574468085
1791392579,733239,27008,371280,93828,3640,217104,69.0584909762992
1791392585,733243,26924,371372,93828,3640,217104,68.78375459062433
1791392591,733023,26904,371300,93828,3640,216976,72.43010752688171
1791392597,733747,27504,371424,93828,3640,216976,67.13043478260869
1791392602,732785,27208,370784,93828,3640,216976,69.03991370010787
1791392608,734921,26840,371236,93828,3640,219024,58.76574845184711
1791392614,733657,27116,371612,93828,3640,217104,65.18391787852865
1791392620,733807,27320,371536,93828,3640,217104,72.48850952068287
1791392626,733535,27208,371504,93828,3640,216976,62.678305301256124
1791392632,735399,26936,371596,93828,3640,219024,64.39574745064004
1791392638,733797,27272,371596,93828,3644,217104,75.8096066072593
1791392644,733425,26876,371620,93828,3644,217104,64.34782608695652
1791392649,733265,26880,371584,93828,3644,216976,61.36560069144339
1791392655,734109,27708,371596,93828,3644,216976,66.7531344574146
1791392661,733849,27012,371908,93828,3644,217104,71.08799306458604
1791392667,735475,28192,372328,93828,3644,217104,68.92413201885984
1791392673,734787,27496,372340,93828,3644,217104,67.38847986141187
1791392679,734355,27364,371984,93828,3684,217104,70.91703056768559
1791392685,736203,27008,372248,93828,3688,219024,63.30196749358426
1791392691,734591,27276,372416,93828,3688,216976,60.03430531732419
1791392697,733999,26924,372176,93828,3688,216976,65.44671689989235
1791392702,734237,27192,372168,93828,3688,216976,62.73504273504273
1791392708,734541,27256,372276,93828,3692,217104,64.64293513867658
1791392714,735065,27576,372604,93828,3696,216976,64.97373029772329
1791392720,736903,26992,375004,93828,3700,216976,69.35413957520589
1791392726,736571,27288,374244,93828,3700,217104,62.799223635971536
1791392732,735467,26780,373776,93828,3700,216976,62.28282383989444
1791392737,737131,27756,374440,93828,3700,216976,68.46689895470384
1791392743,737335,27676,374392,93828,3620,217232,70.53118800969804
1791392749,736615,27284,374188,93828,3620,217104,63.993210269467426
1791392755,736151,27120,374016,93828,3620,216976,69.56521739130434
1791392761,737063,27704,374320,93828,3644,216976,63.69371329127692
1791392767,738147,28376,374032,93828,3664,217648,63.63440396637207
1791392773,737347,28188,373556,93828,3664,217520,63.198791279948196
1791392779,737723,28072,373912,93828,3664,217648,71.29728574481727
1791392784,736899,28244,373592,93828,3664,216976,64.90208736819454
1791392790,737603,28908,373628,93828,3664,216976,65.40222367560497
1791392796,738039,28684,374288,93828,3664,216976,61.59184558664064
1791392802,736985,27972,373972,93828,3664,216976,63.2213608957795
1791392808,737349,28072,374104,93828,3664,217104,62.592110966623316
1791392814,737473,28044,374256,93828,3664,217104,74.24472940665073
1791392820,736915,27820,374032,93828,3664,216976,62.50809410748974
1791392826,737951,28428,374608,93828,3640,216848,65.36898395721926
1791392831,737787,28440,374304,93828,3640,216976,64.33203631647211
1791392837,739039,29112,374884,93828,3640,216976,65.45298779181837
1791392843,737707,28392,374492,93828,3576,216848,62.857142857142854
1791392849,739855,28240,374612,93828,3576,219024,64.60158085879085
1791392855,737759,28200,374604,93828,3576,216976,62.31505657093125
1791392861,737443,28176,374316,93828,3576,216976,67.57349714787188
1791392867,737911,28448,374512,93828,3576,216976,70.6848131345863
1791392873,737047,27152,374944,93828,3576,216976,65.02251769247266
1791392879,736995,26968,375272,93828,3576,216976,62.4027657735523
1791392884,736555,27272,374648,93828,3580,216848,63.655913978494624
1791392890,736619,27312,374416,93828,3580,217104,69.0721649484536
1791392896,736483,27236,374356,93828,3580,217104,70.8838821490468
1791392902,736269,26904,374496,93828,3580,217104,59.97814207650273
1791392908,736511,27312,374308,93828,3580,217104,62.822719449225474
1791392914,736423,26904,374632,93828,3580,217104,60.96211153682418
1791392920,736315,27172,374384,93828,3580,216976,61.80631120783461
1791392926,737007,27412,374764,93828,3652,216976,61.815840309079206
1791392931,736075,26820,374272,93828,3652,217104,62.12088621208862
1791392937,736487,27128,374376,93828,3652,217104,59.66803190342746
1791392943,736359,27064,374440,93828,3652,216976,70.75306479859896
1791392949,736027,26676,374368,93828,3652,217104,60.04717992708557
1791392955,735839,26684,374300,93828,3652,216976,60.30820491461891
1791392961,742391,26908,374468,93828,3660,223128,58.48156182212582
1791392967,736463,27036,374432,93828,3660,217104,70.75780738152434
1791392973,736999,26772,375236,93828,3660,217104,59.3663618966617
1791392979,739651,27692,375176,93828,3660,218896,63.72613561553654
1791392985,737939,28132,375452,93828,3296,216976,63.202725724020446
1791392990,738551,28708,375408,93828,3368,216976,71.94676969306718
1791392996,738931,28836,375584,93828,3392,216976,68.56649395509498
1791393002,738129,28328,375308,93828,3396,216976,63.83996520982822
1791393008,738471,28324,375376,93828,3400,217232,60.06884681583477
1791393014,738611,28396,375564,93828,3404,217104,64.40751133175048
1791393020,738411,28472,375292,93828,3404,217104,62.59378349410504
1791393026,739307,28772,375684,93828,3404,217104,66.86465846414934
1791393032,738515,28420,375336,93828,3432,216976,61.84323858742463
1791393038,741967,27872,375224,93828,3436,221080,69.66243818533648
1791393044,738203,28392,375168,93828,3440,216848,63.437633947706814
1791393049,738459,28372,375184,93828,3440,217104,64.02081977878986
1791393055,738363,28480,375244,93828,3440,216844,59.858095033326165
1791393061,740311,28492,375248,93828,3444,218764,66.40658864325964
1791393067,738379,28168,375396,93828,3472,216976,59.450171821305844
1791393073,738647,28364,375472,93828,3472,216976,73.58531789381692
1791393079,737247,27156,375280,93828,3472,216976,61.085874972961285
1791393085,738519,26552,377284,93828,3472,216848,74.78900670850466
1791393091,739547,27484,377248,93828,3472,216976,61.35129263523788
1791393096,738955,27312,376832,93828,3472,216976,72.4221682490616
1791393102,738505,26908,376676,93828,3472,217104,63.80263717566993
1791393108,739749,27284,377672,93828,3472,216976,66.78082191780823
1791393114,739973,27992,376968,93828,3636,216976,62.98940082197707
1791393120,742011,27924,376856,93828,3644,219152,66.23320329432163
1791393126,741483,28488,377828,93828,3624,217104,65.09820850420893
1791393132,740751,28128,377584,93828,3624,216976,69.05226631967035
1791393138,742087,27904,377092,93832,3624,219024,69.76041441830347
1791393143,740387,28108,377236,93832,3624,216976,65.732154410179
1791393149,741355,28752,377684,93832,3628,216848,61.84323858742463
1791393155,744767,29044,378624,93832,3632,219024,67.44086021505376
1791393161,742447,28900,378368,93832,3632,217104,65.40120793787749
1791393167,744723,29036,378588,93832,3632,219024,70.06039689387403
1791393173,743055,29208,378668,93832,3632,217104,66.75202731540759
1791393179,742855,29008,378892,93840,3600,217104,70.63866266609516
1791393185,740907,27924,378028,93840,3600,217104,65.42496253478912
1791393191,742287,28748,378712,93840,3600,216976,71.34199134199135
1791393196,742115,28928,378360,93840,3600,216976,71.39469713300281
1791393202,741853,28748,378168,93844,3600,217104,67.31728475384949
1791393208,743977,29496,378716,93844,3600,217932,69.97840172786177
1791393214,743883,28092,379728,93844,3624,218188,73.21160042964554
1791393220,743991,27316,378560,93844,3624,220236,62.95817162570073
1791393226,741107,27136,378444,93840,3624,217648,68.29054202326091
1791393232,739751,26708,378056,93840,3632,217104,63.84168638416864
1791393238,739763,26764,378140,93840,3632,216976,67.29939603106126
1791393243,740355,27160,378332,93840,3632,216976,65.64364876385336
1791393249,740155,27140,378152,93840,3636,216976,65.0571791613723
1791393255,740067,27032,378172,93840,3636,216976,62.43478260869565
1791393261,740299,27212,378096,93840,3636,217104,70.59843885516045
1791393267,739899,26876,378032,93840,3636,217104,59.893048128342244
1791393273,740215,27088,378152,93840,3616,217104,62.39793725827245
1791393279,739591,26740,377868,93840,3620,217104,62.532299741602074
1791393285,739319,26800,377536,93840,3620,217104,63.080578958738386
1791393291,740291,27164,378140,93840,3620,217104,62.71113035946298
1791393297,742475,27256,378312,93840,3620,219024,69.55024747148698
1791393303,742189,27108,378196,93840,3620,219024,62.326388888888886
1791393308,739617,26856,377928,93840,3620,216976,62.613195342820184
1791393314,739469,27384,377796,93840,3324,216848,60.111635895234
1791393320,740223,27992,377784,93840,3324,216976,62.406497114768115
1791393326,744739,28532,379428,93840,3356,219260,65.25731368780696
1791393332,742459,26836,379064,93840,3388,219004,67.5257731958763
1791393338,742731,27028,379044,93840,3472,219004,67.97608881298036
1791393344,743323,27288,379192,93840,3484,219132,64.75195822454309
1791393350,743727,26820,379216,93840,3484,219980,59.94741454864154
1791393356,740303,26680,379064,93840,3484,216848,65.64551422319475
1791393361,740663,27196,378908,93840,3488,216848,68.91123742894621
1791393367,740319,26864,378900,93840,3488,216844,64.04131697869593
1791393373,742815,27016,378996,93840,3488,218896,60.73118279569892
1791393379,740691,26892,378916,93840,3488,216976,70.97195042400521
1791393385,741231,26956,379384,93840,3492,216976,59.68586387434554
1791393391,741007,27072,379168,93840,3496,216848,69.64870172376173
1791393397,741007,26940,379296,93840,3500,216848,60.82672949239666
1791393402,742601,26720,378956,93840,3504,219024,61.6580310880829
1791393408,740593,26716,379000,93840,3504,216976,58.23754789272031
1791393414,741577,27428,379268,93840,3504,216976,74.52538631346577
1791393420,740645,26628,379136,93840,3508,216976,59.195525919552594
1791393426,741475,27092,379348,93840,3508,217104,62.29997866439086
1791393432,743155,27068,379008,93840,3508,219152,62.56789050619162
1791393438,741107,26816,379256,93840,3508,217104,69.20119607005553
1791393444,741583,26684,379612,93840,3508,217360,64.8278811203763
1791393450,741307,26700,379624,93840,3472,217104,61.722590297072024
1791393456,741683,27224,379480,93840,3472,217104,62.58915063756213
1791393461,741439,26756,379572,93840,3472,217232,60.043010752688176
1791393467,743311,27668,380660,93840,3472,217104,58.99094437257438
1791393473,741455,27032,379312,93840,3472,217236,61.4596670934699
1791393479,741483,27064,379176,93840,3472,217360,59.09479077711358
1791393485,741487,26796,379444,93840,3472,217364,68.10344827586206
1791393491,741667,26920,379500,93840,3472,217364,60.39030666952606
1791393497,741935,27044,379648,93840,3472,217360,65.10226049515609
1791393503,742247,26908,379836,93840,3472,217620,60.520094562647756
1791393509,741769,26556,379864,93840,3472,217488,67.02843499023226
1791393515,742877,27320,380152,93840,3528,217488,69.48316534419902
1791393521,742297,26804,380020,93840,3572,217492,63.104325699745544
1791393526,745565,27672,380552,93840,3572,219536,63.26618088298328
1791393532,743375,27560,380368,93840,3572,217620,64.15910073497622
1791393538,742363,26936,380104,93840,3576,217492,61.29734436221158
1791393544,742231,26772,380012,93840,3576,217620,62.745098039215684
1791393550,741983,26912,379608,93840,3584,217620,72.472647702407
1791393556,742247,26916,379868,93840,3584,217620,67.91141988710378
1791393562,742339,26752,380252,93840,3588,217492,64.98795708342456
1791393568,741799,26848,379620,93840,3588,217488,63.87570133793699
1791393573,747879,26984,381348,93840,3564,221724,62.018189692507576
1791393579,743915,27028,381572,93840,3568,217488,62.80633268271525
1791393585,743519,26624,381584,93840,3568,217488,58.075601374570454
1791393591,744723,26888,382520,93840,3568,217488,66.98648059310946
1791393597,746463,28160,382660,93840,3568,217616,63.4619530071136
1791393603,745367,27556,382424,93840,3568,217356,65.35211267605634
1791393609,745657,27780,382384,93840,3568,217488,60.566731559593336
1791393614,746841,28076,383144,93840,3568,217616,65.1685393258427
1791393620,746469,27884,383092,93840,3568,217488,60.58519793459553
1791393626,748539,28180,384144,93840,3336,218512,69.80442725123575
1791393632,750347,27976,383984,93840,3336,220688,66.88269604666235
1791393638,748759,28324,384124,93840,3416,218512,71.92755498059509
1791393644,750867,28336,384000,93840,3432,220688,63.675582398619504
1791393650,748071,27476,384112,93840,3432,218640,63.199129488574535
1791393656,748163,27700,384108,93840,3432,218512,62.295081967213115
1791393661,748747,28140,384248,93840,3432,218512,65.00857632933105
1791393667,748783,28236,384188,93840,3432,218512,72.71145901282887
1791393673,749191,28320,384488,93840,3448,218512,67.29298667249289
1791393679,749703,28632,384888,93840,3448,218512,68.75
1791393685,750945,28172,384388,93840,3628,220560,66.03119584055459
1791393691,750413,28912,384924,93840,3640,218640,63.94499355393211
1791393697,755033,28892,385352,93840,3640,222848,65.79861111111111
1791393703,750849,27172,384940,93840,3640,220800,65.34140017286084
1791393708,750257,26784,384860,93840,3640,220672,67.53472222222221
1791393714,750865,27624,385448,93840,3640,219852,65.1360544217687
1791393720,749185,27380,385220,93840,3640,218644,65.53136451821513
1791393726,750817,26960,385096,93840,3640,220820,61.03729104157737
1791393732,749265,27244,385300,93840,3644,218776,62.061451296578774
1791393738,749015,27016,385252,93840,3648,218776,59.70149253731343
1791393744,750763,26952,385916,93840,3648,219928,65.48596112311014
1791393750,751895,27700,386292,93840,3648,219932,67.87878787878789
1791393756,751439,27356,386308,93840,3648,219804,63.22084579239641
1791393762,751995,28020,386200,93840,3652,219800,67.73218142548596
1791393768,752715,28144,386256,93840,3652,220340,65.06689318326609
1791393773,751307,26904,386088,93840,3652,220340,61.813537675606646
1791393779,750903,27008,385712,93840,3652,220212,75.27801539777587
1791393785,750935,27404,385632,93840,3652,219928,64.39361242986621
1791393791,751599,28104,385592,93840,3652,219928,64.19753086419753
1791393797,752003,28468,385760,93840,3652,219800,70.48231511254019
1791393803,752331,28256,385916,93840,3652,220188,66.89655172413794
1791393809,752039,28060,385820,93840,3652,220184,64.82315112540194
1791393815,752099,28116,385800,93840,3676,220184,65.99562363238512
1791393821,751583,27724,385728,93840,3644,220184,62.84722222222222
1791393827,752351,28044,386424,93840,3644,219932,71.47470398277717
1791393832,752267,28100,386288,93840,3644,219928,68.25465569510611
1791393838,751883,28308,385700,93840,3644,219928,65.6472108550506
1791393844,754491,28608,385956,93840,3644,221976,60.45907319185795
1791393850,752371,28236,386132,93840,3644,220056,61.11350884764782
1791393856,752123,28120,386000,93840,3644,220056,71.03373231773668
1791393862,752799,28228,386436,93840,3644,220184,73.8488271068636
1791393868,752435,28304,386124,93840,3644,220056,62.27544910179641
1791393874,754919,29564,387372,93840,3620,220056,75.9493670886076
1791393879,757163,29708,386624,93840,3620,222904,77.65472312703582
1791393885,753115,28048,386652,93840,3632,220468,65.48289302728453
1791393891,753267,27648,387076,93840,3632,220600,63.583061889250814
1791393897,752447,27280,386496,93840,3632,220728,63.085517834121184
1791393903,752515,27464,386920,93840,3632,220188,71.44998929106875
1791393909,752055,26704,386968,93840,3632,220444,70.47535979066724
1791393915,752347,26820,387140,93840,3632,220444,59.619901772368145
1791393921,752327,26876,387196,93840,3632,220312,65.21832652183265
1791393927,753911,27404,387992,93840,3632,220572,64.67939095003217
1791393932,753835,27396,387928,93840,3632,220568,65.27088279732355
1791393938,753107,27116,387480,93840,3632,220572,68.09261300992281
1791393944,753857,27292,387944,93840,3632,220700,67.68832290092813
1791393950,753971,27504,387816,93840,3632,220700,70.82880139221231
1791393956,753255,27080,387636,93840,3556,220700,73.22970639032815
1791393962,753279,26852,387884,93840,3556,220700,57.83760312635693
1791393968,753251,27056,387500,93840,3580,220828,63.59244620114185
1791393973,753883,27368,387820,93840,3580,220828,67.11120671112067
1791393979,753411,27176,387420,93840,3580,220952,70.66895368782161
1791393985,753655,27476,387804,93840,3268,220956,71.25081859855926
1791393991,752791,27052,387476,93840,3284,220824,66.83848797250859
1791393997,753279,27248,387560,93840,3344,220952,61.31324004305705
1791394003,754795,27680,388384,93840,3376,220956,64.55777921239509
1791394009,753663,26924,388000,93840,3380,220956,66.58019887591871
1791394015,753747,26924,388208,93840,3380,220828,69.59547629404089
1791394021,753871,27200,388064,93840,3380,220824,65.93689632968449
1791394026,755919,27240,387916,93840,3356,223004,65.91500433651343
1791394032,754859,27320,388308,93840,3356,221468,64.08934707903781
1791394038,756019,26944,388060,93840,3356,223256,66.00773528147829
1791394044,755659,27764,388924,93840,3356,221208,61.432566143256615
1791394050,754283,27036,387980,93840,3480,221336,63.817663817663814
1791394056,754655,27236,388008,93840,3480,221468,64.30423509075194
1791394062,754475,26900,388168,93840,3480,221464,71.8409236690186
1791394068,754379,26976,388124,93840,3480,221336,63.72443487621098
1791394074,754215,26824,388112,93840,3480,221336,69.41798941798942
1791394080,754523,27196,388044,93840,3480,221336,67.57871878393051
1791394085,754239,27016,388068,93840,3480,221208,64.68817204301075
1791394091,756035,26892,387940,93840,3480,223256,68.71794871794872
1791394097,756203,27584,389204,93828,3480,221464,65.6472108550506
1791394103,755871,27348,388980,93828,3480,221592,61.80631120783461
1791394109,755939,27616,388780,93828,3480,221592,68.54197981533176
1791394115,756687,27916,388688,93828,3484,222132,70.60884800700832
1791394121,755471,26836,388680,93828,3484,222004,62.73158121499354
1791394127,755851,27052,388836,93832,3484,222004,64.92056676685273
1791394133,755575,27132,388756,93832,3484,221732,71.23406094661769
1791394138,755307,27156,388848,93832,3496,221332,72.94675576632895
1791394144,755827,27368,388884,93832,3500,221592,66.26712328767124
1791394150,755295,26908,388812,93828,3500,221592,67.98179059180576
1791394156,757363,26928,388812,93828,3500,223640,62.76896326885459
1791394162,756455,26704,389532,93828,3500,222236,60.06884681583477
1791394168,758935,27352,389312,93828,3504,224284,61.813537675606646
1791394174,759243,27324,389648,93828,3504,224280,61.286851732300406
1791394180,759219,27672,389404,93828,3504,224152,66.34740966478014
1791394186,759643,28288,389644,93828,3504,223720,70.58313461955343
1791394191,761007,27220,389904,93828,3504,225896,71.86147186147186
1791394197,760643,27168,389712,93828,3504,225772,61.095352389264676
1791394203,757075,26668,389500,93828,3504,222920,63.18952564928097
1791394209,757059,27116,389852,93828,3504,222100,63.958736299161835
1791394215,756551,27000,389452,93832,3504,222104,67.19384483864074
1791394221,757519,27120,389912,93832,3504,222488,66.6522397749405
1791394227,758127,27172,390080,93832,3504,222876,75.06000436395375
1791394233,758199,27196,390128,93832,3504,222876,63.3697281096125
1791394239,757523,26652,390004,93832,3504,222872,63.80891448069951
1791394244,757979,27200,389900,93832,3504,222880,68.02313129149711
1791394250,757543,26792,389872,93832,3504,222880,66.75335934113568
1791394256,758307,27252,390176,93828,3504,222876,59.24657534246576
1791394262,757743,26936,389932,93828,3504,222876,72.9952319029042
1791394268,758299,27280,390248,93828,3528,222744,60.67079683828241
1791394274,757747,26928,389916,93828,3528,222876,75.54312755431275
1791394280,759419,27876,390496,93840,3528,223008,61.61812297734628
1791394286,758075,26904,390124,93840,3528,223008,62.36699239956569
1791394292,761891,26784,390088,93840,3528,226980,70.15437392795883
1791394298,758435,26904,390688,93840,3480,222876,71.46529562982005
1791394304,758527,27316,390680,93840,3268,222872,69.18075422626788
1791394309,758663,27304,390816,93840,3272,222880,65.85625933034763
1791394315,758215,27128,390552,93840,3272,222876,64.17297297297297
1791394321,758799,27276,390856,93840,3272,223004,62.88816503800218
1791394327,759103,27504,391084,93840,3248,222876,70.6083976006855
1791394333,758239,27240,390340,93840,3264,223008,75.34722222222221
1791394339,759267,27548,391012,93840,3292,223008,61.31573344688099
1791394345,758087,26936,390420,93840,3312,223008,65.02377864245568
1791394351,758911,27124,391008,93840,3340,223008,71.93932827735645
1791394357,758867,27100,391052,93840,3388,222880,64.31202600216685
1791394362,758287,27076,390484,93840,3392,222876,59.95235001082955
1791394368,758519,27032,390760,93840,3392,222876,70.45354469396742
1791394374,758687,26900,390924,93840,3392,223008,67.24983998293152
1791394380,758663,26912,390896,93840,3392,223004,63.015492035784426
1791394386,760807,26972,390932,93840,3392,225052,62.01684301446772
1791394392,758423,26664,390896,93840,3392,223008,67.81411359724613
1791394398,761467,26732,391700,93840,3392,225180,64.27645788336933
1791394404,762403,27680,391688,93840,3392,225184,66.49528706083976
1791394409,764799,27988,391724,93840,3392,227232,68.65992686599269
1791394415,762943,28156,391624,93840,3392,225312,66.82413570968436
1791394421,762931,28132,391892,93840,3392,225052,65.06437768240343
1791394427,764515,27840,391720,93840,3392,227100,73.370738023306
1791394433,762579,28000,391676,93840,3392,225052,62.96928327645052
1791394439,762487,27756,391700,93840,3392,225180,69.41431670281996
1791394445,762625,28036,391576,93840,3392,225180,63.26919010361599
1791394451,763397,27544,392704,93840,3392,225312,66.54991243432575
1791394457,763385,27884,392616,93840,3392,225052,66.03119584055459
1791394462,764115,28128,392816,93840,3392,225312,66.900790166813
1791394468,763823,28172,392748,93840,3392,225048,64.25772747061384
1791394474,763875,27932,392900,93840,3392,225184,66.61016949152543
1791394480,764627,28400,393076,93840,3472,225180,63.1578947368421
1791394486,764943,28468,393188,93840,3472,225308,66.21054954756124
1791394492,766359,29204,393996,93840,3472,225180,65.7439446366782
1791394498,768335,29456,393692,93840,3472,227208,68.32863646217213
1791394503,768831,27524,394080,93840,3472,229252,66.62340471555267
1791394509,766559,27292,394084,93840,3472,227204,66.69569003047454
1791394515,767555,27868,394508,93840,3472,227200,64.1599652249511
1791394521,767227,28268,394588,93840,3472,226392,78.60073418268193
1791394527,764611,27592,393728,93840,3472,225312,68.93857173865857
1791394533,771159,28928,394612,93840,3472,229640,72.33398226260005
1791394539,767071,27296,394468,93840,3472,227332,62.06896551724138
1791394544,768119,26772,393860,93840,3472,229508,65.47314578005115
1791394550,766091,27104,393784,93840,3488,227204,66.12279948475741
1791394556,765067,27140,393924,93840,3488,226000,73.01310043668123
1791394562,764079,27176,393848,93840,3488,225052,64.2597735526597
1791394568,764491,27172,394112,93840,3512,225180,62.438185336486775
1791394574,763935,26916,393812,93840,3512,225180,69.09325866896403
1791394580,763819,26968,393648,93840,3512,225180,62.765273311897104
1791394586,763987,27000,393980,93840,3512,225180,63.80685492563052
1791394592,763559,26824,393728,93840,3512,225180,63.41045415595544
1791394598,763823,27084,393860,93840,3512,225052,59.69125214408233
1791394604,764427,27172,394376,93840,3512,225052,64.504971897968
1791394609,765167,27696,394464,93840,3512,225180,59.52844473285745
1791394615,763747,27000,393744,93840,3512,225180,66.83982683982684
1791394621,763387,26752,393784,93840,3496,225052,60.50420168067227
1791394627,764155,27104,394064,93840,3496,225184,64.15910073497622
1791394633,764367,27204,394072,93840,3472,225312,60.13628620102215
1791394639,764971,26772,395096,93840,3472,225312,63.91090169201114
1791394645,765915,27208,395600,93840,3472,225312,62.92524377031419
1791394651,770223,27124,395940,93840,3436,229416,64.03451995685006
1791394657,768867,28088,395808,93840,3436,227228,66.5074886042978
1791394662,766527,28488,395440,93840,3216,225180,67.01298701298701
1791394668,765847,27904,395340,93840,3216,225184,62.857142857142854
1791394674,765907,28096,395208,93840,3216,225184,64.16382252559727
1791394680,766279,28276,395404,93840,3216,225184,62.89037260391987
1791394686,765743,27792,395352,93840,3216,225184,70.64890416845724
1791394692,765959,27952,395436,93840,3200,225180,62.147622121799
1791394698,765807,27708,395524,93840,3200,225184,69.4127957931639
1791394704,766247,27820,395748,93840,3288,225180,60.18538478120284
1791394709,766715,28048,395884,93840,3344,225184,65.64983888292159
1791394715,767627,28612,396140,93840,3420,225180,60.70826306913997
1791394721,766947,28212,395832,93840,3420,225180,73.84878989076891
1791394727,767399,28496,395860,93840,3424,225312,62.59673258813414
1791394733,766783,28156,395716,93840,3424,225180,63.05418719211823
1791394739,766839,28220,395704,93840,3428,225184,61.18781503396888
1791394745,768671,27840,395736,93840,3428,227360,62.61762189905903
1791394751,766951,28056,395852,93840,3428,225312,61.56514199002818
1791394757,767911,26864,395952,93840,3428,227360,60.226283724978245
1791394763,766355,27340,396096,93840,3428,225184,63.17163367413531
1791394768,765787,27016,395704,93840,3452,225312,62.14423282687781
1791394774,767519,27436,396248,93840,3452,226076,66.42225576881604
1791394780,767043,27488,395980,93840,3452,225820,65.96701649175412
1791394786,767175,27084,396380,93840,3452,225952,62.900107411385605
1791394792,767243,27112,396292,93840,3452,226080,63.19444444444444
1791394798,767335,27172,396324,93840,3452,226080,64.51895682664913
1791394804,767403,27056,396512,93840,3452,226076,62.65685850281264
1791394810,767671,27348,396616,93840,3452,225948,68.94450489662677
1791394815,766487,27140,395640,93840,3452,225948,61.96332254584682
1791394821,766707,27356,395776,93840,3452,225816,61.15201385881333
1791394827,766503,27100,395852,93840,3428,225816,62.070456019018806
1791394833,766255,26948,395628,93840,3428,225948,59.17058572039333
1791394839,766243,26996,395880,93840,3212,225952,63.17611423626136
1791394845,765971,26880,395724,93840,3212,225952,58.482046871640506
1791394851,765755,26668,395724,93840,3212,225952,61.006696910779866
1791394857,765927,26820,395744,93840,3212,225952,60.998072392375235
1791394862,768331,28220,396732,93840,3224,225952,61.157377749305994
1791394868,766151,26948,395832,93840,3224,225948,68.42443729903536
1791394874,766471,27184,395788,93840,3320,225948,69.3128467776355
1791394880,766743,27176,395824,93840,3384,226076,59.67845659163987
1791394886,767035,27176,396104,93840,3388,226076,62.371134020618555
1791394892,766919,27216,396060,93840,3404,225952,62.003780718336486
1791394898,766647,26884,396108,93840,3404,225952,61.07397023937891
1791394904,767011,26856,396372,93840,3404,226080,59.06040268456376
1791394910,767227,27272,396304,93840,3404,225948,61.04487318447865
1791394916,766951,26952,396220,93840,3404,226076,57.46626033957336
1791394922,766675,26896,396128,93840,3404,225948,61.657032755298644
1791394927,766539,26852,396036,93840,3404,225948,58.951018638925014
1791394933,767051,27276,396124,93840,3404,225952,61.68344399228957
1791394939,766839,26936,396248,93840,3404,225952,57.020180334907685
1791394945,767411,27108,396444,93840,3552,225952,59.892125134843575
1791394951,768771,26916,396840,93840,3556,227100,60.49700085689803
1791394957,768927,27244,396640,93840,3564,227100,61.64412964155398
1791394963,768467,26848,396572,93840,3564,227104,66.07720508949751
1791394969,769083,27348,396692,93840,3564,227100,62.580368624089154
1791394975,768843,27168,396628,93840,3564,227104,69.3482469348247
1791394981,770547,26900,398736,93840,3564,226972,65.49204984959175
1791394986,773815,27056,399412,93840,3564,229404,69.91452991452991
1791394992,771411,27112,398876,93840,3564,227484,64.77805041267008
1791394998,771443,27052,398960,93840,3564,227488,64.1444539982803
1791395004,771331,26920,399032,93840,3444,227616,62.936763129689176
1791395010,773539,27088,399028,93840,3444,229660,67.81977364937006
1791395016,771687,27020,399080,93840,3444,227616,72.86956521739131
1791395022,772339,27444,399168,93840,3540,227612,60.42296072507553
1791395028,772023,27024,399392,93840,3544,227484,65.19289120069354
1791395033,771875,26988,399284,93840,3544,227484,67.92616720955483
1791395039,771895,27060,399096,93840,3544,227616,63.130659767141005
1791395045,771643,26792,399116,93840,3544,227616,62.49193027759845
1791395051,773659,26916,399088,93840,3544,229532,68.35388276011248
1791395057,772339,27168,399564,93840,3544,227484,60.92150170648464
1791395063,774447,26904,399760,93840,3544,229664,64.81361775479422
1791395069,773327,27044,399752,93840,3568,228388,62.55144032921811
1791395075,774427,27636,400260,93840,3568,228384,65.55697823303457
1791395081,772703,26908,399588,93840,3436,228260,59.69631236442516
1791395087,775115,27268,399600,93840,3436,230300,65.59347499463404
1791395092,773495,27760,399528,93840,3436,228256,62.93103448275862
1791395098,775267,28984,399628,93840,3468,228664,66.99592012024908
1791395104,777203,28268,399968,93840,3468,230972,67.831715210356
1791395110,775339,28560,400120,93840,3468,228660,69.42003514938489
1791395116,774459,28320,399884,93840,3468,228256,67.01479547432551
1791395122,774091,28032,399804,93840,3468,228256,62.01684301446772
1791395128,774959,27556,400792,93840,3444,228636,73.21274763135229
1791395134,775783,28232,400804,93840,3444,228772,65.86206896551724
1791395139,776023,28372,401036,93840,3444,228644,66.40992725716731
1791395145,775895,28192,400956,93840,3444,228772,77.04462951099723
1791395151,776115,28340,400908,93840,3444,228896,72.61698440207972
1791395157,776575,28836,400996,93840,3444,228768,65.88033454857388
1791395163,775539,28068,400860,93840,3444,228636,61.61925601750548
1791395169,776619,28088,401012,93840,3448,229544,69.7224015493867
1791395175,776947,28256,401168,93840,3448,229544,61.815840309079206
1791395181,777143,28440,401180,93840,3448,229544,65.24204099433058
1791395187,779195,28652,401104,93840,3448,231464,66.79478966474483
1791395192,777597,28336,401348,93840,3448,229956,68.95668871346277
1791395198,776005,26968,401120,93840,3448,229964,61.936596937675226
1791395204,776577,27388,401144,93840,3448,230088,64.73888649115234
1791395210,775717,27156,401064,93840,3448,229544,64.0888698995941
1791395216,775677,27068,401204,93840,3480,229420,64.70208647020864
1791395222,777743,26936,401188,93840,3480,231596,62.07497820401046
1791395228,775463,26660,401236,93840,3480,229544,64.76107353262054
1791395234,775295,26700,401148,93840,3480,229420,61.77739430543572
1791395240,776027,27264,401192,93840,3480,229544,63.55140186915887
1791395246,778091,27168,401304,93840,3480,231592,72.04535542956825
1791395251,776075,27176,401200,93840,3480,229676,68.07410598879792
1791395257,776179,27260,401344,93840,3480,229548,60.26107425636636
1791395263,778783,27068,402096,93840,3480,231592,68.95368782161235
1791395269,776731,26928,402104,93840,3480,229676,73.99741267787839
1791395275,777027,26948,402376,93840,3480,229676,61.67134528179658
1791395281,776927,26828,402396,93840,3480,229676,65.1748859439496
1791395287,777119,27444,401844,93840,3480,229804,69.39554612937434
1791395293,776575,27052,401824,93840,3480,229676,69.35201401050787
1791395299,776735,26820,402344,93840,3480,229544,70.88607594936708
1791395304,776867,27176,402120,93840,3480,229544,67.31058166988623
1791395310,777375,26996,402876,93840,3484,229676,65.08648302370275
1791395316,776995,27212,402280,93840,3488,229672,61.13764654798089
1791395322,776647,26940,402328,93840,3488,229544,60.73118279569892
1791395328,776307,26784,402584,93840,3188,229548,62.14099216710183
1791395334,776823,26956,402800,93840,3188,229676,63.28460877042132
1791395340,777547,27532,402876,93840,3260,229676,63.36123631680618
1791395346,776367,26652,402668,93840,3268,229548,72.28811731723097
1791395352,776431,26704,402684,93840,3268,229544,59.6252129471891
1791395358,776947,27120,402712,93840,3312,229540,70.77977720651243
1791395363,776647,26760,402760,93840,3316,229548,66.34906886097878
1791395369,777519,27548,402816,93840,3340,229548,65.14886164623468
1791395375,779967,28072,402696,93840,3340,231592,62.829943747295545
1791395381,777823,27764,402784,93840,3340,229672,70.81628257592074
1791395387,780115,27908,402880,93840,3340,231720,71.413390010627
1791395393,778339,28136,403060,93840,3340,229540,65.47314578005115
1791395399,778307,27884,403144,93840,3340,229672,64.08224459198972
1791395405,778523,28000,403240,93840,3340,229676,68.76492294334709
1791395411,778051,27844,403180,93840,3340,229420,61.72310330047149
1791395416,778707,27936,403492,93840,3340,229672,65.13861602270246
1791395422,778727,28268,403308,93840,3340,229544,63.20775026910657
1791395428,781035,28216,403640,93840,3316,231596,73.02405498281786
1791395434,778483,28028,403196,93840,3316,229676,62.54927726675427
1791395440,780135,28084,402880,93840,3316,231588,62.65685850281264
1791395446,778995,28280,403412,93840,3364,229672,63.45364166846769
1791395452,779291,28104,403992,93840,3364,229540,62.184154175588866
1791395458,781343,28304,403632,93840,3476,231592,60.33129904097646
1791395463,780475,28724,404516,93840,3476,229412,64.68956688713463
1791395469,780151,29016,403896,93840,3476,229416,63.82157409393094
1791395475,781411,27812,404080,93840,3480,231692,64.06889128094726
1791395481,780519,26964,403912,93840,3480,231824,61.231569817866436
1791395487,780999,27540,403936,93840,3480,231696,72.21269296740995
1791395493,779819,27168,404072,93840,3480,230752,62.81203328355025
1791395499,779079,27136,404444,93840,3480,229672,61.22361969729268
1791395505,779563,27008,404776,93840,3504,229932,62.39651416122004
1791395511,779403,26788,404836,93840,3504,229932,72.6649528706084
1791395517,779331,26704,404968,93840,3504,229808,66.66666666666666
1791395522,780287,27244,405128,93840,3504,230064,63.83165278386672
1791395528,780495,27216,405240,93840,3504,230192,60.611278519156265
1791395534,782695,27188,405548,93840,3504,232108,63.162411499678186
1791395540,783595,27612,407816,93840,3504,230316,62.8475147430497
1791395546,782895,26892,407704,93840,3504,230448,61.326442721791565
1791395552,782827,27136,407528,93840,3504,230316,61.0154717803443
1791395558,784935,26936,407656,93840,3504,232496,69.61061561888188
1791395564,783763,27032,408304,93840,3504,230576,66.24973042915678
1791395570,783879,27060,408420,93840,3480,230572,63.362981787378224
1791395576,783591,26856,408344,93840,3480,230568,60.1945945945946
1791395581,784503,27356,408748,93840,3480,230572,67.45945945945945
1791395587,784739,27744,408468,93840,3480,230704,64.13066838598753
1791395593,784871,27440,408900,93840,3480,230704,64.06889128094726
1791395599,784671,27512,408624,93840,3484,230704,57.448172686471466
1791395605,784651,27392,408824,93840,3512,230576,72.05503009458297
1791395611,784863,27564,408716,93840,3516,230704,60.10672358591249
1791395617,788759,28132,409772,93840,3516,232980,62.96054065838238
1791395623,787487,26732,409776,93840,3516,233108,57.48709122203098
1791395629,787635,26960,409816,93840,3516,232980,61.432566143256615
1791395634,787651,27120,409684,93840,3516,232972,60.78135117634362
1791395640,785683,27340,409380,93840,3516,231084,64.67426359922598
1791395646,787411,27028,409372,93840,3516,233132,62.91942722804018
1791395652,785035,26884,409196,93840,3516,231080,64.86486486486487
1791395658,784879,26720,409200,93840,3516,231084,58.88841747984726
1791395664,785963,27240,409616,93840,3532,231212,62.99077451190732
1791395670,785479,27152,409340,93840,3532,231084,67.84941583729987
1791395676,785851,27084,409444,93840,3532,231216,70.46278524205589
1791395682,786131,27392,409412,93840,3532,231216,61.260486126048605
1791395688,785511,26932,409256,93840,3532,231216,60.58785668311521
1791395694,785327,26828,409304,93840,3532,231084,57.20402483408263
1791395699,786759,27288,409760,93840,3532,231600,63.81322957198443
1791395705,787359,28216,409440,93840,3532,231596,74.39824945295405
1791395711,787099,28288,408980,93840,3532,231724,78.0948294357434
1791395717,787107,28408,408996,93840,3532,231596,71.57091371634513
1791395723,787527,28344,409348,93840,3532,231724,79.40106951871658
1791395729,788231,28296,409968,93840,3532,231856,77.05627705627705
1791395735,787955,28360,409844,93840,3476,231720,70.62404870624049
1791395741,788127,28428,409888,93840,3432,231852,61.272176546949375
1791395747,787283,27712,409892,93840,3432,231720,71.47470398277717
1791395753,787295,27684,409932,93840,3432,231720,69.83987716604518
1791395758,787423,27868,409872,93840,3432,231724,66.33383980898633
1791395764,787875,28124,410068,93840,3432,231720,60.18158236057069
1791395770,787551,28148,409872,93840,3416,231592,67.72028577614202
1791395776,789619,27860,409920,93840,3416,233900,69.73740852346104
1791395782,788063,28252,409892,93840,3416,231984,62.85591950331835
1791395788,788219,28352,409944,93840,3416,231984,75.21514629948365
1791395794,790563,28816,409908,93840,3416,233900,67.79074794638997
1791395800,789571,28672,410028,93840,3416,232936,63.4619530071136
1791395806,787623,26852,409884,93840,3440,232932,64.80017097670442
1791395811,788811,27384,410400,93840,3440,233064,62.185956624436336
1791395817,788679,27124,410412,93840,3440,233184,65.1082251082251
1791395823,788395,27396,410400,93840,3440,232640,67.70146714862854
1791395829,787627,27124,409908,93840,3440,232636,69.15486915486916
1791395835,788227,27464,410164,93840,3440,232636,67.94567794783359
1791395841,788091,27244,410120,93840,3440,232764,63.58183376178235
1791395847,787531,26972,410096,93840,3440,232504,64.0
1791395853,788483,26916,410840,93840,3440,232764,63.79834854411126
1791395859,788367,26836,410800,93840,3440,232768,66.88269604666235
1791395865,788439,26808,411060,93840,3416,232636,64.48578148385718
1791395871,788859,27124,411164,93840,3416,232636,60.35805626598465
1791395876,788183,26792,410820,93840,3416,232636,63.69263607257204
1791395882,789855,27608,410776,93840,3420,233532,63.675582398619504
1791395888,789007,27036,410628,93840,3420,233404,65.42176432710882
1791395894,788855,26848,410664,93840,3420,233404,60.45907319185795
1791395900,789143,26992,410676,93840,3420,233536,62.758770974068426
1791395906,789315,26868,410968,93840,3420,233536,72.96027338744126
1791395912,789411,26888,411048,93840,3420,233532,67.83473934674454
1791395918,789519,27060,410980,93828,3420,233532,65.89871767007173
1791395924,789195,26944,410900,93828,3420,233404,61.30070830650354
1791395930,791559,27240,410916,93828,3420,235456,64.68449197860963
1791395935,789875,27900,410620,93828,3420,233404,62.16983191442916
1791395941,789523,27236,410932,93828,3420,233404,61.65904637491836
1791395947,789603,27252,410868,93828,3420,233536,67.72303017147819
1791395953,790603,27680,411440,93828,3420,233532,68.2842287694974
1791395959,790047,27420,411140,93828,3420,233536,64.73388143660753
1791395965,791975,27828,411612,93828,3420,234584,63.20775026910657
1791395971,791643,27304,411808,93828,3420,234584,65.32728451069345
1791395976,791791,27344,411908,93828,3420,234588,60.85659492861709
1791395982,791775,27436,411944,93828,3420,234444,66.17710583153348
1791395988,792675,28348,411948,93828,3420,234432,61.813537675606646
1791395994,793271,28752,412312,93828,3388,234304,65.06024096385542
1791396000,792307,28248,411984,93828,3388,234172,63.67382346562568
1791396006,793315,28596,412648,93828,3388,234168,66.00259852750108
1791396012,792819,28284,412328,93828,3388,234304,66.00942991855979
1791396018,794759,28264,412244,93828,3388,236348,69.08462867012089
1791396024,793183,28156,412052,93828,3388,235072,66.23544631306598
1791396030,794247,29028,412356,93828,3408,234940,69.22406277244987
1791396035,795143,28432,411796,93828,3408,236992,64.2246106602325
1791396041,792947,28284,411800,93828,3408,234944,68.88554863646124
1791396047,792979,28028,411960,93828,3408,235072,61.69709989258861
1791396053,792979,27976,412012,93828,3408,235068,67.59596826077633
1791396059,793175,28020,412136,93828,3424,235072,62.2011630411372
1791396065,793119,28204,411888,93828,3424,235072,64.2935138676567
1791396071,793463,28652,411952,93828,3316,235068,61.80331396599957
1791396077,792971,28176,412040,93828,3332,234940,67.17424407222101
1791396083,796115,28816,414516,93828,3348,234944,76.38798876647223
1791396088,797807,30188,414572,93828,3348,235204,79.2982456140351
1791396094,765975,32328,398224,93828,3396,217532,76.32995907818221
1791396100,758979,29580,394096,93828,3492,217276,66.42162162162163
1791396106,759231,29432,394316,93828,3516,217400,67.9049676025918
1791396112,760087,29872,393776,93832,3516,218348,70.83784368911019
1791396118,762503,30632,394460,93832,3532,219300,68.53146853146853
1791396123,760607,29260,393808,93832,3532,219428,81.43816330950834
1791396129,762719,30160,395976,93832,3532,218472,83.69070825211176
1791396135,758095,27824,394900,93832,3532,217264,67.42052485598464
1791396141,758099,27704,394896,93832,3532,217392,64.56624946050928
1791396147,760923,28024,395092,93832,3532,219696,72.17915590008613
1791396153,758451,27736,394960,93832,3532,217648,68.3138274815778
1791396159,760087,27444,394968,93832,3532,219568,70.31624863685933
1791396165,758187,27552,395028,93832,3508,217520,65.70629972049021
1791396170,758639,28148,394888,93832,3508,217520,73.02405498281786
1791396176,758339,27828,394908,93832,3508,217520,71.72175415856556
1791396182,758491,28104,394912,93832,3508,217392,69.40796555435954
1791396188,759247,28360,395152,93832,3508,217648,66.83804627249359
1791396194,761503,28328,395356,93832,3536,219696,76.54588847906271
1791396200,760307,27996,396524,93832,3540,217648,69.64091403699673
1791396206,758679,28160,395948,93832,3540,216440,77.8183379858278
1791396212,759659,28564,396392,93832,3540,216568,83.96143733567047
1791396218,759075,28140,396228,93836,3540,216568,73.29931972789116
1791396223,761243,28392,396224,93836,3540,218488,72.19470170148611
1791396229,761127,28292,396080,93836,3540,218616,70.10309278350515
1791396235,760935,28264,396044,93836,3540,218488,64.85084306095979
1791396241,758927,28200,396020,93828,3540,216568,65.06597447544884
1791396247,758747,28212,395956,93828,3540,216440,70.91891891891892
1791396253,760791,28344,395936,93840,3540,218360,65.36964980544747
1791396259,760675,28232,395932,93840,3540,218360,69.87429562201994
1791396265,758471,27948,396060,93840,3540,216312,68.09959565865078
1791396271,758331,27792,396076,93840,3540,216312,62.20707285896889
1791396276,759287,28768,396052,93840,3540,216312,71.97943444730078
1791396282,759763,29176,396120,93840,3540,216312,69.20052424639582
1791396288,761231,30224,396280,93840,3540,216568,77.76321537789428
1791396294,761939,31280,397192,93840,3540,215512,84.20146362462333
1791396300,759663,29356,396432,93840,3540,215920,77.16769132923467
1791396306,758327,27996,396496,93840,3540,215884,65.53376906318083
1791396312,757708,28020,396348,93676,3540,215600,66.19506966773848
1791396318,756424,27428,396052,93676,3544,215204,61.765343743222736
1791396324,758420,28164,397304,93676,3544,215204,70.77839217354317
1791396329,758592,28184,397320,93676,3544,215340,65.57377049180327
1791396335,760748,28252,397352,93676,3544,217388,68.77436119532265
1791396341,760428,28224,397308,93676,3544,217140,67.95497982586537
1791396347,758716,28452,397412,93676,3544,215092,78.96920725049137
1791396353,759408,28844,397456,93676,3544,215348,66.34740966478014
1791396359,761140,28832,397028,93676,3544,217524,70.28423772609818
1791396365,763804,31248,397396,93676,3544,217396,84.20146362462333
1791396371,758184,28176,396900,93676,3544,215348,84.85111932188654
1791396377,757548,27392,396976,93676,3544,215220,67.28169920617894
1791396383,760300,28012,397176,93676,3544,217140,70.87734425522741
1791396388,758732,28660,396884,93676,3548,215220,66.63751639702667
1791396394,758612,28184,397236,93676,3548,215220,65.80086580086581
1791396400,758196,28216,396916,93676,3548,215092,63.60333404573627
1791396406,759232,28048,397972,93676,3572,215220,61.55176140047547
1791396412,759884,28348,398192,93676,3572,215348,61.327623126338324
1791396418,759920,28496,398080,93676,3572,215348,69.06598114824337
1791396424,761932,28476,398068,93676,3572,217396,65.10226049515609
1791396430,761152,29420,398268,93676,3580,215476,71.77242888402627
1791396436,761868,29668,398992,93676,3580,215220,77.55896991993076
1791396441,760260,28088,398964,93676,3580,215220,66.88269604666235
1791396447,761028,28832,398988,93676,3580,215220,70.50204697263521
1791396453,760956,28752,398872,93676,3580,215348,72.10676000875083
1791396459,763384,30140,399904,93676,3580,215348,85.98949211908932
1791396465,761196,28264,399488,93676,3556,215476,69.70091027308193
1791396471,761112,28264,399412,93676,3556,215476,65.98830915782638
1791396477,760924,28132,399608,93676,3556,215220,74.05793944674363
1791396482,760956,28264,399508,93676,3556,215220,67.71755560354136
1791396488,761856,29076,399544,93676,3608,215220,66.69561441597915
1791396494,762044,29192,399484,93676,3608,215348,71.18790496760259
1791396500,761392,28740,399280,93676,3608,215348,82.17734855136084
1791396506,764184,29356,399408,93676,3608,217396,76.19893428063943
1791396512,761500,28808,399452,93676,3608,215220,80.70796460176992
1791396517,763280,29964,399892,93676,3640,215348,71.4938030006523
1791396523,765000,30200,399288,93676,3672,217396,80.29870415110916
1791396529,761324,28808,399144,93676,3688,215220,65.83797685383627
1791396535,763616,30544,399572,93676,3688,215348,77.93548387096774
1791396541,760392,27916,398980,93676,3688,215348,68.60135282566004
1791396547,760580,28236,398976,93676,3688,215220,73.62708921206858
1791396552,759940,27616,398956,93676,3688,215220,68.93890675241158
1791396558,760944,28332,399116,93676,3688,215348,73.43244990303813
1791396564,761868,28508,399732,93676,3688,215476,61.820563195808774
1791396570,763748,30412,399828,93676,3688,215348,82.84845853234911
1791396576,761704,28312,400012,93676,3688,215220,76.87738650827323
1791396582,763060,28300,399208,93676,3688,217396,73.7649063032368
1791396588,762676,28376,398876,93676,3688,217268,64.81361775479422
1791396594,760364,27908,399080,93676,3688,215220,64.00690101358637
1791396600,761228,28240,399484,93676,3688,215348,69.41356006104208
1791396605,762192,27872,399024,93676,3688,217140,66.53671215074723
1791396611,760832,28156,399172,93676,3688,215348,64.98696785403996
1791396617,759904,27732,398800,93676,3688,215220,73.57917570498915
1791396623,762040,28776,399864,93676,3712,215220,65.91957811470006
1791396629,761260,28296,399436,93676,3712,215348,66.29261976694
1791396635,763788,28464,399748,93676,3712,217396,65.23235800344234
1791396641,761596,28416,399776,93676,3716,215220,73.63226775370092
1791396646,763880,28284,400592,93676,3716,216820,69.6774193548387
1791396652,760320,27444,399792,93676,3716,214900,65.13642269380684
1791396658,760292,27164,400044,93676,3716,214900,65.48596112311014
1791396664,762488,27476,400212,93676,3716,216820,68.65542585386943
1791396670,758988,26708,399404,93676,3716,214900,64.57707170459425
1791396676,761348,27040,399512,93676,3716,216820,68.72017353579176
1791396682,759244,26648,399716,93676,3716,214900,62.572721396250806
1791396688,760080,27180,400192,93676,3676,214772,77.06023048488801
1791396693,759208,26884,399620,93676,3676,214772,67.57679180887372
1791396699,759964,26952,400304,93676,3676,214772,65.39696126685213
1791396705,759572,26940,400056,93676,3684,214644,62.86460600783631
1791396711,760144,26980,400456,93676,3684,214772,64.79591836734694
1791396717,760156,26944,400376,93676,3684,214900,62.21267454350161
1791396723,759728,26768,400252,93676,3684,214772,63.90944710491946
1791396729,761556,26792,400080,93676,3552,216948,68.43810758263123
1791396735,759744,26860,400244,93676,3552,214900,63.97919375812744
1791396741,759324,26844,400048,93676,3500,214772,58.75802997858672
1791396747,762316,27264,400568,93676,3500,216820,63.18493150684932
1791396752,759840,27220,400184,93676,3500,214772,71.10347788750536
1791396758,759196,26684,400080,93676,3500,214772,62.90424857324033
1791396764,759804,27116,400252,93676,3500,214772,61.7914322803981
1791396770,759912,26808,400568,93676,3476,214900,71.28881327094854
1791396776,760436,27080,400788,93676,3504,214900,67.37573258085521
1791396782,760144,26984,400712,93676,3508,214772,62.147622121799
1791396788,760660,27212,400856,93676,3508,214900,63.84253316217373
1791396794,760056,26736,400728,93676,3512,214900,65.79861111111111
1791396800,760392,26804,400992,93676,3512,214900,69.79166666666666
1791396806,761092,27304,401320,93676,3512,214772,64.34224598930481
1791396812,762304,28456,401508,93676,3512,214644,63.862660944206006
1791396817,762252,28516,401372,93676,3528,214644,66.50993802094465
1791396823,762112,28528,401092,93676,3528,214772,71.50549213870342
1791396829,764208,29104,402828,93676,3560,214516,68.17892728429086
1791396835,766332,29188,402684,93676,3560,216692,65.54549374730487
1791396841,764020,28960,402648,93676,3560,214644,66.33727175080558
1791396847,763140,28424,402048,93676,3560,214900,64.41558441558442
1791396853,763224,28588,401968,93676,3560,214900,64.79913137893594
1791396859,764868,28436,401844,93676,3560,216820,67.82911944202267
1791396865,762240,27868,401964,93676,3560,214644,73.643074250977
1791396870,763728,28188,402872,93676,3560,214900,62.22222222222222
1791396876,763396,28316,402412,93676,3560,214900,67.96368352788586
1791396882,765052,28356,402112,93676,3560,216820,71.14556416881999
1791396888,763312,28528,402244,93676,3560,214772,69.34931506849315
1791396894,763700,28264,402772,93676,3560,214900,76.75021607605878
1791396900,765292,28684,403940,93676,3560,214900,76.85285807433166
1791396906,764876,29144,403064,93676,3560,214900,70.74010327022376
1791396912,769652,28864,403992,93676,3576,219004,67.42635992259729
1791396918,763548,28124,402860,93676,3576,214772,69.14433880726016
1791396923,765048,28556,403700,93676,3600,214772,69.51272100043123
1791396929,765256,29032,403416,93676,3612,214772,66.63826161056669
1791396935,764628,28528,403052,93676,3708,214900,67.25435390238658
1791396941,765528,29164,403444,93676,3708,214772,63.4488624282373
1791396947,765500,29024,403524,93676,3708,214772,77.22473604826547
1791396953,765208,28960,403296,93676,3708,214772,72.97703369821849
1791396959,766060,29240,403868,93676,3708,214772,67.32673267326733
1791396965,768708,29128,404164,93676,3708,217236,81.05650573717254
1791396971,771272,29088,404744,93676,3708,219260,74.89214840379638
1791396977,767972,28336,404376,93676,3708,217084,65.47490846435494
1791396983,767156,27940,404524,93676,3684,216536,68.41307642346828
1791396988,765488,28232,404160,93676,3684,214932,64.52166452166452
1791396994,765908,28492,404324,93676,3684,214932,69.2860160540769
1791397000,765872,28404,404248,93676,3684,215060,68.68598823273044
1791397006,766196,28816,404160,93676,3684,215060,75.96697088222511
1791397012,766216,28404,404464,93676,3684,215188,66.1901667749621
1791397018,766056,28424,404540,93676,3684,214932,65.82498911623857
1791397024,765500,27932,404348,93676,3684,215060,63.12178387650086
1791397030,765348,27964,404292,93676,3684,214932,65.25313717005625
1791397035,767620,28780,405876,93676,3684,214804,70.19354838709677
1791397041,766172,28264,404944,93676,3684,214804,68.32618025751073
1791397047,766888,28444,405352,93676,3684,214932,66.06451612903226
1791397053,767344,28408,405716,93676,3684,215060,69.37716262975778
1791397059,767688,28820,405520,93676,3684,215188,62.235520410344094
1791397065,767192,28632,405340,93676,3684,215060,68.15068493150685
1791397071,768328,29248,405728,93676,3688,215188,69.55009780482504
1791397077,770216,29036,405908,93676,3688,217108,68.76346402412753
1791397083,767840,29036,405580,93676,3688,215060,65.73456657345666
1791397088,766624,28400,405000,93664,3688,215060,66.05347593582887
1791397094,767496,28860,405412,93664,3688,215060,63.818657367044466
1791397100,766556,28540,404668,93664,3688,215188,62.78260869565217
1791397106,769580,29092,405084,93668,3688,217236,60.75731497418244
1791397112,767872,28684,405832,93668,3688,215188,75.25098210388477
1791397118,766020,27860,404804,93668,3688,215188,70.19693654266959
1791397124,765176,27008,404812,93668,3688,215188,63.5465865178188
1791397130,765160,27040,404892,93668,3688,215060,77.69532955041467
1791397135,766020,27460,405204,93668,3688,215188,75.46196819939837
1791397141,765884,27340,405188,93668,3688,215188,70.04057228272474
1791397147,765804,27308,405140,93668,3688,215188,70.01508945893512
1791397153,765672,27024,405312,93668,3688,215172,62.903920723825934
1791397159,765616,27388,405012,93668,3688,215052,65.33419299376746
1791397165,766268,26656,405804,93668,3688,215644,66.16670237840154
1791397171,767140,26996,406208,93668,3688,215772,64.64124111182934
1791397177,766480,26704,405844,93668,3688,215772,62.22990492653414
1791397183,767020,26976,406108,93668,3688,215772,68.06686669524218
1791397189,766660,26872,405984,93668,3688,215644,63.25340246273493
1791397194,767264,27252,406204,93668,3688,215644,66.04388442320226
1791397200,767200,27220,406172,93668,3688,215644,68.77591097534366
1791397206,767800,27400,406640,93668,3656,215644,63.64029399048854
1791397212,770024,27868,406340,93668,3664,217692,61.24893071000855
1791397218,767564,27292,406376,93668,3664,215772,62.93103448275862
1791397224,767968,27536,406512,93668,3688,215772,60.63738156761412
1791397230,767792,26940,406932,93668,3688,215772,61.90885640584695
1791397236,767808,27188,406956,93668,3688,215516,63.26618088298328
1791397241,769432,27924,407716,93668,3688,215644,66.83760683760683
1791397247,769888,27228,406820,93668,3688,217692,60.689655172413794
1791397253,767708,27004,406912,93668,3688,215644,67.57634827810266
1791397259,768780,27908,407412,93668,3548,215516,64.29489927132448
1791397265,767204,26828,406788,93668,3548,215644,67.54027926960258
1791397271,767380,27100,406692,93668,3548,215644,67.2719412019023
1791397277,767040,27028,406296,93668,3548,215772,67.68568353067815
1791397283,766664,26968,406104,93672,3524,215644,63.094727818259756
1791397289,768104,27612,406772,93664,3524,215772,62.762048843743244
1791397295,769608,28720,407292,93664,3524,215644,63.844199830651995
1791397301,769896,28396,407312,93664,3572,216184,67.48864373783258
1791397306,769812,28284,407320,93664,3572,216184,63.993210269467426
1791397312,768840,28196,406580,93664,3572,216044,67.11120671112067
1791397318,768908,28132,407112,93664,3572,215644,66.96871628910463
1791397324,769260,28276,407276,93664,3604,215644,71.21866897147797
1791397330,769160,28048,407276,93664,3604,215772,60.12562269872211
1791397336,768500,27708,407084,93664,3604,215644,64.76761619190404
1791397342,768836,27988,407140,93664,3604,215644,68.9745264532985
1791397348,768540,27660,407176,93664,3604,215644,66.22459893048128
1791397354,769336,27900,407928,93664,3608,215644,62.40409207161125
1791397359,769836,28184,407284,93664,3608,216504,68.25223652629282
1791397365,772068,28196,407328,93664,3608,218680,64.09597257926308
1791397371,771560,27972,406920,93664,3608,218808,75.57402143013339
1791397377,769872,28072,407168,93664,3608,216768,63.87636831938184
1791397383,772044,29012,408612,93664,3460,216768,68.96256684491978
1791397389,772352,29056,408812,93664,3508,216768,66.77824267782427
1791397395,771888,28636,408620,93664,3520,216896,67.48019695996574
1791397401,772912,28984,409388,93664,3540,216768,70.01309471846355
1791397407,771580,28228,408740,93664,3588,216768,66.07872660787267
1791397413,774088,29076,408480,93664,3588,218688,68.9295039164491
1791397418,773316,28500,410180,93664,3612,216768,75.65918500762695
1791397424,772892,28480,409776,93664,3612,216768,66.36500754147812
1791397430,772996,28368,409864,93664,3612,216896,67.62744676274468
1791397436,773172,28564,409972,93664,3612,216768,63.96533044420368
1791397442,773180,28764,409908,93664,3612,216640,69.14223669923996
1791397448,772628,28152,409844,93664,3612,216768,71.58798283261802
1791397454,775084,28096,410304,93664,3612,218816,68.29479144153879
1791397460,773048,28200,410340,93664,3612,216640,70.40552200172563
1791397465,772916,28112,410296,93664,3612,216640,69.49740034662045
1791397471,775912,28616,410612,93664,3612,218816,63.009605122732125
1791397477,774860,28832,410764,93664,3588,217420,75.52751794648684
1791397483,774068,28148,410784,93664,3588,217292,67.2240085744909
1791397489,774540,26708,410520,93664,3588,219468,66.83848797250859
1791397495,775972,27676,411212,93668,3604,219212,61.883214824391295
1791397501,772828,26944,410576,93664,3608,217420,70.78405606657905
1791397507,773224,27140,410904,93664,3608,217292,72.58553486357731
1791397513,773148,27288,410808,93664,3608,217164,67.74124220932731
1791397518,774596,28240,411148,93664,3636,217292,67.32334047109208
1791397524,774524,28072,411236,93664,3636,217292,69.61038961038962
1791397530,777708,27792,412408,93664,3640,219572,72.3404255319149
1791397536,779108,27276,412408,93664,3640,221492,68.45378511687754
1791397542,776964,27628,412084,93664,3640,219316,68.82836143536532
1791397548,775280,26844,412000,93664,3640,218500,62.346609257265875
1791397554,775140,26932,412852,93664,3640,217420,67.24436741767764
1791397560,774580,27404,411948,93664,3640,217292,66.5945945945946
1791397566,774189,26868,411988,93664,3640,217420,63.38329764453962
1791397572,775053,27068,412572,93664,3640,217292,64.0628409338861
1791397577,774976,27272,412268,93664,3640,217292,60.33519553072626
1791397583,774248,26936,411752,93664,3640,217420,66.19140203067617
1791397589,775392,26728,413104,93664,3640,217420,60.53590568060021
1791397595,776312,27564,413184,93664,3640,217420,61.78861788617886
1791397601,775856,27412,412932,93664,3604,217420,62.189591880803285
1791397607,777144,27596,414040,93664,3604,217420,68.2800345721694
1791397613,779700,27888,416300,93664,3604,217420,72.10676000875083
1791397619,779152,27424,416344,93664,3604,217292,64.622030237581
1791397625,783384,27876,417952,93664,3604,219468,66.02192134107028
1791397630,787200,28264,418932,93664,3604,221912,70.6904038211029
1791397636,787072,28508,418544,93664,3620,221912,68.3138274815778
1791397642,789128,29588,418964,93664,3624,222456,73.36468576314664
1791397648,786620,27684,418488,93664,3624,222328,67.2945205479452
1791397654,788108,28436,419496,93664,3624,222056,72.88280581693756
1791397660,786952,27980,418940,93664,3624,221912,68.8821752265861
1791397666,787052,27944,419076,93664,3624,221912,68.99208217419218
1791397672,787384,28272,419080,93664,3624,221912,69.000853970965
1791397678,788352,28340,419980,93664,3624,221912,71.19965352966652
1791397684,787296,27976,419412,93664,3624,221784,70.64846416382252
1791397690,786568,27668,418992,93664,3624,221784,73.47639484978541
1791397695,787440,28044,419488,93664,3624,221784,68.2383197599657
1791397701,786196,26932,419356,93664,3624,221784,70.28423772609818
1791397707,786628,27348,419372,93664,3624,221784,65.18141311266709
1791397713,787208,27476,419696,93664,3624,221912,75.52447552447552
1791397719,786720,27120,419540,93664,3648,221912,74.18936446173801
1791397725,786972,27384,419656,93664,3648,221784,73.92624728850325
1791397731,786256,27168,419156,93664,3648,221784,72.1030042918455
1791397737,786948,26988,419900,93664,3648,221912,76.00950118764845
1791397743,789280,27220,420080,93664,3648,223832,70.59843885516045
1791397748,787384,27276,420176,93664,3648,221784,70.64439140811456
1791397754,787420,27580,420036,93664,3648,221656,65.66908935442497
1791397760,787476,27340,420208,93664,3648,221784,66.26916524701873
1791397766,788096,27816,420348,93664,3648,221784,63.89666307857912
1791397772,788168,28092,420144,93664,3648,221784,68.51772746689448
1791397778,789020,28188,420796,93664,3624,221912,71.24239791485665
1791397784,788284,27768,420812,93664,3628,221784,68.37310195227766
1791397790,788036,27964,420368,93664,3628,221784,64.74789006708505
1791397796,788264,28156,420404,93664,3628,221784,73.77969762419006
1791397802,787828,27788,420336,93664,3628,221784,64.39150032195751
1791397808,787096,27540,419984,93664,3628,221656,66.49572649572649
1791397813,790060,28016,420292,93664,3628,223832,68.2051282051282
1791397819,787604,27756,420272,93664,3628,221656,73.35342229875161
1791397825,789512,27720,420168,93664,3628,223704,70.5626765153161
1791397831,790320,28168,420296,93664,3612,223960,72.50755287009063
1791397837,788304,28344,420176,93664,3596,221912,64.72491909385113
1791397843,789256,28604,420324,93664,3596,222456,68.0739934711643
1791397849,788368,27800,420240,93664,3596,222456,67.46987951807229
1791397855,788468,27728,420956,93664,3596,221912,66.35233604800686
1791397861,795120,28568,426768,93664,3596,221912,72.72727272727273
1791397867,791648,27104,424888,93664,3596,221784,68.84681583476764
1791397872,792276,27648,424972,93664,3596,221784,64.43298969072166
1791397878,791504,27164,424556,93664,3596,221912,61.92324277705907
1791397884,791808,27236,424788,93664,3596,221912,62.301500978899284
1791397890,791176,26968,424428,93664,3596,221912,64.32420780340591
1791397896,791228,27108,424592,93664,3596,221656,65.42943461372465
1791397902,791444,27152,424636,93664,3596,221784,66.95727986050566
1791397908,791916,27424,424708,93664,3596,221912,60.57793714406243
1791397914,794192,27404,424956,93664,3596,223960,66.12558735583085
1791397920,791856,27328,425000,93664,3596,221656,62.224164299759664
1791397925,792512,27828,425024,93664,3600,221784,66.2008733624454
1791397931,791908,27412,424836,93664,3600,221784,63.267070008643046
1791397937,792140,27592,424888,93664,3600,221784,63.722943722943725
1791397943,792392,27724,425004,93664,3600,221784,60.64981949458483
1791397949,792060,27236,425032,93664,3600,221912,76.0
1791397955,791936,27328,424816,93664,3600,221912,62.071881606765324
1791397961,791956,27404,424760,93664,3600,221912,75.07533362031855
1791397967,792156,27352,425012,93664,3600,221912,62.72448532632501
1791397973,793268,26744,424812,93664,3600,223832,62.69430051813472
1791397978,791184,27032,424620,93664,3600,221656,61.49881898217737
1791397984,791432,26932,424836,93664,3600,221784,64.26116838487972
1791397990,791388,27088,424512,93664,3600,221912,61.55165023574797
1791397996,791824,27392,424640,93664,3600,221912,73.85964912280701
1791398002,792596,27476,425328,93664,3600,221912,65.17876489707476
1791398008,791636,27108,424736,93664,3600,221912,64.8278811203763
1791398014,791668,27100,424776,93664,3600,221912,62.95081967213115
1791398020,791812,26932,425192,93664,3624,221784,63.89666307857912
1791398026,792152,27324,425140,93664,3624,221784,61.93437701050826
1791398031,792388,27484,425344,93664,3624,221656,63.13109885447603
1791398037,793480,27808,425984,93664,3624,221784,73.68421052631578
1791398043,794708,28520,425788,93664,3656,222456,73.1613728416116
1791398049,793512,27252,425856,93664,3656,222456,74.31984074319841
1791398055,793112,27220,425484,93664,3656,222456,72.52320310813728
1791398061,792860,27132,425520,93664,3704,222184,71.52089616544592
1791398067,792272,26948,425392,93664,3704,221912,62.854648625054566
1791398073,792388,26892,425684,93664,3708,221784,59.0234459023446
1791398078,794368,26888,425644,93664,3684,223832,64.81442205726405
1791398084,792324,26956,425580,93664,3684,221784,69.55046649703138
1791398090,792960,27728,425444,93664,3684,221784,71.20328364657593
1791398096,793368,27808,425560,93664,3684,221784,68.56653096207414
1791398102,793392,27660,425728,93664,3684,221784,65.49096451121271
1791398108,793640,28016,425492,93664,3684,221912,66.18767689962988
1791398114,793188,27584,425472,93664,3684,221912,75.7713052858684
1791398120,792824,27700,425480,93664,3348,221912,63.63636363636363
1791398126,793556,27940,426100,93664,3348,221784,75.7713052858684
1791398132,792916,27748,425652,93664,3348,221784,61.987550976604425
1791398138,792712,27688,425640,93664,3348,221656,71.26486486486486
1791398143,793356,28332,425512,93664,3348,221784,63.53543979504697
1791398149,793556,28448,425636,93664,3412,221656,77.9638894931477
1791398155,793344,28132,425612,93664,3412,221784,63.758099352051836
1791398161,795568,27928,425820,93664,3440,223960,62.27027027027027
1791398167,794012,28032,426180,93664,3464,221912,62.629757785467135
1791398173,793892,28044,425908,93664,3564,221912,68.0
1791398179,794120,27932,426232,93664,3564,221912,63.57051555176822
1791398185,796096,27984,426236,93664,3564,223832,68.4065351156376
1791398191,793444,27828,425912,93664,3564,221656,73.46938775510205
1791398196,793988,28312,425848,93664,3564,221784,75.60553633217994
1791398202,793992,27968,426064,93664,3564,221912,66.25187727955374
1791398208,794196,28232,426004,93664,3564,221912,66.44808743169399
1791398214,795896,29284,426648,93664,3568,221912,63.4619530071136
1791398220,794120,28228,425932,93664,3568,221912,73.19922128487994
1791398226,796388,27568,426696,93664,3568,224076,64.75607088164516
1791398232,795800,26960,426792,93664,3608,223948,67.56171502815072
1791398237,797276,27852,427352,93664,3608,223948,65.02673796791444
1791398243,796108,27476,427644,93664,3608,222864,66.79578222509146
1791398249,793704,27224,426704,93664,3608,221656,62.8632938643703
1791398255,793448,27188,426352,93664,3608,221784,72.44231606443186
1791398261,793560,26940,426712,93664,3608,221784,65.75816569327276
1791398267,793340,26640,426668,93664,3608,221912,68.64006864006865
1791398273,794140,27112,426992,93664,3608,221912,63.90482260463139
1791398279,793368,26668,426668,93664,3608,221912,62.550737022003844
1791398285,793644,26884,426728,93664,3608,221912,69.06842890641654
1791398291,793688,26928,426724,93664,3608,221912,66.22231778112234
1791398297,793956,27052,426996,93664,3608,221784,63.565891472868216
1791398302,793640,27052,426680,93664,3608,221784,76.4795144157815
1791398308,794876,27740,427228,93664,3608,221784,64.3598615916955
1791398314,799116,28140,426988,93664,3608,225868,65.2027027027027
1791398320,798120,27100,427032,93664,3608,225868,69.7081081081081
1791398326,796808,27300,427436,93664,3608,223948,66.85381127186353
1791398332,795812,26644,426968,93664,3608,224076,62.521294718909715
1791398338,794864,26764,426984,93664,3608,222992,63.339070567986234
1791398344,794532,27528,427096,93664,3608,221784,72.97821867586802
1791398350,794912,27660,427220,93664,3608,221912,65.71187868576243
1791398356,794140,27120,426984,93664,3612,221912,69.09398814563929
1791398362,794156,27020,427228,93664,3612,221784,66.98481561822126
1791398368,794248,27404,427060,93664,3612,221656,66.95427092320966
1791398374,794504,27372,427092,93664,3612,221912,62.05997392438071
1791398379,793816,26888,427060,93664,3580,221784,63.130881094952954
1791398385,794444,27504,427200,93664,3580,221656,65.81289342305188
1791398391,793564,26732,427092,93664,3580,221656,60.220525869380836
1791398397,793956,27024,427068,93664,3580,221784,59.46176847501068
1791398403,794080,26760,427456,93664,3580,221784,59.755312298776566
1791398409,794152,26648,427512,93664,3580,221912,62.65060240963856
1791398415,794268,26932,427472,93664,3580,221784,67.55479157713793
1791398421,797196,27256,428024,93664,3580,223832,73.11446317657497
1791398426,794556,26936,427752,93664,3580,221784,61.93437701050826
1791398432,795656,27640,428148,93664,3580,221784,66.58152405278842
1791398438,795224,27356,428000,93664,3580,221784,62.16734085586545
1791398444,794520,27184,427788,93664,3364,221784,67.38807553575218
1791398450,794560,27416,427468,93664,3364,221912,65.55962907051973
1791398456,794356,26916,427692,93664,3412,221912,66.68102519922464
1791398462,794048,26672,427628,93664,3412,221912,61.22098022355976
1791398468,795048,27444,427820,93664,3528,221784,72.47745813653928
1791398474,794592,26972,427704,93664,3532,221912,63.91663048198003
1791398480,794176,26672,427592,93664,3532,221912,63.59327875915554
1791398486,794352,26780,427660,93664,3532,221912,59.04761904761905
1791398491,794460,26888,427912,93664,3532,221656,70.03250270855904
1791398497,794688,27168,427604,93664,3536,221912,60.13353435278914
1791398503,795044,27360,427892,93664,3536,221784,62.020758313916545
1791398509,796552,26820,427892,93664,3536,223832,62.73172810568932
1791398515,794656,27240,427628,93664,3536,221784,65.732154410179
1791398521,796320,26860,427620,93664,3536,223832,61.03448275862069
1791398527,794560,26844,427796,93664,3536,221912,59.734702610184
1791398533,795956,26624,427520,93664,3512,223832,59.6058046350444
1791398539,795500,27244,428360,93664,3512,221912,64.32596445600348
1791398545,796556,26596,428020,93664,3512,223960,59.488502041693536
1791398551,796972,28180,429024,93664,3512,221784,66.38078902229846
1791398556,795424,27424,428232,93664,3512,221784,69.41431670281996
1791398562,796016,27356,429124,93664,3588,221656,65.47182034117901
1791398568,795336,27044,428632,93664,3588,221784,62.646420824295014
1791398574,795036,26856,428392,93664,3588,221912,64.95800129226794
1791398580,799616,27012,428824,93664,3592,225888,65.14486391571555
1791398586,795576,27036,428868,93664,3592,221784,65.75342465753424
1791398592,796216,27148,429264,93664,3592,221912,72.93007293007292
1791398598,795924,27204,428916,93664,3592,221912,67.06586826347305
1791398603,795684,27228,428784,93664,3592,221784,70.40971168437025
1791398609,796844,27648,429520,93664,3592,221784,66.36185499673417
1791398615,795684,26980,428904,93664,3592,221912,73.96721311475409
1791398621,796000,27056,429140,93664,3592,221912,62.98128629812862
1791398627,795960,27388,428900,93664,3592,221784,63.435374149659864
1791398633,797144,27884,428916,93664,3592,222456,67.95497982586537
1791398639,796860,27276,429236,93664,3592,222456,61.066098081023455
1791398645,796356,27132,428876,93664,3596,222456,64.39361242986621
1791398651,796348,27340,428932,93664,3596,222184,62.762048843743244
1791398657,795468,26776,429012,93664,3596,221784,65.61835954101147
1791398662,795512,26824,429012,93664,3596,221784,69.48356807511738
1791398668,796428,26884,429864,93664,3596,221784,66.50872280852896
1791398674,796488,26960,429848,93664,3596,221784,63.230835859679516
1791398680,799116,26948,430312,93664,3596,223960,64.5602049530316
1791398686,796792,27000,430116,93664,3596,221784,63.6265398746488
1791398692,798004,27328,430868,93664,3596,221912,66.66666666666666
1791398698,797136,27084,430372,93664,3596,221784,61.80555555555556
1791398704,797128,27312,430136,93664,3596,221784,66.2010582010582
1791398710,796708,27012,429892,93664,3596,221912,65.68712186689714
1791398716,797540,27008,430700,93664,3612,221912,67.3155959333766
1791398722,798240,26740,429748,93664,3612,223832,60.16713091922006
1791398727,797096,26928,430460,93664,3612,221784,73.80588876772083
1791398733,798900,27036,429980,93664,3612,223960,65.43718811021914
1791398739,797064,27380,429976,93664,3612,221784,67.9245283018868
1791398745,796804,27004,429964,93664,3612,221912,73.01038062283737
1791398751,797900,27280,430912,93664,3612,221784,67.94567794783359
1791398757,797800,26936,431028,93664,3612,221912,63.97263202907847
1791398763,798272,27092,431344,93664,3612,221912,62.5299368604398
1791398769,797744,26840,431172,93664,3636,221784,61.55191256830601
1791398774,797700,26860,431112,93664,3636,221784,63.55140186915887
1791398780,797484,26732,431024,93664,3636,221784,61.45900581020013
1791398786,798220,27344,431016,93664,3640,221912,63.66366366366366
1791398792,800380,27092,431504,93664,3640,223832,62.13760276936391
1791398798,797548,26848,431084,93664,3472,221912,61.15525016104788
1791398804,798656,27556,431612,93664,3472,221784,59.06270062058635
1791398810,799720,28204,431900,93664,3472,221912,66.7814113597246
1791398816,799648,28028,431324,93664,3484,222584,63.15336631533663
1791398822,798752,27172,431356,93664,3520,222456,65.93220338983052
1791398828,798696,26996,431460,93668,3524,222456,70.72691552062868
1791398834,798376,26780,431468,93668,3528,222328,76.67456385957355
1791398839,798604,27228,431788,93668,3528,221784,62.51632564214192
1791398845,798980,27352,432040,93668,3528,221784,64.6918918918919
1791398851,798272,27256,431556,93668,3528,221656,69.49773658115973
1791398857,800508,26884,431860,93668,3528,223960,65.01950585175553
1791398863,798468,27032,431720,93668,3528,221912,60.64291920069505
1791398869,797944,26812,431420,93668,3528,221912,64.83682731791657
1791398875,800528,26944,431612,93668,3528,223960,62.96216216216216
1791398881,798488,26956,431724,93668,3528,221784,66.62340471555267
1791398886,798080,26816,431460,93664,3528,221784,60.319488817891376
1791398892,799332,27384,432092,93664,3560,221784,67.66950076302595
1791398898,798632,26936,431844,93664,3560,221784,63.60120326600773
1791398904,798712,27028,431828,93668,3560,221784,64.1313742437338
1791398910,635280,27040,315256,93668,3560,174912,73.34054054054054
1791398916,633924,26872,313552,93668,3560,175424,65.35162950257289
1791398922,634352,27484,313368,93668,3560,175424,65.5766296054066
1791398928,634204,27460,313368,93668,3564,175296,71.0100568430258
1791398933,634520,27008,314240,93664,3588,175168,71.4164546225615
1791398939,634768,27116,314124,93664,3588,175424,66.32478632478632
1791398945,635064,27264,314144,93664,3588,175552,67.14254812892061
1791398951,634900,27156,314216,93664,3588,175424,64.54935622317596
1791398957,634264,26904,313832,93664,3588,175424,65.94063634422379
1791398963,636408,27788,314944,93664,3600,175552,71.64179104477611
1791398969,634860,26808,314500,93664,3604,175424,60.06944444444444
1791398975,634560,26600,314408,93664,3604,175424,64.2146257031588
1791398981,635312,27300,314328,93664,3604,175552,63.07125839289582
1791398987,634760,26780,314424,93664,3604,175424,67.81411359724613
1791398993,634976,27180,314116,93664,3604,175552,67.1400903808909
1791398998,635424,27168,314732,93676,3704,175424,64.78506296135475
1791399004,634556,26892,314144,93676,3704,175424,59.764309764309765
1791399010,635764,27196,314916,93676,3704,175552,66.4259927797834
1791399016,635280,26860,314768,93676,3704,175552,62.748450523616164
1791399022,635252,26996,314608,93676,3704,175552,63.043948906689764
1791399028,635284,27036,314596,93676,3704,175552,64.11089452025125
1791399034,636524,27548,315024,93676,3704,175852,66.96333969061243
1791399040,638264,27520,314744,93676,3704,177900,65.70629972049021
1791399046,637376,27772,315112,93676,3704,176388,72.7743048070705
1791399052,638060,26824,314700,93676,3704,178436,64.622030237581
1791399057,636392,26888,315144,93676,3704,176260,69.87898789878987
1791399063,645924,27564,316204,93676,3612,184192,71.86147186147186
1791399069,644208,27328,314952,93676,3640,183936,64.96843021989986
1791399075,643456,26796,314736,93676,3640,183936,63.32544633254463
1791399081,644436,26864,315516,93676,3640,184064,60.33810143042913
1791399087,644216,26944,315348,93676,3640,183936,67.24137931034483
1791399093,647008,27128,315588,93676,3640,186300,62.216461438755665
1791399099,644632,26636,315932,93676,3608,184124,61.049011177987964
1791399105,645800,27448,315944,93676,3608,184252,62.7147766323024
1791399110,645364,26908,316040,93676,3608,184252,64.26400347372991
1791399116,645504,27072,316012,93676,3608,184252,67.008547008547
1791399122,645244,26864,315960,93676,3608,184252,62.30366492146597
1791399128,645152,26716,315888,93676,3608,184380,72.13832348435106
1791399134,644448,26680,315424,93676,3468,184380,60.9950463062675
1791399140,645308,27256,315704,93676,3468,184380,66.02620087336246
1791399146,644556,26792,315544,93676,3468,184252,71.43163769049153
1791399151,645416,27488,315496,93676,3548,184380,66.78383128295255
1791399157,646720,26928,315440,93676,3548,186300,62.12441811256877
1791399163,644736,26912,315516,93676,3548,184252,65.3763440860215
1791399169,644808,26828,315580,93676,3524,184380,67.66688410524027
1791399175,644520,26656,315464,93676,3524,184380,69.93191302437953
1791399181,644668,26768,315500,93676,3524,184380,64.40382941688425
1791399187,647304,27884,316400,93676,3524,184964,62.60720411663808
1791399192,646424,27168,316236,93676,3524,184964,64.40316036728592
1791399198,645308,27160,315128,93676,3524,184964,67.598365942808
1791399204,645848,27504,315324,93676,3524,184964,62.6575738789006
1791399211,645696,27220,315456,93676,3524,184964,69.98930481283423
1791399216,645220,27308,315108,93676,3524,184964,69.35413957520589
1791399222,644600,26708,314960,93676,3524,185092,63.79421221864951
1791399228,645912,27260,315516,93676,3524,185292,65.56521739130434
1791399234,645116,26884,315072,93676,3548,185292,64.80446927374301
1791399240,648800,27652,315812,93676,3548,187468,69.27763272410792
1791399246,645348,26908,315092,93676,3592,185420,69.93677785044692
1791399252,645252,26884,315008,93676,3596,185420,63.30196749358426
1791399257,645676,27340,315100,93676,3596,185292,72.47447316967195
1791399263,645344,26936,315172,93676,3596,185292,60.57983556901774
1791399269,645004,26816,314956,93676,3596,185292,63.36464560204953
1791399275,645896,27268,315392,93676,3596,185292,62.8435403592296
1791399281,645352,27132,314988,93676,3596,185292,66.26506024096386
1791399287,647660,27120,315128,93676,3596,187468,69.44322665497589
1791399293,646268,26960,315948,93676,3596,185420,70.10576300453269
1791399299,646572,27140,315948,93676,3668,185420,65.67293151868654
1791399305,647204,27544,316304,93676,3668,185292,68.37606837606837
1791399310,646536,27108,316072,93676,3668,185292,66.59421864811998
1791399316,648360,26960,315992,93676,3668,187344,64.7766323024055
1791399322,646036,26776,315908,93676,3668,185292,65.24338172502135
1791399328,646096,26756,315988,93676,3668,185292,65.77701248385708
1791399334,645984,26796,315836,93676,3668,185292,61.43315508021391
1791399340,645944,26808,315912,93676,3668,185164,65.64818856394588
1791399346,646116,26624,316012,93676,3668,185420,62.44324324324324
1791399352,648788,27032,316224,93676,3668,187468,65.07834299205838
1791399358,647956,28184,316284,93676,3672,185420,62.89416846652268
1791399364,646120,26792,315972,93676,3672,185292,70.94696156323813
1791399369,646524,27180,315984,93676,3672,185292,63.05676855895197
1791399375,646480,26956,316036,93676,3672,185420,67.1400903808909
1791399381,646788,27204,316096,93676,3672,185420,67.31898238747553
1791399387,647020,27400,316284,93676,3656,185292,61.286145878290895
1791399393,646392,26932,315992,93676,3656,185420,66.59569938258463
1791399399,648456,26924,316016,93676,3656,187468,67.74962096599523
1791399405,647196,27448,316280,93676,3656,185420,63.80051590713671
1791399411,646680,27120,316068,93676,3680,185420,67.87350054525628
1791399417,648736,27088,316236,93676,3680,187340,65.73456657345666
1791399422,647148,27468,316188,93676,3680,185420,74.89288774635818
1791399428,646444,27060,315892,93676,3680,185420,73.67032967032966
1791399434,646488,27156,315968,93676,3680,185292,68.38487972508591
1791399440,645908,26816,315732,93676,3680,185292,60.25392726490209
1791399446,646120,26952,315680,93676,3680,185420,62.90568503593988
1791399452,647416,27860,315936,93676,3680,185548,61.77942136175767
1791399458,648620,27264,315944,93676,3680,187340,65.67418119948958
1791399464,645760,26876,315524,93676,3680,185292,65.7934292462959
1791399469,648924,27600,315912,93676,3680,187340,70.8040093836639
1791399475,648980,27576,316016,93676,3656,187340,63.93795777682033
1791399481,646676,27444,315800,93676,3656,185164,63.78970427163198
1791399487,647264,27352,316228,93676,3656,185420,64.17391304347827
1791399493,649416,27488,316196,93676,3656,187468,68.48181224134176
1791399499,647240,27480,316072,93676,3660,185420,66.83982683982684
1791399505,647604,27708,316332,93676,3660,185292,67.17948717948717
1791399511,647836,28036,316240,93676,3660,185292,70.83153813011633
1791399516,647200,28344,315292,93676,3660,185292,71.63136055907403
1791399522,647288,28252,314940,93676,3660,185828,66.4819944598338
1791399528,646588,27596,314896,93676,3660,185828,69.90629766833733
1791399534,646228,27512,315024,93676,3660,185420,65.01401164043975
1791399540,646032,27220,315116,93680,3660,185420,68.22107081174438
1791399546,646196,27532,315096,93680,3660,185292,67.22257857601026
1791399552,645540,27028,314948,93680,3660,185292,71.49674620390456
1791399558,646344,27776,315000,93676,3660,185292,67.48038360941587
1791399563,649452,28328,315608,93676,3688,187212,68.5020593973553
1791399569,646928,28024,315296,93676,3692,185292,69.38954765041721
1791399575,649752,27840,316020,93676,3692,187568,73.09991460290351
1791399581,648356,26800,315672,93676,3692,187568,62.30366492146597
1791399587,648780,27152,315736,93676,3692,187568,72.55452386093715
1791399593,649912,27752,316268,93676,3692,187568,68.07775377969763
1791399599,646660,27288,315632,93676,3692,185420,68.43810758263123
1791399605,646552,27248,315688,93676,3692,185292,67.25893824485374
1791399611,647344,27996,315604,93676,3692,185420,69.17293233082707
1791399617,646016,27000,315532,93676,3692,185164,69.21912178239239
1791399622,645952,26784,315556,93676,3692,185292,66.0920748370822
1791399628,646984,27632,315732,93680,3692,185292,64.90150391866129
1791399634,646032,26980,315436,93680,3692,185292,66.97362913352868
1791399641,648236,27380,315276,93676,3692,187468,62.504729474082474
1791399648,645912,26944,315564,93676,3692,185292,63.481648554439204
1791399653,646212,27256,315552,93676,3692,185292,70.64935064935065
1791399659,645712,26808,315500,93676,3692,185292,63.585313174946
1791399665,646492,27320,315636,93676,3692,185420,65.99006694018571
1791399671,646552,27636,315512,93676,3692,185292,66.99934909958777
1791399677,646404,27416,315456,93676,3692,185420,65.67164179104478
1791399683,648405,29196,315636,93676,3712,185420,74.06457130639299
1791399689,646281,27300,315400,93676,3716,185420,60.49116760017233
1791399695,646193,27096,315512,93676,3716,185420,64.37177280550775
1791399701,648229,27152,315444,93664,3716,187468,63.38329764453962
1791399707,645885,26856,315568,93664,3716,185292,61.920034209963646
1791399712,646017,27000,315532,93664,3740,185292,65.3448275862069
1791399718,646273,26720,316072,93664,3740,185292,64.74289433716642
1791399724,646625,26992,316148,93664,3740,185292,61.00369324353683
1791399730,646317,26712,315996,93664,3740,185420,63.13043478260869
1791399736,650713,27836,317216,93664,3740,187468,65.99738105630729
1791399742,648677,26744,316272,93664,3740,187468,66.58042259594653
1791399748,646357,26840,315908,93664,3740,185420,61.511953478354506
1791399753,646389,26788,316116,93664,3740,185292,66.40726329442282
1791399759,646933,27484,315840,93664,3740,185420,63.11263972484953
1791399765,646309,27108,315848,93664,3740,185164,62.112340056386905
1791399771,646233,26844,316164,93664,3644,185164,62.94855166450497
1791399777,645913,26716,315972,93664,3644,185164,65.5342937002795
1791399783,647997,26864,315732,93664,3644,187340,65.58773424190801
1791399789,645737,26736,315796,93664,3544,185292,63.54413986617742
1791399795,647645,26944,315744,93664,3344,187340,64.97548497122149
1791399801,645257,26616,315732,93664,3344,185292,64.33203631647211
1791399807,645145,26620,315744,93664,3344,185164,62.84246575342466
1791399812,645589,26916,315832,93664,3388,185164,65.85577758470895
1791399818,645805,27040,315796,93664,3388,185292,60.80760095011877
1791399824,645565,26812,315784,93664,3388,185292,64.93563168230416
1791399830,645709,27076,315788,93668,3388,185164,60.50129645635264
1791399836,647513,26668,315824,93668,3388,187340,73.40563991323211
1791399842,645937,27032,315892,93668,3420,185292,63.57730619315721
1791399848,645885,26960,316004,93668,3436,185164,72.47567567567567
1791399854,647921,26896,315832,93664,3440,187212,61.26582278481013
1791399859,645841,26716,315852,93664,3440,185292,66.04388442320226
1791399865,646073,27000,315800,93664,3440,185292,69.1273735865159
1791399871,646349,27104,315900,93664,3496,185292,65.80310880829016
1791399877,648185,26980,315788,93664,3504,187340,63.91752577319587
1791399883,647329,27936,316040,93664,3580,185164,66.25187727955374
1791399889,646445,27036,315920,93664,3584,185292,62.08082545141874
1791399895,646549,26888,315992,93664,3616,185420,66.49484536082474
1791399901,646829,27160,315976,93664,3632,185420,65.19289120069354
1791399907,647197,27172,316464,93664,3632,185292,71.12264763140817
1791399913,647117,27132,316424,93664,3632,185292,63.310580204778155
1791399918,648589,27544,317480,93664,3632,185292,68.58137510879025
1791399924,649637,27096,316932,93664,3632,187340,61.93109315185028
1791399930,648641,27656,317420,93664,3632,185292,67.45945945945945
1791399936,647829,27320,317072,93664,3632,185164,76.26492942453854
1791399942,647821,27132,317128,93664,3632,185292,63.903281519861835
1791399948,647965,27096,317180,93664,3632,185420,68.18477553675993
1791399954,649705,28184,317824,93664,3636,185420,67.96368352788586
1791399960,648577,27608,317336,93728,3636,185292,62.20489495343296
1791399965,648485,27540,317312,93724,3636,185292,62.8099173553719
1791399971,651437,27868,317228,93724,3636,188004,67.25435390238658
1791399977,648257,26832,317132,93724,3636,185956,64.21745593544277
1791399983,648889,27452,317140,93724,3636,185956,65.22781774580336
1791399989,648309,26896,317516,93724,3636,185560,68.76889848812095
1791399995,649453,27824,317996,93724,3636,185292,65.21081081081081
1791400001,647921,26720,317444,93724,3636,185420,64.22852196494266
1791400007,649237,27308,318168,93724,3636,185420,63.903281519861835
1791400013,648785,27288,317840,93724,3660,185292,64.75374732334048
1791400018,648153,26768,317728,93724,3660,185292,60.61899679829242
1791400024,648661,27148,317728,93724,3660,185420,68.37310195227766
1791400030,650441,26896,317712,93724,3660,187468,65.39462272333044
1791400036,648249,26896,317700,93724,3660,185292,65.07011866235167
1791400042,648941,27336,317940,93728,3660,185292,62.92714377820761
1791400048,648597,27136,317668,93728,3660,185420,63.21763807029033
1791400054,649065,27572,317688,93728,3672,185420,62.881355932203384
1791400060,648593,27040,317744,93728,3672,185420,64.63599049470729
1791400066,647893,26576,317640,93728,3672,185292,60.52173913043478
1791400071,648421,27016,317624,93728,3648,185420,64.41784548422198
1791400077,648293,26872,317640,93728,3648,185420,60.75949367088608
1791400083,648305,27092,317560,93728,3648,185292,61.973036593194955
1791400089,648141,26760,317600,93728,3648,185420,59.42757264583789
1791400095,648317,26884,317648,93728,3648,185420,66.27831715210355
1791400101,650393,26948,317600,93724,3648,187468,60.96878363832078
1791400107,647829,26720,317492,93724,3528,185420,65.16072980017377
1791400113,648397,26868,318060,93724,3512,185292,61.40503035559411
1791400118,647693,26552,317676,93724,3512,185292,60.155574762316334
1791400124,648009,26804,317980,93724,3352,185292,60.33854724662524
1791400130,648361,27208,318052,93724,3352,185164,62.59508802434254
1791400136,648413,26772,318412,93724,3352,185292,61.01987899740708
1791400142,649825,27304,319028,93724,3464,185420,63.094727818259756
1791400148,651353,27068,318728,93724,3464,187468,64.83682731791657
1791400154,649437,27144,318648,93724,3468,185548,66.16541353383458
1791400160,648997,26968,318640,93724,3468,185292,63.230835859679516
1791400165,649485,27032,319060,93724,3468,185292,65.12425021422452
1791400171,649089,27204,318624,93724,3468,185164,68.21163095758635
1791400177,652613,26912,322184,93724,3468,185420,71.21866897147797
1791400183,651389,27364,320496,93724,3468,185420,70.35659593086851
1791400189,652989,26928,320488,93724,3468,187468,66.70976082740788
1791400195,650785,26892,320364,93724,3468,185420,64.25005426524854
1791400201,650653,26716,320412,93724,3468,185420,61.81818181818181
1791400206,659877,27324,320640,93724,3580,193636,64.39890133107966
1791400213,658821,26640,320272,93724,3580,193636,63.8906683749733
1791400218,660633,27880,320840,93724,3580,193636,69.42869603139992
1791400224,663737,26892,322592,93724,3580,195980,69.59502892650525
1791400230,663489,27208,322016,93724,3592,195980,66.11998273629693
1791400236,663753,27608,321996,93724,3596,195852,68.86509635974303
1791400242,664781,28248,321840,93724,3596,196392,69.16970607165844
1791400248,663921,27348,321876,93724,3600,196392,69.23736075407027
1791400254,663697,27148,321724,93724,3600,196520,69.59517657192076
1791400260,663201,27056,321588,93724,3600,196252,71.71453437771976
1791400266,662945,27048,321612,93724,3600,195980,63.97952655150352
1791400272,663185,27100,321924,93724,3600,195852,67.93103448275862
1791400277,665013,27696,322988,93724,3640,195980,66.00086843247938
1791400283,664997,26972,321756,93724,3644,197900,63.54900704676489
1791400289,663993,27460,322172,93724,3648,195980,72.71168274383709
1791400295,664401,27828,322212,93724,3648,195980,70.58823529411765
1791400301,663241,27008,321872,93724,3648,195980,63.11263972484953
1791400307,663913,27500,322052,93724,3648,195980,67.9749838257494
1791400313,664233,27236,322612,93724,3672,195980,65.17739816031536
1791400319,666329,27316,322708,93724,3672,197900,71.96870925684486
1791400324,664009,27104,322648,93724,3672,195852,66.63796814464055
1791400330,663833,27224,322356,93724,3672,195852,74.46626814688301
1791400336,663985,27160,322568,93724,3672,195852,64.02059643853251
1791400342,663757,27284,322216,93724,3672,195852,67.43491250533505
1791400348,663597,26932,322284,93724,3672,195980,67.87564766839378
1791400354,664585,27132,323324,93724,3672,195724,70.41101786098558
1791400360,664021,26916,322980,93724,3672,195724,65.23235800344234
1791400366,664041,26812,322976,93724,3672,195852,68.16692156434345
1791400372,663973,26812,322932,93724,3648,195852,70.43045641358425
1791400378,665785,27692,323856,93724,3648,195852,67.67676767676768
1791400384,664625,27252,323264,93724,3648,195724,66.16150681965793
1791400389,664169,26940,323120,93724,3648,195724,71.56002567943506
1791400395,664385,27416,322864,93724,3648,195724,67.3521850899743
1791400401,664881,27572,322948,93724,3648,195980,67.23989681857265
1791400407,665997,28184,323576,93724,3648,195852,65.7510729613734
1791400413,668985,28724,323852,93724,3664,198008,70.280694236126
1791400419,677677,27868,324644,93724,3688,206736,68.67469879518072
1791400425,675941,27248,323524,93724,3688,206736,66.94987255734918
1791400431,677725,27048,323460,93724,3688,208784,65.6962850315012
1791400437,673689,27184,323492,93724,3688,204580,69.39216958684837
1791400443,674081,27216,323852,93724,3688,204580,69.20897799084767
1791400448,673305,26784,323512,93724,3688,204580,67.61301594234548
1791400454,675113,27804,324424,93724,3688,204452,68.31576683157668
1791400460,673885,27252,323748,93724,3688,204452,66.98564593301435
1791400466,673929,27424,323620,93724,3688,204452,66.02357984994642
1791400472,673913,27144,323756,93724,3688,204580,73.91874180865007
1791400478,674273,27448,323836,93724,3664,204580,67.5200694293773
1791400484,673561,26992,323584,93724,3664,204580,66.53804930332261
1791400490,675689,27068,323712,93724,3664,206500,68.63084922010398
1791400495,674085,27488,323608,93724,3664,204580,67.68305776250804
1791400501,673845,27288,323828,93724,3664,204324,66.85189142979269
1791400507,673829,27064,323904,93724,3664,204452,66.766531136315
1791400513,676573,27524,324012,93724,3664,206628,66.66666666666666
1791400519,674505,27012,324508,93724,3664,204580,66.76756756756757
1791400525,674629,27080,324560,93724,3664,204580,72.5557461406518
1791400531,674973,27620,324364,93724,3664,204580,72.31736397138522
1791400537,677353,27208,325108,93724,3664,206628,62.28583821296899
1791400543,679177,27228,324984,93724,3664,208556,75.16663083207912
1791400548,676506,26912,324736,93724,3664,206500,60.419822549231775
1791400554,675814,28048,324824,93724,3664,204580,71.46231479493235
1791400560,676406,28132,324792,93724,3664,205120,65.99355531686358
1791400566,675854,27552,324944,93724,3664,204992,67.46152178625623
1791400572,676238,27316,325564,93724,3664,204992,75.71801566579634
1791400578,676378,27472,325548,93724,3668,204992,68.73508353221956
1791400584,675894,27372,325576,93724,3668,204580,62.97726297726298
1791400590,675542,26820,325900,93724,3668,204452,65.76750160565189
1791400595,677658,26996,325668,93724,3668,206628,65.59347499463404
1791400601,675538,27052,325668,93724,3668,204452,63.51968675222972
1791400607,676266,27364,325824,93724,3668,204708,63.45067362016514
1791400613,676034,27368,325844,93724,3668,204452,68.23580220254804
1791400619,675862,27188,325724,93724,3668,204580,62.599698210821295
1791400625,675526,27084,325492,93724,3668,204580,64.60807600950119
1791400631,675718,27176,325592,93724,3668,204580,63.22965487856839
1791400637,675246,26832,325464,93724,3668,204580,69.10994764397905
1791400643,677378,27040,325492,93724,3652,206500,66.99848517636875
1791400648,675638,26992,325972,93728,3652,204324,75.18732605437808
1791400654,676738,27928,325880,93724,3652,204580,66.24756123997399
1791400660,675814,27348,325536,93724,3652,204580,70.19641332194705
1791400666,675718,27520,325396,93724,3652,204452,65.91823766151239
1791400672,675694,27444,325572,93724,3656,204324,75.59870550161813
1791400678,675894,27800,325416,93724,3656,204324,77.6093546990039
1791400684,676242,27448,325992,93724,3656,204452,72.39344262295081
1791400690,677714,27696,326676,93724,3656,204992,74.76149176062445
1791400696,677222,27080,326796,93724,3656,204992,66.56580937972768
1791400702,677058,27240,326604,93724,3656,204864,68.42789086184496
1791400707,676582,27092,326544,93724,3656,204596,66.04225658897843
1791400713,676874,27468,326728,93724,3656,204324,67.70025839793283
1791400719,676378,27152,326528,93724,3680,204324,66.12279948475741
1791400725,676714,27112,326644,93724,3680,204580,64.20600858369099
1791400731,676258,26900,326404,93724,3680,204580,64.42141623488774
1791400737,676338,26808,326576,93724,3680,204580,69.52771188268278
1791400743,676750,27232,326564,93724,3680,204580,66.85094620455028
1791400749,676630,27060,326612,93724,3680,204580,64.20824295010846
1791400755,676734,27316,326588,93724,3680,204452,73.79310344827587
1791400760,676806,27172,326804,93724,3680,204452,63.1578947368421
1791400766,677206,27452,326948,93724,3664,204452,73.00771208226222
1791400772,677574,27616,327148,93724,3668,204452,64.57789382071365
1791400778,677650,27816,327048,93724,3644,204452,71.48420597144094
1791400784,677126,27072,327140,93724,3644,204580,67.08450399827102
1791400790,677858,27580,327492,93724,3644,204452,66.06606606606607
1791400796,677502,27468,327120,93724,3644,204580,65.24271844660194
1791400802,676790,26960,327044,93724,3644,204452,68.6411149825784
1791400807,679266,27408,327024,93724,3644,206500,72.69587740125189
1791400813,676734,26924,326900,93724,3644,204580,62.37346543183286
1791400819,677334,27412,327012,93724,3644,204580,66.25714890912943
1791400825,676830,27248,326928,93724,3644,204324,64.16470083637144
1791400831,677202,27460,326960,93724,3644,204452,64.11029728565273
1791400837,677358,27672,326904,93724,3644,204452,72.2040549378679
1791400843,677278,27624,326868,93724,3644,204452,69.88944287882073
1791400849,679414,27752,328340,93724,3644,204992,66.68091472536867
1791400855,681210,27552,328284,93724,3644,207040,65.41531823085222
1791400861,678602,27212,328192,93724,3644,204864,67.85714285714286
1791400867,678098,27296,327832,93724,3688,204596,65.71304724750759
1791400872,678118,27068,328320,93724,3692,204324,71.60863063447981
1791400878,678354,27472,328156,93724,3692,204324,63.56821589205397
1791400884,678190,27508,327952,93724,3692,204324,65.69468267581475
1791400890,678026,27252,327888,93724,3720,204452,62.88879420536856
1791400896,678314,27448,327980,93724,3720,204452,69.0721649484536
1791400902,677822,27024,327912,93724,3720,204452,61.97424892703862
1791400908,677434,26792,327760,93724,3720,204452,64.00690101358637
1791400914,678226,27116,328096,93724,3720,204580,65.93121349772875
1791400920,678478,27168,328296,93724,3720,204580,68.56641823761508
1791400926,678126,26860,328256,93724,3720,204580,62.454796851733676
1791400932,679590,27996,328704,93724,3720,204452,70.8904109589041
1791400937,679830,27684,329256,93724,3720,204452,69.81254040077569
1791400943,678890,27340,328660,93724,3720,204452,70.09687836383208
1791400949,679642,27568,329284,93724,3644,204452,67.50107898144152
1791400955,679346,27608,329076,93724,3644,204324,64.6186895810956
1791400961,678398,27120,328616,93724,3644,204324,69.68641114982579
1791400967,680854,27432,328584,93724,3648,206500,69.13793103448276
1791400973,679134,27536,328804,93724,3648,204452,70.90829311101359
1791400979,678182,26940,328480,93724,3628,204452,65.40344901000638
1791400985,678718,27244,328584,93724,3628,204580,72.26927252985885
1791400990,679262,27272,329224,93724,3628,204452,77.46478873239437
1791400996,678694,27392,328536,93724,3628,204452,65.41531823085222
1791401002,678326,27008,328552,93724,3628,204452,73.72310367311454
1791401008,679498,27884,328720,93724,3628,204580,75.2697453603798
1791401014,678238,26928,328420,93724,3628,204580,72.3644251626898
1791401020,680506,27224,328340,93724,3628,206628,62.04986149584487
1791401026,678614,27384,328336,93724,3628,204580,68.03367148715735
1791401032,678590,26912,328784,93724,3628,204580,72.93347873500545
1791401037,678410,26856,328788,93724,3628,204452,72.41304817455175
1791401043,679242,27348,329124,93724,3628,204452,60.693263570961406
1791401049,678922,27396,329104,93724,3628,204324,67.72303017147819
1791401055,679542,27592,329292,93724,3612,204580,63.559322033898304
1791401061,679934,27400,329616,93724,3616,204836,67.598365942808
1791401067,679534,27332,329412,93724,3616,204708,65.1993898452822
1791401073,679838,27880,329172,93724,3616,204708,69.32528562190127
1791401079,680822,28080,329288,93724,3616,205376,67.73134981404507
1791401084,679786,27240,329216,93724,3616,205248,66.37706342311034
1791401090,681402,28020,330180,93724,3616,205120,66.76730644813456
1791401096,679962,27096,329408,93724,3616,205376,66.8815817751988
1791401102,679750,27088,329744,93724,3616,204836,64.1031149301826
1791401108,682750,27940,329844,93724,3616,206884,72.94623655913979
1791401114,679150,26860,329504,93724,3616,204708,74.14803559800303
1791401120,680522,27792,329940,93724,3616,204708,74.11918225315355
1791401126,680222,27728,329808,93724,3640,204580,65.67685589519651
1791401131,681966,28308,329876,93724,3640,205660,68.21305841924399
1791401137,682502,27040,329512,93724,3640,207836,64.93450719347219
1791401143,680782,27284,329580,93724,3648,205788,66.31944444444444
1791401149,681597,26628,329568,93724,3648,207296,61.592148309705564
1791401155,679705,27304,329564,93724,3664,204708,67.62527233115469
1791401161,680813,28000,329960,93724,3676,204708,62.610191356697484
1791401167,681141,26868,329504,93724,3676,206628,62.20677671589922
1791401172,679893,27168,329744,93724,3676,204836,64.40164466565679
1791401178,679601,27264,329484,93724,3676,204708,67.35184780231795
1791401184,682133,27176,329928,93724,3676,206884,66.39847554520432
1791401190,680781,27556,330220,93724,3700,204836,66.30599437351222
1791401196,681110,27956,330128,93724,3700,204836,66.85429746698419
1791401202,683902,28164,330060,93724,3744,207424,67.98866855524079
1791401208,682962,27016,330264,93724,3748,207424,64.07518154634772
1791401214,681013,27196,330204,93724,3748,205376,67.1400903808909
1791401219,680841,27276,330472,93724,3748,204852,65.91889559965487
1791401225,680573,27320,330304,93724,3748,204708,70.0365670036567
1791401231,682458,27172,330656,93724,3748,206372,65.35162950257289
1791401237,682358,26844,331012,93724,3748,206244,68.3138274815778
1791401243,683150,27504,331140,93724,3748,206244,61.91897654584222
1791401249,681982,26972,330532,93724,3724,206244,63.24453108078839
1791401255,683346,27584,331148,93724,3728,206372,65.13426423200859
1791401261,682298,26836,330980,93724,3728,206244,66.9831678895123
1791401267,684614,27164,331044,93724,3728,208168,73.55119825708061
1791401272,682702,27216,331128,93724,3728,206116,72.24367224367224
1791401278,683174,27476,331212,93724,3728,206244,70.05795235028977
1791401284,684010,28152,331372,93724,3728,206244,65.99029554477282
1791401290,685502,28300,331896,93724,3744,207044,70.10576300453269
1791401296,684090,26864,331792,93724,3744,207172,67.67784661397137
1791401302,686762,27240,332036,93724,3744,209220,61.39254149601208
1791401308,686202,27004,331988,93724,3744,208948,68.699012451696
1791401314,685898,28148,332856,93724,3744,206628,68.31536673007821
1791401320,686138,27012,332184,93724,3744,208676,66.47960284912584
1791401326,685814,27792,333128,93724,3744,206628,64.37581557198781
1791401331,685262,27860,332636,93724,3744,206500,68.72436865961579
1791401337,686506,27260,332432,93724,3744,208548,71.13777587315192
1791401343,684750,27484,332500,93724,3744,206500,72.57093723129837
1791401349,685394,27884,332696,93724,3688,206628,66.53569089718403
1791401355,685006,27932,332388,93724,3688,206500,75.58239861949957
1791401361,690334,28576,332740,93724,3692,210828,68.31812255541068
1791401367,687010,27424,332620,93724,3692,208780,69.10533274570295
1791401372,686406,27324,332240,93724,3692,208652,67.84083496412264
1791401378,685614,27084,331816,93724,3692,208524,68.10344827586206
1791401384,684526,27144,331884,93724,3692,207308,67.96032772746874
1791401390,685846,27232,331748,93724,3692,208676,66.72413793103448
1791401396,685734,27048,331820,93724,3692,208676,72.80663465735486
1791401402,683526,26872,331836,93724,3692,206628,68.49135099627765
1791401408,683770,27088,331864,93724,3692,206628,63.24859974149074
1791401413,683446,26668,332092,93724,3692,206500,64.9728555917481
1791401419,683162,26748,331728,93724,3692,206500,62.15277777777778
1791401425,684006,27236,331956,93724,3692,206628,67.48651564185545
1791401431,684406,27376,332216,93724,3692,206628,70.78724788549121
1791401437,684026,26816,332504,93724,3616,206628,63.882276563514395
1791401443,684454,27220,332528,93724,3616,206628,68.08877397112691
1791401449,685426,27728,332988,93724,3616,206628,64.72379295345803
1791401455,685258,27968,332168,93724,3616,207044,63.525305410122165
1791401460,684654,27036,332496,93724,3616,207044,67.62744676274468
1791401466,689050,27216,332480,93724,3616,211276,65.83797685383627
1791401472,685766,27664,332848,93724,3616,207172,73.4375
1791401478,686478,27316,334232,93724,3616,206628,66.7238421955403
1791401484,685538,26692,333920,93724,3616,206628,67.26881720430107
1791401490,686238,27008,334276,93724,3640,206628,70.0412774277645
1791401496,688094,26964,334096,93724,3668,208676,67.61301594234548
1791401502,686802,27124,334804,93724,3672,206500,64.18685121107266
1791401507,686702,27084,334232,93724,3676,207012,69.59547629404089
1791401513,686750,27056,334308,93724,3676,207012,62.438185336486775
1791401519,688654,26856,334364,93724,3676,209060,64.76683937823834
1791401525,686894,27252,334252,93724,3676,207012,66.38078902229846
1791401531,686858,27160,334312,93724,3676,207012,67.29939603106126
1791401537,686414,26720,334308,93724,3676,207012,62.12416179969716
1791401543,687662,27700,334440,93724,3676,207140,71.37870855148341
1791401549,687682,27768,334416,93724,3652,207140,65.6988082340195
1791401554,687550,27996,334312,93724,3652,206884,67.89730532569489
1791401560,688170,28396,334404,93724,3652,207012,68.07775377969763
1791401566,687886,28292,334224,93724,3652,207012,69.88265971316818
1791401572,688154,28420,334236,93724,3652,207140,63.0406852248394
1791401578,687662,28168,334128,93724,3652,207012,62.853442693718975
1791401584,689170,28180,335108,93724,3652,207524,63.729107879314085
1791401590,688870,27940,335052,93724,3652,207524,66.83982683982684
1791401596,689298,28160,335128,93724,3652,207652,63.76811594202898
1791401602,689474,28364,335228,93724,3652,207524,71.76137600696713
1791401607,689794,28332,335580,93724,3652,207524,72.3231459713614
1791401613,690030,28580,335568,93724,3652,207524,68.03013993541443
1791401619,689194,28144,335300,93724,3652,207396,63.470221457751016
1791401625,689498,28380,335364,93724,3652,207396,77.07698999565028
1791401631,689754,28540,335332,93724,3652,207524,69.66340933767644
1791401637,690046,27720,336040,93724,3656,207924,70.38887681946557
1791401643,691386,26880,336172,93724,3656,209972,62.993492407809114
1791401649,689334,26752,336044,93724,3656,208180,65.18518518518519
1791401655,689642,27256,336100,93724,3656,207924,72.80477408354646
1791401661,691374,26652,336132,93724,3656,210228,66.9815371404036
1791401666,689994,27512,336068,93724,3656,208052,66.89536878216124
1791401672,690330,27516,336400,93724,3656,208052,72.67950963222417
1791401678,689922,27312,336196,93724,3656,208052,67.3326248671626
1791401684,689954,27188,336224,93724,3656,208180,67.5200694293773
1791401690,689726,27052,336260,93724,3656,208052,63.29442282749675
1791401696,691602,27312,336956,93724,3680,208948,71.6134598792062
1791401702,690578,27156,336080,93728,3680,208948,66.0629581716257
1791401708,690634,26780,336512,93728,3680,208948,65.33795493934143
1791401714,691406,27364,336828,93728,3680,208820,62.51082251082251
1791401719,692520,26924,337348,93724,3692,208820,72.01565557729941
1791401725,691110,26956,336792,93724,3696,208948,65.7439446366782
1791401731,691382,27348,336672,93724,3696,208948,66.2020905923345
1791401737,690834,26976,336624,93724,3696,208820,58.772687986171135
1791401743,690990,27060,336696,93724,3696,208820,66.4235142673246
1791401749,691110,27160,336716,93724,3696,208820,62.23166843783209
1791401755,691170,27316,336612,93724,3696,208820,66.84073107049609
1791401761,695798,27064,338952,93724,3672,211384,71.51225862443046
1791401766,693874,27312,338692,93728,3672,209464,69.96931170539237
1791401772,693530,27060,338596,93724,3672,209464,62.16099870856651
1791401778,693634,27248,338516,93724,3672,209464,69.9228791773779
1791401784,693726,27404,338580,93724,3672,209336,70.01925957628931
1791401790,693526,27164,338596,93724,3696,209336,69.98930481283423
1791401796,693838,27124,338816,93724,3696,209464,63.38181028869112
1791401802,693738,27244,338600,93724,3696,209464,67.62744676274468
1791401808,693686,27180,338612,93724,3696,209464,63.275862068965516
1791401814,693174,26780,338628,93724,3696,209336,63.60120326600773
1791401819,693794,27076,338948,93724,3696,209336,63.655550865344026
1791401825,694210,27152,339288,93724,3696,209336,69.08935442496794
1791401831,695814,27200,338800,93724,3696,211384,62.129293791337744
1791401837,692870,26868,338236,93724,3696,209336,63.95895681915349
1791401843,694190,27620,338800,93724,3696,209336,65.4901126940251
1791401849,694358,27960,338528,93724,3672,209464,71.82823682498373
1791401855,695486,28260,338688,93724,3672,210132,70.46450482033305
1791401861,693958,26996,338552,93724,3672,210004,59.58360163125134
1791401867,693982,26944,338628,93724,3672,210004,62.973262032085564
1791401873,694222,27208,338604,93724,3672,210004,63.80051590713671
1791401879,693498,27200,338424,93724,3672,209464,60.499893185216834
1791401885,693214,26932,338408,93724,3672,209464,63.27009166489022
1791401891,693742,26844,338900,93724,3672,209592,63.45123258306538
1791401896,694322,27500,338948,93724,3672,209464,66.15384615384615
1791401902,694002,27412,338716,93724,3672,209464,61.630644125829235
1791401908,693270,27244,338144,93724,3684,209464,68.51165831335803
1791401914,693542,27024,338504,93724,3684,209592,71.4682624492413
1791401920,693398,27192,338184,93724,3688,209592,72.45937161430119
1791401926,693578,27100,338320,93724,3692,209720,64.32420780340591
1791401932,693386,26884,338348,93724,3692,209720,65.40120793787749
1791401938,695486,27068,338216,93724,3692,211768,63.0755864465682
1791401944,693094,26832,338236,93724,3692,209592,64.8228176318064
1791401949,693554,27052,338344,93724,3692,209720,61.904761904761905
1791401955,694162,26932,339200,93724,3692,209592,65.92763020288642
1791401961,693998,27012,338960,93724,3692,209592,60.47405509288918
1791401967,693686,27028,338628,93724,3692,209592,63.91752577319587
1791401973,693998,27096,338744,93724,3692,209720,60.678985818650624
1791401979,695378,27504,338924,93724,3716,210488,65.58230318802862
1791401985,695218,27356,339040,93724,3716,210360,67.07000864304236
1791401991,694474,26924,338856,93724,3716,210232,63.16688006828852
1791401997,696238,27516,339764,93724,3716,210488,66.06451612903226
1791402003,694454,26680,338820,93724,3716,210488,73.91874180865007
1791402009,695926,27884,339208,93728,3716,210360,70.76124567474048
1791402014,697482,27148,339452,93728,3716,212408,72.58620689655172
1791402020,695986,27644,339632,93724,3720,210232,66.91224268689058
1791402026,697494,27448,339416,93724,3720,212152,68.54700854700855
1791402032,695502,27532,339372,93740,3720,210104,67.54155730533682
1791402038,697810,27300,339484,93740,3720,212536,63.69371329127692
1791402044,695210,26876,339484,93740,3720,210360,62.5
1791402050,698050,27804,341112,93740,3720,210640,71.29391602399315
1791402056,697182,27076,340876,93740,3696,210768,59.202059202059196
1791402061,696954,27084,340768,93740,3696,210640,67.77609682299546
1791402067,697114,27308,340704,93740,3696,210640,62.73504273504273
1791402073,697450,27280,341068,93740,3696,210640,67.32844195079845
1791402079,697318,27504,340712,93740,3696,210640,62.355460385438974
1791402085,697242,27284,340856,93740,3696,210640,74.78604344963792
1791402091,696550,26800,340524,93740,3696,210768,65.34524068830319
1791402097,697530,27208,340708,93740,3696,211152,67.02749512881576
1791402103,697138,26924,340476,93740,3696,211280,70.84233261339092
1791402109,696966,26888,340468,93740,3696,211152,65.20051746442432
1791402114,697382,27332,340416,93740,3712,211152,64.30260047281324
1791402120,697790,27496,340652,93736,3716,211152,63.076260232658335
1791402126,697098,27092,340580,93736,3716,211152,63.31811263318112
1791402132,697258,26904,340924,93736,3716,211152,63.951473136915084
1791402138,697682,27096,341028,93736,3716,211280,60.176230388996345
1791402144,697690,27280,340856,93736,3716,211280,68.01965392010254
1791402150,698022,27156,341052,93736,3716,211536,67.13765788910297
1791402156,699762,27676,341888,93736,3716,211920,67.12177934375688
1791402162,698306,26972,341264,93736,3716,211792,66.37856525496974
1791402167,701038,27316,341464,93736,3728,213968,71.31060766461994
1791402173,699554,28096,341236,93736,3732,211920,67.07000864304236
1791402179,700530,28308,341324,93736,3732,212592,68.60590390002154
1791402185,701830,27800,341216,93736,3732,214512,67.75862068965517
1791402191,700542,27912,341732,93736,3732,212592,66.92810457516339
1791402197,698750,26856,341396,93736,3732,212196,63.11226701343736
1791402203,698782,27028,341404,93736,3732,212048,66.05504587155964
1791402209,698842,27136,341356,93736,3732,212048,65.1826237302788
1791402215,702934,27380,342260,93736,3732,214988,69.11483761409467
1791402221,701026,27260,342520,93736,3732,212940,66.8971477960242
1791402226,700254,27076,342060,93736,3732,212812,71.84170471841705
1791402232,701238,27704,342416,93736,3732,212812,63.820612332902115
1791402238,706030,28012,342448,93736,3732,217268,71.49592798971281
1791402244,702730,27112,342352,93736,3732,214964,65.78662627136983
1791402250,703122,27296,342432,93736,3732,215092,66.91288290245492
1791402256,704970,27176,342476,93736,3732,217012,71.94676969306718
1791402262,701874,27316,342240,93736,3732,214016,71.3703624276217
1791402268,700698,27240,342216,93736,3732,212940,73.84076990376202
1791402274,701650,26692,341796,93736,3732,214860,63.75678610206298
1791402279,701098,27352,342604,93736,3756,212812,68.76202694034637
1791402285,702674,26996,343512,93736,3756,213836,75.118177911474
1791402291,702334,27028,343144,93736,3756,213836,66.89595872742906
1791402297,703234,27408,343532,93736,3756,213964,71.3495104299702
1791402303,703274,27340,343640,93736,3756,213964,64.38562513449537
1791402309,703882,27604,343984,93736,3756,213964,73.46236559139786
1791402315,703798,27864,343892,93736,3760,213708,66.73833584175446
1791402321,703114,27348,343596,93736,3760,213836,63.339070567986234
1791402327,703970,28136,343536,93736,3760,213964,64.77592552500542
1791402333,703682,27936,343452,93736,3760,213964,69.64746345657782
1791402339,703602,27996,343336,93736,3736,213964,71.55727155727156
1791402345,703230,27776,343312,93736,3736,213836,71.78378378378379
1791402350,703582,27956,343356,93736,3736,213964,62.405200433369444
1791402356,703550,27948,343332,93736,3736,213964,63.97263202907847
1791402362,703838,28352,343344,93736,3736,213836,68.25465569510611
1791402368,703743,28228,343368,93736,3736,213836,65.40990793511618
1791402374,703571,27932,343368,93736,3736,213964,62.71113035946298
1791402380,704059,28408,343380,93736,3736,213964,67.11120671112067
1791402386,703631,27976,343384,93736,3736,213964,63.366336633663366
1791402392,705551,27908,343452,93736,3736,215884,69.41654199615303
1791402397,703203,27688,343372,93736,3736,213836,61.45900581020013
1791402403,703699,28156,343396,93736,3736,213836,66.05343845816908
1791402409,703795,28196,343452,93736,3736,213836,62.74176408076514
1791402415,703991,27912,343804,93736,3736,213964,69.81943250214961
1791402421,703255,27300,343680,93736,3736,213964,59.991330732553095
1791402427,703771,26952,344548,93736,3736,213964,68.4446340943034
1791402433,704363,27024,345044,93736,3760,213964,70.82529474812434
1791402439,704311,27168,344848,93736,3760,213964,66.50872280852896
1791402445,704531,27164,345068,93736,3760,213964,66.7515923566879
1791402451,704871,27360,345212,93736,3760,213964,64.96678808656524
1791402456,704187,26956,345060,93736,3760,213836,69.20415224913495
1791402462,704575,27080,345328,93736,3760,213836,66.31243358129649
1791402468,704739,27328,345240,93736,3760,213836,66.97912228376651
1791402474,704451,27136,345148,93736,3760,213836,65.99006694018571
1791402480,704611,27128,345188,93736,3760,213964,60.888313928417425
1791402486,704991,27280,345540,93736,3760,213836,64.46700507614213
1791402492,705071,27508,345440,93736,3720,213836,72.53886010362694
1791402498,705107,27136,345720,93736,3720,213964,64.0975397343784
1791402504,706391,26944,345280,93736,3720,215884,63.02924487123527
1791402510,704787,27288,345376,93736,3720,213836,66.06914212548016
1791402516,704543,26992,345300,93736,3724,213964,63.03972366148531
1791402521,704707,26988,345588,93736,3724,213836,67.20069279064734
1791402527,705899,27824,345944,93736,3724,213836,65.93311758360302
1791402533,706235,27076,346648,93736,3724,214220,67.41573033707866
1791402539,706839,27392,346716,93736,3724,214220,68.24397655741264
1791402545,706063,26864,346468,93736,3724,214220,67.26726726726727
1791402551,706303,27160,346412,93736,3724,214220,64.86021505376344
1791402557,707359,27752,346876,93736,3724,214220,68.61063464837049
1791402563,706671,27260,346680,93736,3724,214220,65.4901126940251
1791402569,706659,27296,346632,93736,3724,214220,64.77320898685885
1791402575,706319,27108,346480,93736,3724,214220,63.725910064239834
1791402581,706175,27228,346344,93736,3724,214092,70.64439140811456
1791402586,706299,26988,346708,93736,3724,214092,63.3697281096125
1791402592,709183,27476,347032,93736,3740,216140,64.37177280550775
1791402598,707275,27724,346924,93736,3740,214092,68.46303082560897
1791402604,707231,27592,346880,93736,3744,214220,68.88792730419732
1791402610,708823,27136,347008,93736,3744,216140,59.667541557305334
1791402616,706963,27208,346996,93736,3744,214220,64.09648933878958
1791402622,706439,26864,346816,93736,3744,214220,66.63766855154415
1791402628,710051,27696,347548,93736,3744,216268,65.59594251901945
1791402634,706707,26944,347132,93736,3744,214092,61.71083818142642
1791402639,707083,27080,347248,93736,3744,214220,68.25703846980443
1791402645,708223,27808,347656,93736,3744,214220,64.96598639455783
1791402651,707359,27444,347412,93736,3744,213964,74.4186046511628
1791402657,707651,27160,347344,93736,3744,214608,71.04643697838647
1791402663,707731,27124,347332,93736,3744,214736,69.73031283710895
1791402669,709435,27028,347088,93736,3744,216784,67.46567879712356
1791402675,708327,27532,347516,93736,3744,214736,66.89478186484175
1791402681,708047,27320,347448,93736,3744,214736,65.66135286514432
1791402687,708091,27344,347468,93736,3744,214736,67.12446351931331
1791402693,707995,27172,347544,93736,3744,214736,72.18960643618178
1791402699,709603,26712,347692,93736,3744,216656,69.49872557349192
1791402704,708379,27504,347720,93736,3748,214608,68.81906825568798
1791402710,708191,27028,347856,93736,3676,214864,64.18685121107266
1791402716,708431,27264,347736,93736,3676,214992,64.27350427350427
1791402722,708995,27308,348380,93736,3676,214864,67.86409867993942
1791402728,708419,27248,347740,93736,3676,214992,64.4468313641246
1791402734,708579,27000,348124,93736,3700,214992,63.35959122844369
1791402740,708615,27296,347992,93736,3700,214864,64.53000645300064
1791402746,708823,27084,348280,93736,3700,214992,68.47311827956989
1791402752,708775,26984,348332,93736,3700,214992,63.49206349206349
1791402758,708439,26776,348336,93736,3700,214864,66.1679846120966
1791402763,708439,26716,348396,93736,3700,214864,65.44671689989235
1791402769,712143,27008,351808,93736,3700,214864,68.66508518438646
1791402775,710155,26768,350060,93736,3700,214864,60.086580086580085
1791402781,710875,27252,350040,93736,3700,215120,68.41307642346828
1791402787,710971,26996,350388,93736,3700,215120,63.75188455739823
1791402793,710335,26884,349892,93736,3676,215120,68.20758831225469
1791402799,711199,27204,350428,93736,3680,215120,64.12278831805585
1791402805,711947,27516,350736,93736,3680,215248,65.37890044576523
1791402811,711351,26964,350564,93736,3680,215376,64.13719185423365
1791402817,711015,26820,350376,93736,3680,215376,62.346609257265875
1791402822,711567,27096,350268,93736,3680,215760,70.44776119402985
1791402828,712039,27384,350448,93736,3680,215760,69.69367803606343
1791402834,711695,27208,350156,93736,3680,215888,62.74848746758859
1791402840,711771,27012,350380,93736,3712,215888,64.92951730029903
1791402846,711775,27036,350360,93736,3712,215888,61.671719359029886
1791402852,712319,27496,350440,93736,3712,215888,66.20330147697653
1791402858,713535,27392,350608,93736,3712,217044,63.74294398610508
1791402864,714567,27828,350660,93736,3712,217584,71.04180203595408
1791402869,714003,27244,350808,93736,3712,217456,66.7387075859088
1791402875,717575,28176,352168,93736,3712,218736,72.47507585609017
1791402881,716359,27824,351444,93736,3712,218596,66.55231560891939
1791402887,718171,27652,351544,93736,3712,220480,71.63398692810458
1791402893,717967,27264,351860,93736,3712,220352,68.19841099420228
1791402899,718303,27840,351480,93736,3720,220480,72.44163211869954
1791402905,717003,27320,351776,93736,3720,219404,65.90860330401202
1791402911,715479,27148,351504,93736,3720,218324,69.9828473413379
1791402917,715323,27152,351600,93736,3720,218068,67.63948497854078
1791402922,717219,27028,351444,93736,3720,220244,69.22083512699096
1791402928,716519,27536,352028,93736,3720,218452,66.62395900064062
1791402934,718355,27400,351824,93736,3720,220628,69.1891891891892
1791402940,715571,27196,351420,93736,3720,218452,65.44671689989235
1791402946,716911,28036,351920,93736,3720,218452,70.29360967184802
1791402952,715823,27264,351604,93736,3720,218452,68.1876883340508
1791402958,715975,27476,351416,93736,3720,218580,75.82037996545769
1791402964,715783,27316,351388,93736,3720,218580,66.76678824286634
1791402970,715711,27292,351464,93736,3720,218452,73.16967195307407
1791402975,717111,27888,351920,93736,3720,218796,69.29406669553919
1791402981,716619,27900,351420,93736,3720,218796,70.08803951041443
1791402987,719171,28156,351812,93736,3720,220696,67.77322698857512
1791402993,718343,27532,351488,93736,3720,220824,66.70931968436767
1791402999,717923,27284,351312,93736,3720,220824,62.583279604556196
1791403005,717599,26780,351364,93736,3720,220952,74.15730337078652
1791403011,715487,26784,351404,93736,3720,218796,61.11705542478065
1791403017,715519,26828,351392,93736,3720,218796,66.1328716727981
1791403023,715731,26972,351460,93736,3720,218796,60.90928866652165
1791403029,715979,27292,351516,93736,3720,218668,69.06724511930585
1791403034,716435,26968,351884,93736,3744,219052,63.29707826828748
1791403040,716071,26948,351540,93736,3744,219052,63.258232235701904
1791403046,716059,26868,351608,93736,3744,219052,62.6916524701874
1791403052,715971,26764,351624,93736,3744,219052,61.98166739415103
1791403058,716363,27060,351716,93736,3744,219052,63.409337676438646
1791403064,716035,26704,351620,93736,3744,219180,70.88164515423321
1791403070,717999,27876,352408,93736,3744,219180,64.1036717062635
1791403076,716567,26952,351900,93736,3744,219180,63.95250212044105
1791403082,716723,27264,351872,93736,3744,219052,61.392949269131556
1791403087,719067,27076,352352,93736,3744,221100,65.05190311418684
1791403093,717987,27504,352760,93736,3744,219180,65.04770164787512
1791403099,717319,26868,352728,93736,3744,219180,62.04081632653061
1791403105,717211,26872,352616,93736,3744,219180,62.77214917007976
1791403111,717323,26996,352608,93736,3744,219180,66.95132365499573
1791403117,717563,26968,352876,93736,3744,219180,70.8969670896967
1791403123,719799,27152,352880,93736,3744,221228,62.86086390275667
1791403129,717795,27212,352864,93736,3744,219180,61.49848419229104
1791403134,716799,26696,352512,93736,3744,219052,65.95105195362817
1791403140,718287,27528,352912,93736,3744,219308,64.95501426377002
1791403146,718691,28240,352504,93736,3720,219436,67.74124220932731
1791403152,718531,28304,352412,93736,3720,219308,63.21199143468951
1791403158,718475,28332,352456,93736,3720,219180,67.08342315154128
1791403164,718491,28212,352464,93736,3720,219308,62.18776916451335
1791403170,718747,28236,352440,93736,3720,219564,66.24646815909585
1791403176,719315,28736,352632,93736,3720,219436,62.174381054897744
1791403182,717947,27708,352424,93736,3720,219308,64.81361775479422
1791403187,721971,28164,353168,93736,3724,222128,66.92406692406692
1791403193,720047,28348,353104,93736,3724,220080,66.62317895194607
1791403199,721887,28436,352808,93736,3724,222128,62.907755454741846
1791403205,720495,28768,353132,93736,3724,220080,65.48596112311014
1791403211,719659,28340,352724,93736,3724,220080,72.53930648287745
1791403217,721063,29220,353248,93736,3724,220080,67.37023476200731
1791403223,721147,29328,353224,93736,3724,220080,67.50324534833405
1791403229,722611,29012,353368,93736,3740,221692,66.5947811084753
1791403234,723039,29000,353936,93736,3740,221564,72.57130602616341
1791403240,726195,29576,355388,93736,3740,222692,72.60215053763442
1791403246,724727,29208,354688,93736,3740,222292,64.0888698995941
1791403252,724563,29252,354480,93736,3740,222292,70.53726169844022
1791403258,725003,29008,355036,93736,3740,222420,69.475935828877
1791403264,724643,29084,354728,93736,3740,222292,73.24429125376992
1791403270,724355,28576,354820,93736,3740,222420,65.58497011101623
1791403276,726907,28820,355208,93736,3740,224340,72.88465700064921
1791403282,728743,28684,356452,93736,3740,225068,69.79635584137192
1791403288,730475,29560,357308,93736,3740,225068,71.68027503223034
1791403294,730227,29320,357172,93736,3740,225196,72.27253126347564
1791403299,729443,28976,356988,93736,3740,224940,74.43868739205527
1791403305,731187,30180,357400,93736,3740,225068,71.78378378378379
1791403311,729591,29092,356764,93736,3740,225196,71.47999153080669
1791403317,728023,27740,356548,93736,3740,225196,74.67126535891356
1791403323,730675,28572,356448,93736,3740,227116,82.88989833441488
1791403329,731203,28664,356628,93736,3740,227372,72.37929534580252
1791403335,731667,28828,358472,93736,3740,225828,76.48578811369508
1791403341,733231,29812,358924,93736,3740,225956,74.63006648080635
1791403347,731639,28556,358588,93736,3740,225956,78.02340702210662
1791403352,730847,28464,358144,93736,3740,225700,73.9714161974881
1791403358,730567,28364,357968,93736,3740,225700,80.87012156110045
1791403364,731163,28780,358144,93736,3740,225700,71.6777945293991
1791403370,731091,28604,357992,93736,3740,225956,75.96133190118152
1791403376,730815,28392,357928,93736,3740,225956,68.90283488422419
1791403382,733543,29128,357996,93736,3744,227876,72.33398226260005
1791403388,732959,29424,359012,93736,3768,225956,65.18771331058021
1791403394,737591,28800,360120,93736,3768,230104,76.93296209038338
1791403400,737379,28864,359848,93736,3768,230104,73.47816734781674
1791403406,739011,29424,360916,93736,3768,230104,78.91513560804898
1791403411,741947,29280,361956,93736,3768,232144,76.17413682178855
1791403417,742963,28856,361224,93736,3768,234320,82.37556077761162
1791403423,739055,28860,360436,93736,3768,231192,72.32027550581145
1791403429,739843,29132,362040,93736,3768,230104,74.29062768701634
1791403435,738655,28800,361188,93736,3848,229976,70.66836951894423
1791403441,744015,29164,364200,93736,3848,231960,76.16645649432535
1791403447,744235,29344,364136,93736,3824,232088,75.09025270758123
1791403453,743595,29580,363388,93736,3824,231960,76.77208287895311
1791403459,742847,28808,363412,93736,3824,231960,67.58383490971626
1791403465,744003,29392,363856,93736,3824,232088,76.73574022644733
1791403471,743551,29424,363372,93736,3824,232088,67.89030446987692
1791403477,743531,29004,363644,93736,3824,232216,69.59532568708072
1791403483,743331,29084,363484,93736,3828,232092,66.05981794538361
1791403488,748351,29496,366044,93736,3828,234140,75.82534611288605
1791403494,751879,30472,368092,93736,3828,234640,77.30220492866408
1791403500,752739,28476,368904,93736,3828,236688,71.59066581031898
1791403506,755919,29888,370448,93736,3828,236912,72.01197348727817
1791403512,750899,28864,370664,93736,3828,232700,73.82753403933434
1791403518,750651,28716,370564,93736,3828,232700,69.16576381365114
1791403524,750999,28992,370616,93736,3752,232828,75.9871931696905
1791403530,752051,28996,369616,93736,3752,234876,68.86509635974303
1791403536,749371,28436,369544,93736,3752,232828,70.53688345700567
1791403542,749655,28584,369676,93736,3752,232828,66.7535853976532
1791403547,750631,28208,369588,93736,3752,234268,73.08431163287086
1791403553,752331,28572,370796,93736,3752,234396,71.2280701754386
1791403559,754919,28888,371148,93736,3752,236316,73.70212765957447
1791403565,751315,28336,370272,93736,3752,234140,66.0629581716257
1791403571,752007,28704,370724,93736,3752,234012,70.58823529411765
1791403577,754647,28672,371092,93736,3752,236316,72.97881539126675
1791403583,753955,29344,371776,93736,3752,234268,81.34715025906736
1791403589,752139,28664,370640,93736,3752,234268,69.40796555435954
1791403595,751739,27764,371012,93736,3752,234396,75.73560767590618
1791403601,750075,27060,370180,93736,3752,234268,71.25296527927539
1791403606,759107,27560,372996,93736,3752,239984,76.19047619047619
1791403612,758643,27616,372476,93736,3752,239984,77.74672113523974
1791403618,761299,28584,374036,93736,3752,240112,82.16216216216216
1791403624,758867,27468,372592,93736,3752,240240,78.04455980964742
1791403630,758183,27928,373364,93736,3752,238324,74.10598879793191
1791403636,755315,26732,371828,93736,3752,238192,68.20634578027196
1791403642,759279,27364,373236,93736,3752,240112,77.41935483870968
1791403648,756395,27452,372312,93736,3752,238064,78.41773527494023
1791403654,756847,27576,372768,93736,3752,237936,83.94525309580708
1791403659,756895,27228,373036,93736,3752,238064,79.33595456531236
1791403665,757531,27936,372964,93736,3752,238064,81.4782226132864
1791403671,757347,27792,372800,93736,3752,238192,76.70296818278881
1791403677,759891,28464,373996,93736,3752,238864,77.6106387617179
1791403683,757235,27244,372688,93736,3752,238736,74.92447129909365
1791403689,758431,27700,373276,93736,3776,238864,81.92463274430487
1791403695,759271,27196,372704,93736,3776,240780,71.79930795847751
1791403701,757639,27580,373272,93736,3776,238196,72.25471085120208
1791403706,756811,27692,372456,93736,3784,238064,68.45107503290917
1791403712,757319,27192,373456,93736,3784,238068,71.8635283955949
1791403718,759611,27432,373332,93736,3784,240244,67.48439853669034
1791403724,757579,27152,373632,93736,3784,238192,69.96728462377317
1791403730,758295,27640,373860,93736,3784,238192,65.260439087387
1791403736,758979,28420,373760,93736,3784,238196,70.3014753046825
1791403742,759415,28604,373884,93736,3784,238324,70.28291852797277
1791403748,760867,28788,374228,93736,3760,239272,75.87663709336712
1791403754,758679,27316,373512,93736,3760,239272,78.30961621388529
1791403760,758179,27320,373144,93736,3760,239140,74.18589605348286
1791403766,757339,26812,373220,93736,3760,238732,71.64948453608247
1791403771,757071,27204,373228,93736,3760,238064,68.93890675241158
1791403777,764043,28156,379216,93736,3784,238068,76.70296818278881
1791403783,762799,27476,378528,93736,3784,238192,78.62279363695794
1791403789,765403,27504,379184,93736,3784,240116,75.70597111446432
1791403795,762719,27100,379084,93736,3784,237936,75.14198339886413
1791403801,762839,27208,378968,93736,3784,238064,80.45375218150087
1791403807,762575,27220,378564,93736,3784,238192,72.80423280423281
1791403813,762523,27332,378580,93736,3748,238064,68.06704858900913
1791403819,763331,27696,378912,93736,3740,238196,65.76285775769314
1791403825,762487,26988,378772,93736,3740,238196,65.23605150214593
1791403830,763847,27284,379508,93736,3700,238580,76.59756358196196
1791403836,764787,28112,379624,93736,3692,238580,72.28915662650603
1791403842,765619,28292,379728,93736,3692,239120,69.29805845956902
1791403848,765003,27380,379896,93736,3692,239248,68.96551724137932
1791403854,765759,27268,380768,93736,3692,239244,77.67491926803014
1791403860,766667,28216,380900,93736,3756,238976,63.61487212551042
1791403866,766867,28112,381472,93736,3756,238708,65.55386949924127
1791403872,766447,28064,381104,93736,3756,238704,67.42160278745645
1791403878,767519,27560,381148,93736,3756,240240,68.45839604386154
1791403884,768259,27848,381632,93736,3724,240244,63.38658146964856
1791403889,767607,27584,381376,93736,3724,240116,73.8831615120275
1791403895,769023,27824,382036,93736,3724,240628,67.76715899218071
1791403901,769107,28392,381552,93736,3724,240628,71.5322236448997
1791403907,769447,28400,381760,93736,3724,240752,64.5386969829471
1791403913,768831,28060,381612,93736,3724,240624,72.06896551724138
1791403919,769843,28596,382084,93736,3724,240628,66.82413570968436
1791403925,770239,28692,382260,93736,3724,240752,71.10355092494153
1791403931,770147,28580,382276,93736,3724,240756,69.09954653422587
1791403937,770271,28620,382364,93736,3724,240752,73.27037118383484
1791403943,770135,28596,382376,93736,3728,240624,75.29204320035265
1791403948,770955,29796,381900,93736,3792,240624,71.43783783783783
1791403954,772143,29760,383120,93736,3792,240624,79.67374973170209
1791403960,771327,29108,382960,93736,3792,240624,79.70921530895873
1791403966,770887,28620,383008,93736,3796,240624,80.26519337016575
1791403972,773131,30308,383424,93736,3796,240756,84.84587195516275
1791403978,771555,29096,383056,93736,3804,240756,67.35751295336787
1791403984,770135,28176,382780,93736,3804,240752,78.719723183391
1791403990,769647,27932,382660,93736,3804,240628,71.23884171565426
1791403995,769871,27716,383104,93736,3804,240624,78.48537005163512
1791404001,771559,28716,383784,93736,3804,240628,76.53367653367653
1791404007,770371,28052,383136,93736,3804,240752,83.42385400825549
1791404013,770439,28152,383232,93736,3804,240624,79.48051948051949
1791404019,769647,27448,383140,93736,3804,240628,82.77056277056278
1791404025,770295,27764,383472,93736,3804,240628,67.2311600338696
1791404031,772923,28680,383848,93736,3804,241964,74.23208191126281
1791404037,771175,27472,383488,93736,3768,241836,71.17253293025264
1791404043,771555,27500,383836,93736,3768,241836,68.28639002365082
1791404049,771243,27668,384020,93736,3768,241172,68.28844483058211
1791404054,770671,27616,384044,93736,3768,240628,73.61647361647363
1791404060,773991,27624,385008,93736,3768,242980,72.77464177160226
1791404066,772919,27232,384456,93736,3768,242852,66.60929432013769
1791404072,773867,27564,384812,93736,3768,243108,62.406497114768115
1791404078,774763,27144,384460,93736,3792,244756,63.4000852151683
1791404084,773107,27608,384656,93736,3792,242436,67.73572803078896
1791404090,775539,27592,385056,93724,3792,244484,67.23549488054607
1791404096,773343,27772,384860,93724,3792,242308,75.93160894344587
1791404102,775959,29416,385572,93724,3792,242564,78.31431079894644
1791404107,773895,28136,384904,93728,3804,242436,87.11842390127732
1791404113,772875,27112,384896,93728,3808,242436,71.51411462788708
1791404119,773323,27504,384952,93724,3808,242436,68.10695187165776
1791404125,772899,27348,384684,93724,3808,242436,68.61632474901789
1791404131,775315,27416,384860,93724,3808,244608,70.73538926029761
1791404137,772947,27140,384836,93724,3784,242560,70.82703519758151
1791404143,773127,27284,384872,93724,3784,242560,70.57793345008757
1791404149,772983,27152,384860,93724,3784,242560,76.45405405405405
1791404154,772979,27408,384724,93728,3784,242432,72.82207256137302
1791404160,773391,27384,384936,93728,3784,242436,72.63271939328277
1791404166,773379,27396,384784,93728,3784,242564,72.03627726193046
1791404172,773435,27664,384572,93724,3784,242564,80.0
1791404178,773307,27420,384816,93724,3784,242436,69.4692144373673
1791404184,773843,27800,384844,93724,3784,242564,70.2030124426981
1791404190,773771,27888,384556,93724,3784,242692,82.56721595836947
1791404196,775715,28084,384384,93724,3784,244612,79.94774657086872
1791404202,776379,28580,384552,93724,3784,244612,79.22994652406418
1791404208,774435,28516,384852,93724,3784,242432,76.7833981841764
1791404213,774315,28460,384656,93724,3784,242564,74.59694989106754
1791404219,775075,29028,384976,93724,3784,242436,66.96950032446463
1791404225,774651,28636,384948,93724,3784,242432,66.75381263616558
1791404231,775911,29104,385604,93724,3784,242564,80.62964582422387
1791404237,775671,29276,385200,93724,3784,242560,81.29653964082347
1791404243,773019,27308,384516,93724,3784,242560,79.49663701453677
1791404249,773487,27796,384492,93724,3784,242564,79.73655323819978
1791404255,775543,27276,385148,93724,3784,244484,79.8451279845128
1791404260,777107,28540,385444,93724,3784,244484,79.82646420824295
1791404266,774579,28276,384684,93724,3784,242980,69.78942844864633
1791404272,774067,27448,385004,93724,3784,242976,68.22510822510822
1791404278,774143,27584,384944,93724,3784,242976,74.51487710219922
1791404284,773527,27452,384600,93728,3784,242832,68.60616587060356
1791404290,773995,27776,385012,93728,3784,242564,74.03508771929825
1791404296,774319,27856,385256,93728,3784,242564,71.9350704826997
1791404302,775927,27724,385076,93728,3784,244484,77.50325097529259
1791404307,773491,27224,385060,93728,3784,242564,76.93285320906588
1791404313,774095,28040,384976,93728,3784,242436,81.13413304252998
1791404319,774199,27608,385512,93728,3784,242436,69.72162740899358
1791404325,773715,27680,384960,93728,3784,242432,73.57490993854631
1791404331,773331,27312,384812,93728,3784,242564,64.61211477151966
1791404337,773343,27468,384672,93728,3784,242560,68.19558632626568
1791404343,773703,27612,384884,93728,3784,242564,71.56989247311827
1791404349,772811,26860,384752,93728,3784,242560,70.19064124783363
1791404355,775215,27648,385824,93728,3784,243100,71.90816547541694
1791404361,774083,26856,385492,93728,3784,243096,68.63500213949509
1791404367,775087,27244,386104,93728,3784,243096,65.5342937002795
1791404372,774383,27268,385372,93728,3784,243100,68.5516943665012
1791404378,776087,27272,385132,93728,3808,245020,64.49957228400342
1791404384,775919,27828,386376,93728,3776,243096,74.48693022251027
1791404390,774651,27108,385828,93724,3776,243096,65.77470867501079
1791404396,775475,27560,386324,93724,3776,242968,69.93127147766323
1791404402,775507,27232,386556,93724,3776,243096,63.51672060409924
1791404408,775399,27176,386504,93724,3776,243096,68.5317718499241
1791404414,775943,27640,386612,93724,3756,243096,68.16608996539793
1791404419,775119,27252,386432,93724,3756,242840,66.31152780737268
1791404425,776011,27664,386784,93724,3756,242968,75.01639344262296
1791404431,777139,27232,386172,93724,3756,245144,66.49572649572649
1791404437,774923,27376,386012,93724,3732,242968,75.18031395842172
1791404443,774863,27220,386100,93724,3732,242972,69.76237192064531
1791404449,775707,27564,386472,93724,3732,243100,68.82643209611672
1791404455,775115,27256,386296,93736,3732,242972,69.71527178602244
1791404461,778007,27596,386804,93736,3732,245016,76.52023371564597
1791404467,775727,27620,386768,93736,3732,242968,69.79166666666666
1791404473,775955,27800,386688,93736,3732,243096,67.72028577614202
1791404478,775823,27796,386684,93736,3732,242972,67.36303560008527
1791404484,777971,28632,387176,93736,3732,243792,82.21887766071812
1791404491,778431,28428,387456,93736,3732,244176,70.33492822966507
1791404497,776671,27564,387096,93736,3732,243640,66.78230702515178
1791404503,775471,27108,386896,93736,3732,243100,74.0418118466899
1791404508,775435,27104,386992,93736,3732,242972,67.21974048074878
1791404514,775463,27060,387064,93736,3732,242972,64.0
1791404520,775695,27540,386948,93736,3732,242840,64.25495262704565
1791404526,775495,27232,387056,93736,3732,242840,76.20697120588872
1791404532,775455,27208,387040,93736,3732,242840,63.90482260463139
1791404538,775803,27528,387068,93736,3732,242840,65.35211267605634
1791404544,775507,27524,386904,93736,3732,242712,61.60483175150993
1791404550,775531,27236,386984,93736,3716,242968,64.86025176018775
1791404556,776407,27240,387728,93736,3716,243096,62.590401051939516
1791404562,778155,27208,387580,93736,3716,245024,65.53079947575361
1791404567,776151,27224,387616,93736,3716,242968,64.5801856248651
1791404573,778079,28468,387496,93736,3716,243772,71.24812673945623
1791404579,776831,27476,387492,93736,3720,243516,63.972484952708506
1791404585,776931,27424,387648,93736,3720,243512,65.8195132457463
1791404591,776591,27288,387572,93736,3720,243384,63.74154114822092
1791404597,778359,27212,387648,93736,3720,245148,74.21790722761597
1791404603,776455,27236,387772,93736,3720,243096,61.89856957087127
1791404609,776687,27048,388188,93736,3720,243096,66.30785791173305
1791404614,776335,27240,387776,93736,3720,242968,75.87557102458125
1791404620,776447,27224,387900,93736,3720,242968,75.63386334336056
1791404626,778951,28156,389472,93736,3720,242968,60.48988285410011
1791404632,776575,27200,387924,93736,3720,243096,64.23109600679695
1791404638,777115,27428,388236,93736,3720,243096,60.726643598615915
1791404644,781519,28088,389928,93736,3720,245148,71.56714809226126
1791404650,779859,27184,389252,93736,3664,245148,63.486631016042786
1791404656,777287,27028,389016,93736,3664,242972,68.95084060438391
1791404662,778151,27404,389500,93736,3664,242972,73.21622207764042
1791404668,777159,27160,388752,93736,3664,242972,65.95105195362817
1791404674,777479,27464,388764,93736,3676,242968,63.39814032121724
1791404680,777663,27460,388916,93736,3700,242968,70.57308435286542
1791404685,778055,27672,389224,93736,3700,242840,70.7105719237435
1791404691,777395,27020,389220,93736,3700,242840,67.12564543889845
1791404697,779071,27044,388820,93736,3700,244888,74.59807073954984
1791404703,778543,27620,389628,93736,3704,242968,72.94727744165947
1791404709,777475,27300,389012,93736,3704,242840,63.66185033426785
1791404715,778263,27724,389244,93736,3704,242968,66.76756756756757
1791404721,777711,27112,389176,93736,3704,243100,67.54480673720579
1791404727,778347,27384,389668,93736,3704,242968,64.28416720814381
1791404733,778287,27568,389296,93736,3704,243100,62.15451577801958
1791404738,780379,27004,389800,93736,3680,245276,64.19753086419753
1791404744,778351,27092,389728,93736,3680,243228,60.88071825566481
1791404750,780091,27024,389492,93736,3680,245276,68.96551724137932
1791404756,778783,27824,389432,93736,3680,243228,66.5083135391924
1791404762,779807,28268,389472,93736,3680,243768,67.47811232116166
1791404768,778779,27236,389476,93736,3680,243768,65.0571791613723
1791404774,779459,27764,389500,93736,3680,243896,68.1109185441941
1791404780,778435,27012,389496,93736,3680,243628,69.74808324205914
1791404786,779887,26688,389496,93736,3680,245404,64.70208647020864
1791404792,781735,27252,390520,93736,3680,245660,66.9384252306372
1791404798,779271,27016,390344,93736,3680,243612,63.90993721584759
1791404803,779211,27160,390268,93736,3680,243484,70.15148282483466
1791404809,779383,27232,390240,93736,3680,243612,74.5157780195865
1791404815,779283,27136,390236,93736,3680,243612,66.88269604666235
1791404821,779735,27600,390228,93736,3680,243608,69.71453101523932
1791404827,779275,26972,390396,93736,3680,243608,68.85385598636557
1791404833,779382,26948,390544,93736,3680,243608,65.93121349772875
1791404839,779738,27224,390624,93736,3680,243608,62.78613472858077
1791404845,781058,27264,391136,93736,3680,244380,66.66666666666666
1791404851,781022,27576,390788,93736,3680,244376,62.96216216216216
1791404856,779927,26780,390600,93736,3680,244248,66.69516887558787
1791404862,781271,27740,390980,93736,3680,244252,63.38514680483593
1791404868,782471,27236,390636,93736,3680,246300,68.04123711340206
1791404874,780599,27376,390676,93736,3680,244248,64.18786692759295
1791404880,780551,27272,390728,93736,3680,244248,65.86206896551724
1791404886,781947,27336,391292,93736,3592,245148,66.79511881824021
1791404892,782215,27472,391420,93736,3592,245148,69.45446826576098
1791404898,782259,27472,391408,93736,3644,245152,64.12478336221838
1791404904,782367,27264,391684,93736,3656,245148,68.8821752265861
1791404910,782243,27256,391700,93736,3656,245020,65.40326134861172
1791404915,783343,28128,391924,93736,3656,245020,73.02335547460895
1791404921,783783,28284,391784,93736,3668,245436,67.81115879828327
1791404927,782403,27080,391612,93736,3668,245432,74.52568748667662
1791404933,783547,27720,392100,93736,3672,245432,67.79949022939678
1791404939,783203,27592,391756,93736,3672,245560,69.10814304179233
1791404945,784175,27176,392272,93736,3672,246432,67.73495019488956
1791404951,784787,27728,392456,93736,3672,246308,69.0040869004087
1791404957,784219,27556,392064,93736,3672,246304,69.35308211718579
1791404963,786879,28808,392672,93736,3672,247104,73.19922128487994
1791404969,785103,27612,392220,93736,3672,246976,63.95895681915349
1791404974,785591,27656,392772,93736,3696,246844,75.46840958605664
1791404980,785039,27392,392480,93736,3696,246848,68.50152905198776
1791404986,784435,27184,392496,93736,3696,246436,67.62744676274468
1791404992,784255,27428,392208,93736,3696,246304,66.58064516129032
1791404998,787399,27220,393372,93736,3696,248480,66.76809389263204
1791405004,787259,27160,393292,93736,3696,248480,64.17657045840407
1791405010,785115,27208,393148,93736,3696,246436,66.15384615384615
1791405016,785443,27368,393312,93736,3696,246436,66.16541353383458
1791405022,786815,26816,393192,93736,3696,248484,68.77828054298642
1791405027,784959,27048,393284,93736,3696,246304,62.26617931627607
1791405033,787531,27244,393556,93736,3728,248356,70.4370179948586
1791405039,788351,28060,393436,93736,3728,248484,65.47490846435494
1791405045,785607,27548,393384,93736,3728,246304,63.90431439555745
1791405051,787703,28184,394040,93736,3728,247104,74.41457068516912
1791405057,786791,27368,393852,93736,3728,246976,65.84787761258349
1791405063,786731,27204,393984,93736,3704,246976,68.87876816308827
1791405069,786751,27360,393828,93736,3728,246976,65.69217540842648
1791405075,785671,26888,393756,93736,3728,246436,63.00429184549357
1791405081,786203,27432,393752,93736,3728,246432,72.3076923076923
1791405086,786247,27304,393916,93736,3728,246436,65.41531823085222
1791405092,785983,27528,393564,93736,3728,246304,67.6923076923077
1791405098,785363,27388,393204,93736,3728,246180,65.5150351887396
1791405104,785607,27304,393536,93736,3728,246176,72.08904109589042
1791405110,785359,27160,393304,93736,3728,246304,63.69371329127692
1791405116,785551,26916,393736,93736,3728,246304,68.00778715120052
1791405122,786819,27664,394128,93736,3728,246432,66.56710049071901
1791405128,787239,27772,394464,93736,3704,246432,69.25886143931257
1791405134,786987,27476,394504,93736,3704,246436,65.25313717005625
1791405139,786995,27676,394444,93736,3704,246304,64.60061108686163
1791405145,786595,27580,394136,93736,3704,246308,61.99007122814591
1791405151,786819,27428,394392,93736,3704,246432,64.88352027610009
1791405157,789343,27944,394476,93736,3704,248352,64.8413733159496
1791405163,788151,27992,394616,93736,3704,246972,63.020833333333336
1791405169,787955,27924,394356,93736,3704,247104,65.68712186689714
1791405175,786987,27148,394328,93736,3684,246972,67.93609104836945
1791405180,786803,27104,394580,93736,3684,246576,60.74424607442461
1791405186,787931,27424,395148,93736,3684,246820,67.40425531914893
1791405192,787635,27024,395128,93736,3684,246944,64.39948342660354
1791405198,787831,27148,395196,93736,3684,246948,71.7948717948718
1791405204,788147,27292,395368,93736,3684,246948,66.39502466223462
1791405210,787979,27032,395464,93736,3684,246944,74.66435686444348
1791405216,790519,27532,395456,93736,3684,248992,65.69965870307168
1791405222,787715,26932,395428,93736,3684,246816,67.3917679675837
1791405228,789215,27920,395800,93736,3684,246948,62.448358338769296
1791405233,788463,27364,395732,93736,3684,246820,73.697804563065
1791405239,788975,27684,395924,93736,3684,246820,72.69587740125189
1791405245,789811,28056,395800,93736,3716,247364,67.9049676025918
1791405251,789935,27632,396220,93736,3716,247488,70.10309278350515
1791405257,789931,27984,395988,93736,3716,247364,69.70023722234203
1791405263,788999,27216,395964,93736,3716,247224,66.85381127186353
1791405269,788083,27052,395488,93736,3716,246948,61.31511528608027
1791405275,788027,27044,395440,93736,3716,246948,63.347639484978544
1791405281,788215,27056,395616,93736,3716,246948,76.3542562338779
1791405287,788103,27004,395556,93736,3716,246948,63.338464921926544
1791405292,789231,27248,396568,93736,3716,246820,68.12189323535767
1791405298,788395,27308,395672,93736,3716,246820,64.43067720572527
1791405304,790019,27816,396780,93736,3716,246820,69.93492407809111
1791405310,789479,27228,396828,93736,3716,246820,66.17963042544048
1791405316,789583,27392,396896,93736,3716,246692,67.62993314643089
1791405322,790211,27792,396996,93736,3716,246820,65.51949466347202
1791405328,790803,27904,396812,93736,3716,247488,70.29217317125187
1791405334,789779,26864,396824,93736,3716,247492,62.84976323719328
1791405339,789743,26892,396884,93736,3716,247364,67.17160787708288
1791405345,790163,27204,397264,93736,3716,247096,63.730569948186535
1791405351,790111,27444,397248,93736,3716,246816,68.25053995680346
1791405357,789531,27216,396872,93736,3732,246816,62.08234533304592
1791405363,790047,27520,397212,93736,3732,246688,64.95800129226794
1791405369,790943,27704,397392,93736,3756,247200,69.81377219575575
1791405375,793607,27876,397728,93736,3756,249356,69.68641114982579
1791405381,792779,26988,397792,93736,3756,249356,65.79117330462864
1791405386,793343,27548,397920,93736,3756,249228,66.13699806742538
1791405392,793195,27260,397916,93736,3768,249356,65.5680832610581
1791405398,791395,27484,397908,93736,3772,247332,70.26675341574496
1791405404,790815,26988,397824,93736,3772,247332,63.15332899587942
1791405410,790175,26852,397320,93736,3772,247332,75.87700303161542
1791405416,790547,27008,397408,93736,3772,247460,61.61723917217836
1791405422,793271,27588,397504,93736,3772,249504,78.0654825593837
1791405428,791755,27784,397860,93736,3748,247460,73.69803063457331
1791405433,790603,27216,397412,93736,3748,247328,70.61374972890913
1791405439,790207,26840,397392,93736,3748,247328,63.336968375136316
1791405445,791115,27496,397512,93736,3748,247460,70.25982392097917
1791405451,790875,27372,397524,93736,3748,247332,69.33333333333334
1791405457,791419,27368,397812,93736,3748,247588,67.08559046587216
1791405463,794771,27236,399380,93736,3748,249504,65.25313717005625
1791405469,792407,27216,399084,93736,3748,247456,68.1260945709282
1791405475,792183,27224,398856,93736,3748,247456,63.13978494623655
1791405480,794163,27080,398928,93736,3748,249504,64.19753086419753
1791405486,791979,27136,398864,93736,3748,247332,66.49305555555556
1791405492,792927,27136,399556,93736,3748,247588,73.38191170167167
1791405498,793307,27412,399532,93736,3748,247716,67.84330606973741
1791405504,793143,27264,399520,93736,3748,247712,76.51564893849859
1791405510,793475,27288,399820,93736,3748,247716,64.09031697785497
1791405516,793059,27100,399600,93736,3748,247712,70.65380493033227
1791405522,793423,27332,399728,93736,3748,247716,64.23728813559322
1791405528,793303,27360,399580,93736,3748,247716,65.43897216274091
1791405534,793271,27244,399664,93736,3748,247716,62.07195491980928
1791405539,792811,26840,399740,93736,3748,247584,67.81115879828327
1791405545,794767,26948,399588,93736,3712,249636,62.247337535318415
1791405551,794627,27888,399916,93736,3712,248228,68.89128094725511
1791405557,793919,27240,399988,93736,3712,248096,71.40963323022537
1791405563,793807,27020,399968,93736,3712,248224,78.83402218838373
1791405569,793735,27284,399632,93736,3712,248224,64.66230936819171
1791405575,793635,27160,399656,93736,3712,248224,63.04909560723514
1791405580,796323,27308,400272,93736,3712,250144,73.05699481865285
1791405586,797315,27508,400936,93736,3712,250272,75.66160520607376
1791405592,794343,27328,400324,93736,3712,248096,65.18646259969822
1791405598,794399,27228,400352,93736,3712,248224,76.88947138488423
1791405604,794691,27328,400536,93736,3712,248228,64.9164677804296
1791405610,794023,26848,400352,93736,3712,248228,76.0655737704918
1791405616,794495,27436,400180,93736,3756,248224,70.85318319618882
1791405621,794163,27132,400280,93736,3756,248096,83.14606741573034
1791405627,796551,27432,401596,93736,3756,248864,72.68063274903805
1791405633,797399,27828,402044,93736,3756,248868,68.88888888888889
1791405639,797015,27844,401520,93736,3756,248992,65.91695501730104
1791405645,799063,29204,401784,93736,3760,249404,80.43431053203041
1791405651,797039,27584,401380,93736,3760,249404,72.20902612826603
1791405657,797191,27324,401664,93736,3760,249532,67.74402068519716
1791405663,797235,27524,401900,93736,3760,249140,65.02251769247266
1791405669,796771,27284,401924,93736,3784,248868,68.00512601452371
1791405675,797207,27780,401996,93736,3784,248736,68.07410598879792
1791405680,796247,27108,401712,93736,3784,248736,77.39696312364424
1791405686,797279,28016,401700,93736,3784,248864,70.87505441880714
1791405692,798023,26828,401588,93736,3784,250912,67.96705678370178
1791405698,796527,27452,401644,93736,3784,248736,67.76715899218071
1791405704,795827,26928,401468,93736,3784,248736,65.7199038671619
1791405710,799091,27736,401872,93736,3784,250784,72.33491583944756
1791405716,798923,28240,402992,93736,3784,248992,70.07172353836123
1791405721,798303,27888,402980,93736,3784,248736,70.05795235028977
1791405727,801339,28332,402880,93736,3760,251452,71.75043327556327
1791405733,798931,27612,402344,93736,3760,250300,77.02182284980744
1791405739,798751,27180,402344,93736,3760,250556,68.72553284036537
1791405745,798991,27404,402752,93736,3760,250160,64.76683937823834
1791405751,798471,27420,402488,93736,3760,249888,67.1066638279753
1791405757,798091,27024,402372,93736,3760,250020,66.00773528147829
1791405763,798087,27040,402360,93736,3760,250016,67.831715210356
1791405769,798799,27524,402584,93736,3760,250016,67.79952677995269
1791405775,799407,27640,403072,93736,3760,250020,66.68098818474758
1791405780,800375,27364,402400,93736,3760,251936,68.97762176393155
1791405786,799395,27948,402884,93736,3760,249888,65.80976863753213
1791405792,799067,27764,402868,93736,3760,249760,64.93450719347219
1791405798,800323,27396,402184,93736,3760,252068,74.5631067961165
1791405804,799455,28240,402392,93736,3760,250148,66.02192134107028
1791405810,799539,28036,402272,93736,3760,250560,70.93596059113301
1791405816,799243,27288,402720,93736,3760,250560,65.74172892209178
1791405822,799455,27364,402856,93736,3760,250560,71.9449225473322
1791405828,800491,27604,403264,93736,3760,250948,70.98858496661641
1791405834,799059,26988,402992,93736,3760,250408,68.83398352839185
1791405839,798683,26992,402612,93736,3760,250408,66.58019887591871
1791405845,798899,26904,402916,93736,3760,250408,66.42288664228866
1791405851,799895,27672,403012,93736,3760,250536,68.42897055663013
1791405857,799255,27176,402876,93736,3760,250532,65.97760551248923
1791405863,800971,26944,402904,93736,3760,252452,64.95950973954913
1791405869,801167,27016,402892,93736,3760,252584,66.02522984819329
1791405875,799703,27712,402912,93736,3760,250404,74.04255319148936
1791405881,799403,27260,403064,93736,3760,250404,69.63316691990448
1791405887,800007,27344,403668,93736,3760,250536,73.13400731340073
1791405892,799451,27484,403188,93736,3700,250408,71.76420333190944
1791405898,799155,27116,403256,93736,3700,250408,63.59761295822677
1791405904,799587,27532,403272,93736,3700,250408,68.52284803400637
1791405910,802303,27780,403692,93736,3700,252456,69.64129483814523
1791405916,800367,27456,403720,93736,3724,250792,70.80880749945499
1791405922,800579,27660,403856,93736,3724,250664,62.117235345581804
1791405928,803523,28208,403408,93736,3724,253512,78.27387310403759
1791405934,801547,27572,404240,93736,3724,251336,63.89666307857912
1791405940,802787,27104,403900,93736,3724,253384,67.9196370706416
1791405945,799871,26760,403652,93736,3724,251064,64.14368184733804
1791405951,800291,27352,403876,93736,3724,250664,68.36146122623371
1791405957,800487,27176,404248,93736,3724,250664,65.00857632933105
1791405963,800679,27444,404172,93736,3724,250664,66.70953912111469
1791405969,802339,27268,404720,93736,3724,251944,74.5574749413521
1791405975,802035,27132,404504,93740,3724,251940,66.96871628910463
1791405981,803103,27628,405076,93740,3724,251940,69.04347826086956
1791405987,802095,26860,404964,93740,3724,251812,69.07458858730497
1791405993,801619,26800,404424,93740,3724,251940,65.63307493540051
1791405999,802699,27208,405092,93740,3724,251940,66.19987269255252
1791406005,802527,27432,404696,93740,3724,251940,65.58773424190801
1791406011,803491,28072,405020,93740,3724,251940,69.9434536755111
1791406016,804535,28160,405372,93740,3724,252544,72.20779220779221
1791406022,804279,27976,405300,93740,3724,252544,66.80905595899188
1791406028,804687,28160,405452,93740,3596,252800,64.7578040904198
1791406034,804367,27216,405412,93740,3596,253464,81.68585704975017
1791406040,805451,27876,405836,93740,3596,253464,68.44827586206897
1791406046,804927,27208,405932,93740,3628,253464,68.02250108178278
1791406052,805843,27424,406268,93740,3628,253596,69.56521739130434
1791406058,805187,27120,405916,93740,3628,253596,71.8015102481122
1791406064,806387,27720,406520,93740,3628,253592,70.42617305208782
1791406069,807055,27804,407360,93740,3628,253336,74.96238985600687
1791406075,806343,27556,406768,93740,3628,253464,68.05614632071459
1791406081,806643,27704,406792,93740,3628,253592,73.79310344827587
1791406087,808579,27520,406988,93740,3628,255516,66.33727175080558
1791406093,806787,27856,406784,93740,3628,253592,72.0427807486631
1791406099,808331,29388,406924,93740,3628,253464,72.63294422827497
1791406105,807283,28728,406404,93740,3628,253596,81.35593220338984
1791406111,807463,28924,406264,93740,3628,253724,66.48008611410118
1791406117,807355,28556,406652,93740,3628,253592,69.70882225119513
1791406123,808327,29024,407156,93740,3628,253592,67.5885911840968
1791406128,809143,28360,406716,93740,3628,255512,69.81943250214961
1791406134,809455,28672,406712,93740,3628,255516,69.01287553648069
1791406140,809035,29668,407344,93740,3628,253468,68.83005977796755
1791406146,806923,28964,405936,93740,3628,253468,67.81389420012746
1791406152,811091,29796,407228,93740,3628,255512,71.66487647690654
1791406158,807855,29208,406500,93740,3628,253592,69.60221229525632
1791406164,807023,28524,406356,93740,3628,253592,67.59358288770053
1791406170,807379,28712,406516,93740,3628,253596,67.55479157713793
1791406176,807707,28968,406548,93740,3660,253592,72.5557461406518
1791406182,807183,27668,407316,93740,3660,253596,66.52305040930632
1791406188,808431,27400,406792,93740,3660,255640,67.58383490971626
1791406194,805823,26832,406792,93740,3660,253596,64.67640008716496
1791406199,806871,27272,407532,93740,3660,253464,65.96340150699676
1791406205,806679,27108,407500,93740,3660,253468,62.618997249841335
1791406211,808459,27120,407356,93740,3660,255384,68.44557390936043
1791406217,806719,27204,407504,93740,3716,253336,64.30588746469694
1791406223,806275,27036,407232,93740,3716,253336,70.32967032967034
1791406229,806567,27328,407232,93740,3716,253336,64.80881399870383
1791406235,806743,26916,407560,93740,3716,253596,68.41992730382725
1791406241,811003,26892,409536,93740,3716,255904,62.900107411385605
1791406247,809731,27152,410060,93740,3716,253848,66.40726329442282
1791406253,809271,26860,409888,93740,3716,253852,69.03464807147527
1791406258,809791,26888,410256,93740,3716,253976,68.93266940896298
1791406264,809795,26968,410180,93740,3716,253976,66.82373099164704
1791406270,810275,27364,410264,93740,3716,253976,66.24973042915678
1791406276,810943,27492,410568,93740,3692,254232,66.48246546227418
1791406282,810963,27492,410584,93740,3692,254236,69.10765183073887
1791406288,811103,27480,410608,93740,3692,254364,63.83437567392711
1791406294,811943,28192,410740,93740,3692,254360,68.72436865961579
1791406300,817563,30000,411056,93740,3692,257848,70.44025157232704
1791406306,812991,28156,410504,93740,3692,255672,69.20473773265653
1791406311,812991,28312,410480,93740,3692,255544,64.01376640137664
1791406317,812159,28132,410372,93740,3692,255000,71.07296137339056
1791406323,816431,28180,413192,93740,3692,256408,70.6786171574904
1791406329,816531,28260,412952,93740,3692,256668,67.3866090712743
1791406335,816735,28500,413048,93740,3692,256536,63.11738293778063
1791406341,816483,28420,413004,93740,3692,256408,71.03918228279386
1791406347,816939,28452,413164,93740,3692,256668,70.9299804899198
1791406353,818575,28032,413308,93740,3692,258584,65.83797685383627
1791406359,816459,28052,413084,93740,3692,256668,66.75268817204301
1791406365,817207,28828,413060,93740,3692,256668,72.44501940491591
1791406371,817731,28940,413544,93740,3640,256668,68.30955469087765
1791406376,816655,28464,413076,93740,3640,256536,74.59694989106754
1791406382,815983,27668,413204,93740,3640,256536,67.23989681857265
1791406388,815951,27412,413168,93740,3640,256796,66.31853785900783
1791406394,816307,27152,413012,93740,3640,257564,65.25731368780696
1791406400,816651,27084,413432,93740,3640,257560,67.45740780677161
1791406406,816851,27284,413428,93740,3640,257564,67.14587737843551
1791406412,816643,27264,413372,93740,3640,257432,65.53578816714935
1791406418,816627,27164,413324,93740,3640,257564,65.25369299935774
1791406424,817059,27328,413716,93740,3640,257436,73.73350361856109
1791406430,817139,27388,413740,93740,3640,257436,70.89262613195343
1791406436,816767,26860,413772,93740,3640,257560,62.70783847980997
1791406442,817031,27116,413776,93740,3640,257564,63.15332899587942
1791406448,819491,27040,414264,93740,3640,259612,73.43244990303813
1791406453,817823,27648,414144,93740,3656,257436,70.02150537634408
1791406459,819867,27232,414424,93740,3656,259612,68.09246057463815
1791406465,821127,28096,414816,93740,3656,259612,66.50912996777659
1791406471,817371,27264,414072,93740,3656,257432,70.00427899015833
1791406477,820679,27912,414936,93740,3656,259228,67.86632390745501
1791406483,819295,27032,414436,93740,3656,259228,71.00694444444444
1791406489,819607,27268,414376,93740,3656,259360,67.19384483864074
1791406495,820335,27184,415064,93740,3656,259488,67.54708811431045
1791406501,821011,27588,415332,93740,3656,259488,64.97548497122149
1791406507,820523,27328,415224,93740,3656,259360,70.78260869565217
1791406512,820087,27060,415060,93740,3656,259356,65.5372078061334
1791406518,820247,27228,414960,93740,3732,259356,77.39149211833298
1791406524,823651,28084,416312,93740,3740,260528,72.49246663796815
1791406530,824047,28264,416624,93740,3760,260404,78.4245834235014
1791406536,825647,28656,417704,93740,3760,260532,71.0801393728223
1791406542,822747,27604,415856,93740,3760,260532,73.37535318409041
1791406548,824779,27816,417676,93740,3760,260532,70.6695464362851
1791406554,824175,27632,417256,93740,3760,260532,73.54337505394906
1791406559,823211,27072,416852,93740,3760,260532,66.81053085886923
1791406565,823879,27412,417180,93740,3760,260532,74.31410671851371
1791406571,825271,27408,416664,93740,3760,262448,68.13330429100414
1791406577,825807,27568,417184,93740,3736,262324,70.65817409766454
1791406583,823211,27248,416704,93740,3736,260532,69.80561555075595
1791406589,823227,27288,416680,93740,3736,260528,69.3103448275862
1791406595,826039,26940,417660,93740,3736,262712,66.9260700389105
1791406601,824127,27052,417692,93740,3736,260656,68.85102664919178
1791406607,824171,26996,417788,93740,3736,260660,63.04300371098014
1791406612,823631,26736,417640,93740,3736,260528,71.54046997389034
1791406618,824823,27368,418196,93740,3736,260528,64.22097539922314
1791406624,825043,27496,418032,93740,3736,260788,68.72436865961579
1791406630,824407,26992,417900,93740,3736,260788,62.76896326885459
1791406636,824759,27100,418244,93740,3760,260660,66.12558735583085
1791406642,825463,27364,418556,93740,3760,260788,70.89924160346696
1791406648,825223,27360,418324,93740,3760,260788,72.37038617452528
1791406654,825471,27096,418832,93740,3760,260788,64.57707170459425
1791406659,828107,26884,420116,93740,3760,262356,67.55168661588684
1791406665,828779,27220,420448,93740,3760,262356,66.68091472536867
1791406671,828035,27020,419912,93740,3760,262352,68.04944479363084
1791406677,829107,27248,420752,93740,3760,262356,71.66454891994918
1791406683,828603,27088,420536,93740,3760,262224,67.15580492015538
1791406689,829835,27600,421000,93740,3760,262484,70.63372717508057
1791406695,828655,27332,420244,93740,3736,262352,68.34516892618893
1791406701,828819,27380,420352,93740,3736,262356,65.90860330401202
1791406707,829059,27484,420620,93740,3736,262224,68.7526789541363
1791406713,828695,27140,420344,93740,3736,262484,64.91152352179542
1791406719,829747,27728,420884,93740,3784,262356,74.29659403427121
1791406725,830063,28064,420736,93740,3784,262484,67.86018755328217
1791406731,831867,27584,420972,93740,3784,264532,67.27351538794973
1791406736,829299,27240,420924,93740,3784,262356,64.9164677804296
1791406742,830555,27488,421932,93740,3784,262356,73.16861725184222
1791406748,829927,27920,420872,93740,3784,262356,70.2972445215882
1791406754,831139,27176,420780,93740,3784,264404,71.52490754840113
1791406760,830091,27468,421488,93740,3784,262356,65.35500427715996
1791406766,829551,27280,421008,93740,3784,262484,65.34823731728288
1791406772,828919,26984,420804,93740,3784,262356,63.13043478260869
1791406778,829631,27048,421452,93740,3784,262356,67.01570680628272
1791406783,829451,27024,421472,93740,3736,262228,62.22796811032105
1791406789,830187,27220,421884,93740,3736,262356,65.12027491408935
1791406795,829907,27032,421792,93740,3736,262356,62.306368330464714
1791406801,830591,27212,422300,93740,3736,262352,75.0
1791406807,830491,27660,421960,93740,3504,262480,62.44579358196011
1791406813,832567,27340,422300,93740,3504,264532,64.86960333114179
1791406819,830175,27228,422072,93740,3504,262480,63.07125839289582
1791406824,829859,27060,422048,93740,3504,262356,69.64828484585324
1791406830,831243,27964,422480,93740,3552,262356,68.69037294015612
1791406836,833919,28148,422192,93740,3580,265072,69.49740034662045
1791406842,831003,27356,422236,93740,3584,262896,68.8412017167382
1791406848,831083,27432,422112,93740,3584,263024,71.49674620390456
1791406854,831027,27124,422368,93740,3584,263024,69.18454935622319
1791406860,830399,27112,422256,93740,3616,262484,69.21425504508373
1791406866,830307,27028,422240,93740,3616,262484,65.30958439355385
1791406872,830451,26964,422452,93740,3616,262484,71.3639301874596
1791406878,830235,26916,422280,93740,3616,262480,64.40751133175048
1791406883,831027,27464,422644,93740,3616,262356,66.72519754170325
1791406889,830687,27260,422512,93740,3616,262352,68.54682454251883
1791406895,830615,27124,422448,93740,3616,262484,65.97402597402598
1791406901,832339,26968,423556,93740,3616,263256,63.77176421229285
1791406907,832679,27044,423820,93740,3616,263256,71.70626349892008
1791406913,834347,28052,424604,93740,3616,263128,66.2104362703165
1791406919,832895,27424,423652,93740,3616,263256,67.86099719404274
1791406925,836015,28984,425200,93740,3628,263256,68.33654463712267
1791406931,834963,28880,424228,93740,3644,263256,79.73997833152762
1791406937,835235,28980,424388,93740,3648,263256,69.21251348435814
1791406942,776431,28832,403936,93740,3648,225052,83.2979175520612
1791406948,769659,28132,401048,93740,3648,221868,76.55009654580563
1791406954,769751,28624,400652,93740,3648,221868,76.84391080617495
1791406960,770383,29088,400816,93740,3648,221868,76.2402088772846
1791406966,769191,28364,400224,93740,3648,221996,70.64357494120162
1791406972,769411,28336,400468,93740,3648,221996,66.6235167206041
1791406978,770375,28864,400604,93740,3648,222296,71.76420333190944
1791406984,769819,28608,400304,93740,3648,222296,71.1613745106568
1791406990,770271,28744,400748,93740,3648,222168,75.04920183686858
1791406995,771999,29124,401592,93740,3648,222672,71.3495104299702
1791407001,769639,28228,400384,93740,3648,222416,78.76975651431012
1791407007,772475,29096,402224,93740,3648,222544,74.5704467353952
1791407013,772559,29144,402260,93740,3648,222544,76.07307946290997
1791407019,769975,27568,401228,93740,3672,222544,70.93942054433714
1791407025,776227,27844,401052,93740,3672,228696,69.36708860759494
1791407031,770127,27512,401308,93740,3672,222672,74.5631067961165
1791407037,770111,27760,401508,93740,3672,222208,74.66435686444348
1791407043,767859,27356,400920,93740,3688,220924,71.82344118277267
1791407049,768227,27312,401332,93740,3688,220924,78.38070628768304
1791407054,768459,27540,401416,93740,3720,220796,73.69064601589565
1791407062,768071,27856,400584,93740,3720,220924,69.88986372969947
1791407068,768843,28260,400952,93740,3720,220924,67.03065938681226
1791407074,768691,27620,401440,93740,3720,220924,70.07426823940585
1791407079,767551,27304,400768,93740,3696,220796,69.02768834513844
1791407085,767511,27816,401380,93740,3696,219632,69.95009763506184
1791407091,771275,29060,403900,93740,3696,219632,72.9144327686039
1791407097,767991,27780,401896,93740,3696,219632,69.58026828212894
1791407103,767639,27796,401528,93740,3696,219632,70.6032828821147
1791407109,767119,27544,401388,93740,3696,219504,69.31719965427831
1791407115,768439,27992,402132,93740,3696,219632,69.74716652136007
1791407121,768451,27564,402572,93740,3696,219632,83.99041603136571
1791407126,768279,27148,404240,93740,3696,218208,75.84415584415585
1791407132,768067,27612,403692,93740,3696,218080,71.45328719723183
1791407138,767671,27436,403216,93740,3696,218336,69.72086085659492
1791407144,767287,27232,403020,93740,3708,218336,68.25531914893617
1791407150,768171,27436,403392,93740,3708,218640,66.50912996777659
1791407156,770407,27500,403388,93740,3708,220816,68.72553284036537
1791407162,768155,27512,403300,93740,3708,218640,73.52185089974293
1791407168,768551,27788,403256,93740,3744,218768,69.40718303764604
1791407174,771751,28336,403880,93740,3744,220788,71.18495846086577
1791407179,770255,27284,403312,93740,3744,220916,68.07775377969763
1791407185,770715,27504,403676,93740,3744,220788,72.57056668821375
1791407191,769555,27512,403668,93740,3744,219628,75.1770006436387
1791407197,767187,27540,403420,93740,3744,217480,65.39792387543253
1791407203,768647,27308,403320,93740,3744,219272,69.84402079722703
1791407209,766731,27288,403344,93740,3744,217352,67.75862068965517
1791407215,767343,27444,403672,93740,3744,217480,68.41544039240776
1791407221,768455,27676,404540,93740,3756,217480,65.50522648083623
1791407227,766499,26912,403392,93740,3724,217480,65.9105499679007
1791407232,767207,27068,403940,93740,3724,217480,64.63440630995522
1791407238,766943,27128,403744,93740,3724,217352,68.88888888888889
1791407244,767555,27568,403916,93740,3724,217352,62.865684390348065
1791407250,767103,27288,403732,93740,3728,217352,69.04969485614647
1791407256,766819,27272,403340,93740,3728,217480,66.07720508949751
1791407262,768699,27040,403404,93740,3728,219528,68.04872836076085
1791407268,766787,27100,403480,93740,3728,217480,66.34989200863932
1791407274,768619,26872,403492,93740,3728,219528,68.04798255179935
1791407280,767095,27244,403740,93740,3660,217480,62.111275650518294
1791407286,767223,27668,403444,93740,3660,217480,68.76889848812095
1791407291,766915,26844,403964,93740,3660,217480,66.39291117354658
1791407297,767259,27220,404056,93740,3660,217352,69.6315120711563
1791407303,768051,27776,404288,93740,3660,217352,70.15411330583893
1791407309,767991,27560,404572,93740,3660,217224,71.01511879049676
1791407315,767703,27416,404396,93740,3596,217352,68.72436865961579
1791407321,767731,27380,404436,93740,3620,217352,71.63151097718467
1791407327,767243,27216,404240,93740,3620,217224,64.0
1791407333,767611,27452,404116,93740,3620,217480,69.32409012131716
1791407339,767947,27468,404436,93740,3620,217480,75.15514658677509
1791407344,769895,27520,404352,93740,3680,219400,68.30755826617295
1791407350,767435,27012,404412,93740,3684,217352,64.35195169290489
1791407356,769131,27056,404144,93740,3684,219272,64.40894568690095
1791407362,767723,27640,404200,93740,3684,217224,69.37901498929337
1791407368,767279,27192,404204,93740,3684,217224,68.34345186470078
1791407374,767807,27528,404396,93740,3684,217224,65.1103019918612
1791407380,767503,27200,404444,93740,3660,217224,67.94237798322942
1791407386,767675,27156,404532,93740,3660,217352,65.60207164436773
1791407392,772627,26820,405720,93740,3660,221456,67.91141988710378
1791407398,769155,27316,405852,93740,3660,217352,64.9616368286445
1791407403,769191,27276,406056,93740,3660,217224,67.35005452562704
1791407409,769423,27296,406012,93740,3660,217480,69.75058622894905
1791407415,768975,27084,405904,93740,3660,217352,66.88213747037275
1791407421,772315,27900,406380,93740,3660,219400,64.88337256580355
1791407427,771171,26912,406228,93740,3660,219400,67.40425531914893
1791407433,772255,27436,406656,93740,3660,219528,65.86826347305389
1791407439,769763,27224,406424,93740,3660,217480,66.60914581535806
1791407445,770255,27492,406648,93740,3660,217480,66.27425332461304
1791407451,770199,27248,406836,93740,3660,217480,64.80494564058836
1791407457,769683,27196,406376,93740,3660,217480,65.20430107526882
1791407462,771123,27548,407416,93740,3688,217480,67.16770453081384
1791407468,771611,27600,407976,93740,3692,217352,65.58791801510249
1791407474,771567,27592,407940,93740,3692,217352,66.16281580652127
1791407480,771687,27712,407812,93740,3692,217480,68.8616311598881
1791407486,774099,27804,408084,93740,3692,219528,68.86509635974303
1791407492,770879,27092,407628,93740,3692,217480,63.94528745458431
1791407498,775507,27744,407632,93740,3692,221452,70.35046226617932
1791407504,770955,26888,408036,93740,3692,217352,67.6225123047293
1791407510,772327,28060,407976,93740,3692,217608,66.20689655172414
1791407516,771263,27108,407864,93740,3692,217608,64.8278811203763
1791407521,771635,27416,407924,93740,3692,217612,68.73794728947932
1791407527,770651,26840,407652,93740,3692,217480,66.07259291458378
1791407533,774119,27388,408516,93740,3692,219532,69.31160197297876
1791407539,771123,27344,407616,93740,3692,217484,67.10892360368071
1791407545,776115,27732,408116,93740,3692,221584,65.85577758470895
1791407551,771431,27536,407736,93740,3692,217480,63.07196562835661
1791407557,771547,27356,408024,93740,3692,217484,66.37781629116117
1791407563,771903,27032,408580,93740,3692,217608,69.98079795178153
1791407569,772499,27404,408800,93740,3692,217612,71.51621384750219
1791407575,771723,26992,408440,93740,3692,217612,62.36699239956569
1791407580,772315,27232,408792,93740,3692,217608,72.68041237113401
1791407586,772243,27480,408728,93740,3692,217352,68.60616587060356
1791407592,772963,27768,408772,93740,3692,217740,67.01208981001727
1791407598,772459,27648,408780,93740,3692,217352,67.21240844463593
1791407604,771999,27044,408668,93740,3692,217608,76.14147909967845
1791407610,772667,27496,408876,93740,3692,217612,63.87570133793699
1791407616,774431,27148,408944,93740,3692,219656,71.64440551784541
1791407622,774607,27268,408972,93740,3716,219660,66.32302405498281
1791407627,772427,27232,408876,93740,3716,217612,70.44240222269715
1791407633,771351,26692,408472,93740,3716,217484,61.43226919758412
1791407639,772251,27424,408640,93740,3716,217484,71.67832167832168
1791407645,772763,27308,409268,93740,3716,217484,70.04923999143652
1791407651,773439,27616,409632,93740,3716,217484,70.33347769597228
1791407657,773651,27456,409876,93740,3716,217612,65.97402597402598
1791407663,773115,27416,409384,93740,3716,217612,73.31583552055993
1791407669,774403,27924,409624,93740,3716,218148,67.72578890097932
1791407674,774203,27536,409940,93740,3716,218020,73.11735679038833
1791407680,773347,27076,409568,93740,3692,218020,68.54700854700855
1791407686,773147,27460,409384,93740,3692,217624,73.07359307359307
1791407692,773895,27412,410168,93740,3716,217612,72.80459281309803
1791407698,773751,27156,410276,93740,3716,217612,68.14368681436869
1791407704,775611,27076,410300,93740,3716,219532,70.01287001287001
1791407710,774335,27700,410444,93740,3716,217484,77.28549816295656
1791407716,773807,27276,410216,93740,3716,217612,68.33046471600689
1791407722,773835,27256,410264,93740,3716,217612,68.13233724653148
1791407728,775851,27392,410096,93740,3716,219660,62.997607135088096
1791407733,773563,27328,410048,93740,3716,217484,69.58041958041959
1791407739,773379,27124,410068,93740,3716,217484,65.23902227990483
1791407745,773483,27216,410080,93740,3716,217484,66.7387075859088
1791407751,773327,27100,410068,93740,3692,217480,62.72471301711068
1791407757,774023,27592,410268,93740,3692,217480,76.81254082299151
1791407763,773943,27600,410308,93740,3692,217352,64.48839208942391
1791407769,772947,27072,409716,93740,3692,217480,63.888888888888886
1791407775,774103,27540,410404,93740,3692,217480,67.36292428198433
1791407780,773367,26948,410388,93740,3692,217352,68.86731391585761
1791407786,773471,27052,410388,93740,3692,217352,64.32420780340591
1791407792,774079,27504,410544,93740,3692,217352,70.00864304235091
1791407798,773503,26984,410488,93740,3692,217352,62.513566312133705
1791407804,773691,26980,410424,93740,3692,217608,68.06305333621248
1791407810,773979,27068,410620,93740,3692,217608,60.952380952380956
1791407816,773779,27004,410488,93740,3692,217608,62.41739501172457
1791407822,774175,27440,410448,93740,3692,217608,67.91639732816203
1791407828,773079,26612,410176,93740,3692,217612,66.10132637529898
1791407833,773011,26672,410176,93740,3692,217484,66.06451612903226
1791407839,773143,26792,410192,93740,3692,217480,67.28328672832868
1791407845,773595,27116,410188,93740,3692,217608,65.7934292462959
1791407851,773827,27336,410328,93740,3692,217480,67.1625929861849
1791407857,773211,27016,410032,93740,3692,217480,64.49136276391555
1791407863,773607,27352,410060,93740,3628,217608,65.625
1791407869,777183,27644,411292,93740,3628,219660,70.08695652173913
1791407875,774755,27508,411056,93740,3628,217608,67.53246753246754
1791407881,779767,28400,412456,93740,3628,220324,64.80969593876249
1791407887,777799,27448,411444,93740,3628,220324,71.160409556314
1791407893,777259,27208,411144,93740,3628,220324,67.76145203111496
1791407899,775747,26776,411260,93740,3628,219124,65.00541711809318
1791407904,774899,27048,411204,93740,3640,218052,63.56354189218446
1791407910,776167,27744,411760,93740,3644,218052,73.27586206896551
1791407916,775655,27524,411340,93744,3644,218176,68.45378511687754
1791407922,775291,27052,411448,93744,3644,218180,64.71095772217429
1791407928,774399,26832,411036,93744,3644,217920,63.951208886952735
1791407934,775211,27180,411240,93744,3644,218176,71.91970958787103
1791407940,775147,27332,411020,93744,3644,218180,65.74154379878577
1791407946,775163,26936,411560,93744,3644,218052,65.68086515118075
1791407951,775035,27248,411120,93744,3644,218052,64.53000645300064
1791407957,774875,27064,411020,93744,3644,218180,67.4362883903289
1791407963,774871,27052,411156,93744,3644,218048,67.4428633031479
1791407969,774923,27120,411016,93744,3644,218176,66.70931968436767
1791407975,773071,26928,410764,93744,3644,216768,62.36003445305771
1791407981,775231,28572,411184,93744,3628,216896,70.84745762711864
1791407987,776335,29024,411800,93744,3628,216896,68.80240808428294
1791407993,775931,29208,411192,93744,3652,216896,70.22435199302984
1791407998,775551,28400,411208,93744,3652,217308,65.58497011101623
1791408004,779547,28068,411300,93744,3652,221540,72.34401349072512
1791408010,775179,27880,411768,93744,3652,216896,65.03646503646505
1791408016,775219,28024,411784,93744,3652,216772,72.68030139935414
1791408022,775099,28192,411632,93744,3652,216640,65.56532932847028
1791408028,776103,28376,412056,93744,3652,216768,70.07426823940585
1791408034,775283,28180,411800,93744,3652,216900,64.06149903907752
1791408040,775539,28380,411860,93744,3652,216896,66.90785273462438
1791408046,775595,28268,412024,93744,3652,216896,63.65372374283895
1791408052,775607,28368,411960,93744,3628,216896,68.27586206896552
1791408058,775291,28124,411884,93744,3628,216900,64.78632478632478
1791408064,778043,28568,412144,93744,3628,218948,81.54413359358057
1791408070,775191,28356,411684,93744,3628,216772,72.88428324697755
1791408075,777151,27904,411912,93744,3628,218952,68.80240808428294
1791408081,774699,28108,411312,93744,3628,216900,63.417803768680955
1791408087,774067,27448,411464,93744,3628,216772,68.33654463712267
1791408093,776779,28136,411316,93744,3628,218948,72.44434838988546
1791408099,776775,28196,411688,93744,3628,218508,74.14803559800303
1791408105,776447,27596,412064,93744,3644,218380,66.32566069906224
1791408111,775579,27076,411592,93744,3644,218508,68.47779215178956
1791408117,774103,27088,411708,93744,3644,216900,67.8808656524534
1791408123,774999,27424,412272,93744,3644,216896,73.66832003450506
1791408129,775007,27632,412068,93744,3644,216900,67.47195858498706
1791408134,773791,26904,411716,93744,3644,216768,67.35572782084411
1791408140,774991,27460,412356,93744,3644,216768,68.81903143585386
1791408146,774427,27052,412068,93744,3644,216900,68.02250108178278
1791408152,774003,27004,411700,93744,3644,216896,64.89751887810141
1791408158,773823,26956,411696,93744,3644,216768,73.38814366075293
1791408164,774167,27168,411700,93744,3644,216896,66.42413866894928
1791408170,774371,27304,411764,93744,3644,216896,64.42013129102845
1791408176,774331,27416,411660,93744,3612,216900,70.4391891891892
1791408182,774151,27304,411736,93744,3516,216900,74.82638888888889
1791408187,774111,27264,411736,93744,3516,216900,61.47223417993973
1791408193,774587,27456,412148,93744,3516,216772,67.57399006264852
1791408199,776239,28248,412420,93744,3548,217308,66.33896131652062
1791408205,774947,27064,412188,93744,3548,217436,70.31451960361913
1791408211,774927,27128,412104,93744,3548,217436,67.14628297362111
1791408217,774503,27312,411888,93744,3548,217040,67.22689075630252
1791408223,774103,27280,411792,93744,3548,216772,66.55172413793103
1791408229,773827,26852,411816,93744,3548,216900,65.45138888888889
1791408235,774055,27092,411808,93744,3548,216896,63.89666307857912
1791408240,773699,26840,411700,93744,3548,216900,66.5945945945946
1791408246,773507,26788,411692,93744,3548,216768,65.31325038201267
1791408252,774351,27364,411960,93744,3548,216768,69.55024747148698
1791408258,774167,27164,411976,93744,3548,216768,69.12521440823328
1791408264,774131,27388,411588,93744,3548,216896,71.76137600696713
1791408270,774015,27340,411648,93744,3548,216768,62.971748975630796
1791408276,774059,27168,411732,93744,3548,216896,64.83682731791657
1791408282,776175,27084,411876,93744,3548,218944,63.334048487449046
1791408288,775411,27640,412604,93744,3548,216896,71.99474490913073
1791408293,774275,26828,412256,93744,3572,216900,62.50809410748974
1791408299,774339,27240,412036,93744,3572,216768,66.52305040930632
1791408305,773191,27356,412052,93744,3572,215488,63.924994672917116
1791408311,773003,27208,411884,93744,3572,215620,65.98830915782638
1791408317,772779,27076,411796,93744,3572,215616,63.0457933972311
1791408323,772767,27056,411804,93744,3572,215616,69.49006050129645
1791408329,772611,27204,411740,93744,3588,215360,62.239415430904785
1791408335,773051,27104,412012,93744,3588,215616,69.33672388217843
1791408341,773247,27200,412236,93744,3588,215488,67.94899502917657
1791408347,773687,27048,412700,93744,3588,215616,64.52459016393442
1791408352,774359,27460,413080,93744,3588,215492,63.74918354016982
1791408358,773543,27052,412676,93744,3588,215492,65.85209003215434
1791408364,774027,27180,413032,93744,3588,215488,68.26576098492889
1791408370,776167,27072,413104,93744,3588,217668,65.28497409326425
1791408376,774847,27712,413192,93744,3588,215616,69.80561555075595
1791408382,774191,27196,413180,93744,3588,215488,68.76889848812095
1791408388,774523,27404,413432,93744,3588,215360,64.6603611349957
1791408394,774167,27284,412940,93744,3588,215620,68.95383312155866
1791408400,776223,28376,413936,93744,3564,215616,67.37023476200731
1791408406,776291,28484,413896,93744,3564,215616,71.31389945078158
1791408412,777871,28412,413400,93744,3564,217764,68.29057986635051
1791408417,778263,27072,413216,93744,3564,219684,69.85769728331177
1791408423,776211,27308,413100,93744,3564,217508,69.59502892650525
1791408429,777195,27708,413608,93744,3624,217508,72.42940288855357
1791408435,776487,27916,413748,93744,3624,216436,69.70740103270224
1791408441,776519,27528,413168,93744,3644,217408,73.52941176470588
1791408447,775791,27012,412956,93744,3644,217408,65.38710373086047
1791408453,774827,27244,413680,93744,3644,215488,68.45289541918756
1791408459,773771,26892,412980,93744,3644,215488,64.26400347372991
1791408465,774383,27136,413344,93744,3644,215488,70.50671286271113
1791408470,774247,27496,412980,93744,3644,215360,66.89774696707106
1791408476,773855,27104,412980,93744,3644,215360,69.14848095849379
1791408482,776630,28304,414572,93744,3644,215360,66.78291194420227
1791408488,774514,27600,413292,93744,3644,215232,66.92742285962625
1791408494,776623,28168,413884,93744,3644,216156,69.76041441830347
1791408500,774751,27280,413032,93744,3644,216028,65.80310880829016
1791408506,775963,27596,413924,93744,3644,216028,67.11584438165616
1791408511,774867,26952,413476,93744,3644,216028,67.38474795346833
1791408517,774847,27276,413528,93744,3660,215616,69.66915688367129
1791408523,774863,27304,413516,93744,3660,215616,69.00790166812993
1791408529,774691,27444,413192,93744,3660,215620,61.94766194766195
1791408535,774831,27284,413492,93744,3660,215620,66.59569938258463
1791408541,774955,27112,413660,93744,3660,215748,65.68712186689714
1791408547,774575,26944,413580,93744,3660,215616,67.0760110099513
1791408553,774147,27088,414156,93744,3660,214468,64.60272786317385
1791408559,773895,27048,414204,93744,3660,214208,73.41176470588235
1791408565,773907,26944,414192,93744,3660,214336,64.20600858369099
1791408571,777175,27664,414688,93744,3660,216384,70.14829142488716
1791408576,773923,26884,414288,93744,3644,214340,62.15104955637308
1791408582,773751,26900,414228,93744,3644,214212,65.9292995011928
1791408588,773899,27148,414256,93744,3644,214084,64.1014799154334
1791408594,774287,27232,414304,93744,3644,214340,66.19385342789597
1791408600,774583,27492,414316,93744,3660,214340,68.33226564168268
1791408606,774103,27136,414320,93744,3660,214212,68.65087986096025
1791408612,775127,27744,414504,93744,3660,214208,68.69287991498406
1791408618,774995,27396,414720,93744,3660,214208,67.26572528883183
1791408624,775015,27156,414852,93744,3660,214336,65.62433069179696
1791408630,775027,27204,414812,93744,3660,214340,71.4410480349345
1791408636,774599,26996,414596,93744,3660,214336,65.06759703445269
1791408641,775247,27448,414892,93744,3684,214212,71.19879905640147
1791408647,774911,27352,414656,93744,3684,214208,68.92095627826836
1791408653,774503,27120,414480,93744,3684,214212,68.84324324324325
1791408659,775799,27928,414968,93744,3684,214208,62.10279377265942
1791408665,774759,27224,414632,93744,3684,214212,73.11735679038833
1791408671,774683,27088,414692,93744,3684,214208,67.38289643317576
1791408677,774903,26964,414904,93744,3684,214340,66.45147406929202
1791408683,776015,27664,415316,93744,3684,214340,67.51785327851114
1791408689,775415,27452,414800,93744,3684,214468,70.17543859649122
1791408695,775195,27236,414800,93744,3684,214468,67.38474795346833
1791408700,775771,27740,414892,93744,3660,214468,74.42658092175776
1791408706,777307,27264,414984,93744,3660,216388,67.66256590509666
1791408712,774975,27160,414808,93744,3660,214340,74.76475620188195
1791408718,775443,27284,415024,93744,3660,214468,65.37230637934714
1791408724,775215,26996,415084,93744,3660,214468,70.0755124056095
1791408730,775163,27028,415000,93744,3660,214468,65.91889559965487
1791408736,774911,27112,414664,93744,3660,214468,66.08024029178287
1791408742,775163,27180,414844,93744,3660,214468,71.79046801202233
1791408748,775591,27856,414600,93744,3660,214468,73.2957012592271
1791408753,775679,27408,415132,93744,3660,214468,62.775616083009076
1791408759,775111,27224,414876,93744,3660,214340,71.72651042786498
1791408765,775787,27608,415172,93744,3660,214340,66.42288664228866
1791408771,775703,27620,414944,93744,3660,214468,69.31842614491507
1791408777,775015,27136,414872,93744,3660,214340,64.01376640137664
1791408783,776147,27720,415416,93744,3660,214340,70.11469378922311
1791408789,777171,27224,414892,93744,3660,216388,65.1544610066969
1791408795,775611,27172,415300,93744,3660,214468,67.22544594885021
1791408801,775219,26816,415268,93744,3660,214468,63.881636205396
1791408806,776003,27168,415696,93744,3660,214468,67.42440488955607
1791408812,775595,27160,415428,93744,3660,214340,67.43688489516474
1791408818,775843,27064,415768,93744,3660,214340,67.40994854202401
1791408824,775867,27248,415608,93744,3660,214340,66.11281154350678
1791408830,775331,26872,415452,93744,3660,214340,65.0882479552303
1791408836,776287,27568,415580,93744,3660,214468,62.31542906056067
1791408842,775339,26952,415496,93744,3580,214340,66.16411802713763
1791408848,775527,27212,415300,93744,3580,214468,66.22346129101437
1791408854,775087,26908,415292,93744,3580,214340,67.05551955065889
1791408859,776579,28120,415440,93744,3580,214468,65.84575502268308
1791408865,776127,27840,415400,93744,3580,214340,69.46056307758435
1791408871,777611,28548,416044,93744,3580,214468,68.87075998282525
1791408877,776911,28448,415704,93744,3580,214212,67.54253715270299
1791408883,777187,28656,415644,93744,3580,214340,64.136460554371
1791408889,779143,29608,416644,93744,3580,214340,73.32468655425853
1791408895,780795,30072,415964,93744,3580,216204,68.27586206896552
1791408901,778955,28684,415776,93744,3580,215948,68.5020593973553
1791408907,780407,29144,417176,93744,3580,215540,67.29776247848537
1791408913,778891,28016,416788,93744,3580,215540,69.59532568708072
1791408918,777843,28012,416804,93744,3592,214468,68.94781864841745
1791408924,778955,28752,417164,93744,3596,214468,69.23915413124047
1791408930,778311,28204,417196,93744,3596,214340,63.454157782516
1791408936,779543,28944,417556,93744,3596,214468,71.36715391229579
1791408942,778679,28364,417252,93744,3620,214468,65.06437768240343
1791408948,778751,28412,417272,93744,3620,214468,69.07103825136612
1791408954,778399,28096,417240,93744,3620,214468,65.02802932298405
1791408960,779847,27588,417268,93744,3620,216388,70.28697571743929
1791408965,778383,27256,418052,93744,3620,214468,71.8688524590164
1791408971,780027,26932,418100,93744,3620,216388,66.17710583153348
1791408977,778291,27304,418040,93744,3620,214340,65.92082616179002
1791408983,778259,27200,417984,93744,3620,214468,67.21100128921358
1791408989,777915,26944,418028,93744,3620,214336,64.55777921239509
1791408995,778151,26984,418092,93744,3620,214468,66.17583369423993
1791409001,778683,27444,418164,93744,3620,214468,65.26361466695596
1791409007,777927,26616,418236,93744,3620,214468,65.60755689136968
1791409012,778191,27088,418156,93744,3620,214340,63.29937134185995
1791409018,778451,27368,418132,93744,3620,214340,69.18349429323969
1791409024,778915,27708,418164,93744,3596,214468,64.20824295010846
1791409030,780835,27496,418308,93744,3644,216388,71.68831168831169
1791409036,779175,27640,418424,93744,3644,214468,75.81699346405229
1791409042,779495,27740,418636,93744,3644,214468,73.13497197067701
1791409048,779131,27408,418604,93744,3644,214468,69.2685007464278
1791409053,778379,27152,418112,93744,3644,214468,70.5114254624592
1791409059,778355,27068,418296,93744,3644,214340,74.16648741664874
1791409065,778667,27364,418312,93744,3644,214340,68.13330429100414
1791409071,779315,27380,419168,93744,3644,214340,67.79074794638997
1791409077,779099,27328,419008,93744,3644,214340,67.29939603106126
1791409083,778879,27160,418956,93744,3644,214340,66.23655913978494
1791409089,779259,27396,419224,93744,3644,214212,73.15934648843624
1791409095,779223,27072,419256,93744,3644,214468,67.38624338624338
1791409101,779395,27384,419116,93744,3644,214468,71.49084568439406
1791409107,780567,28000,419672,93744,3644,214468,68.11409110259686
1791409112,782139,28104,419096,93744,3644,216516,66.04711476118436
1791409118,779771,27840,419168,93744,3644,214340,70.95381959430298
1791409124,780247,28332,419280,93744,3644,214212,71.65202485536747
1791409130,780575,28460,419224,93744,3644,214468,68.58638743455498
1791409136,782455,28268,419220,93744,3660,216516,70.12707301313806
1791409142,780543,28368,419260,93744,3660,214468,65.39792387543253
1791409148,780023,28024,419208,93744,3660,214340,70.11543394613082
1791409154,780515,28724,419132,93744,3660,214212,67.46781115879828
1791409160,780335,28252,419296,93744,3660,214340,66.33727175080558
1791409166,780531,28416,419332,93744,3660,214336,67.70025839793283
1791409171,779715,28068,418992,93744,3660,214208,71.6852010265184
1791409177,779875,28116,419048,93744,3700,214208,68.69287991498406
1791409183,782239,28404,418932,93744,3704,216388,72.93249403082265
1791409189,783235,29088,419108,93744,3708,216516,72.99207539087598
1791409195,779895,28020,419012,93744,3708,214340,73.74301675977654
1791409201,779323,27504,418960,93744,3708,214340,64.49136276391555
1791409207,780999,27072,419020,93744,3708,216388,67.0391061452514
1791409213,779575,27556,419032,93744,3708,214468,70.24221453287197
1791409219,779847,27416,419440,93744,3708,214468,72.53841159922095
1791409225,779315,26968,419356,93744,3708,214468,66.68091472536867
1791409231,779531,27264,419276,93744,3708,214468,70.41947402738535
1791409236,782175,27316,419816,93744,3708,216516,71.78396768020413
1791409242,782335,27636,419656,93744,3708,216516,75.3285929756518
1791409248,780163,27240,419932,93744,3708,214468,69.59517657192076
1791409254,780283,27828,419720,93744,3708,214208,68.63500213949509
1791409260,779691,27408,419420,93744,3708,214340,66.72398968185726
1791409266,779735,27268,419452,93744,3732,214468,68.91257995735607
1791409272,781879,27304,419512,93744,3732,216516,69.87584404269222
1791409278,781571,28128,420424,93744,3732,214468,71.70534383649138
1791409284,779695,27220,419584,93744,3732,214340,69.38688314462722
1791409290,780519,27592,419912,93744,3732,214468,73.73192315993956
1791409296,780623,27708,419900,93744,3732,214468,68.82661996497373
1791409301,781531,28216,419892,93744,3732,214876,72.49412267578542
1791409307,780611,26952,420364,93744,3732,214748,69.58762886597938
1791409313,780695,27040,420232,93744,3732,214876,70.56827820186598
1791409319,781083,27544,420380,93744,3732,214608,70.14505304178394
1791409325,780055,27284,419908,93744,3708,214336,70.72961373390558
1791409331,780483,27932,419940,93748,3708,214080,66.16019101367485
1791409337,779319,26852,419728,93748,3708,214212,68.23580220254804
1791409343,783491,27696,421004,93748,3708,216260,68.9119170984456
1791409349,781535,27520,421144,93748,3708,214340,67.86324786324786
1791409355,781063,26996,421200,93744,3708,214336,67.75580395528806
1791409360,780695,26616,421084,93744,3708,214468,68.59592711682744
1791409366,781327,27196,421260,93744,3708,214340,65.80086580086581
1791409372,781111,27076,421168,93744,3708,214340,69.40718303764604
1791409378,781331,27248,421088,93744,3708,214468,67.66428106701366
1791409384,781091,27016,421080,93744,3708,214468,70.35830618892508
1791409390,781107,27128,421116,93744,3708,214336,61.72310330047149
1791409396,782179,27632,421420,93744,3708,214596,68.61564918314703
1791409402,781091,27040,421184,93744,3708,214336,62.944162436548226
1791409408,781675,27000,421728,93744,3676,214468,74.92969932943976
1791409413,781695,27040,421704,93744,3676,214468,67.00942587832049
1791409419,782567,27640,422104,93744,3676,214340,71.14180876322037
1791409425,782003,27252,422024,93744,3612,214340,66.84118673647468
1791409431,782531,27740,422064,93744,3612,214340,70.65919862128392
1791409437,783179,28016,422436,93744,3612,214340,68.0
1791409443,784571,28832,422196,93744,3628,215132,69.3103448275862
1791409449,783659,27608,422636,93744,3628,215004,66.7387075859088
1791409455,783231,27580,422212,93744,3644,215004,71.43795141168746
1791409460,782183,27132,421884,93744,3644,214736,66.22116835524898
1791409466,784171,27312,422976,93744,3644,215448,67.88399570354457
1791409472,784407,27684,422840,93744,3644,215448,69.28725701943844
1791409478,784327,27600,422844,93744,3644,215448,69.55775010734222
1791409484,785779,28168,423732,93744,3644,215444,68.65926558497011
1791409490,786879,27748,423200,93744,3644,217496,83.55594482154586
1791409496,788427,27452,424780,93744,3644,217760,83.51168377374972
1791409502,788972,27884,424916,93744,3644,217760,80.08686210640607
1791409508,789564,28216,425048,93744,3644,217888,68.05228197985859
1791409513,788104,27516,424416,93744,3644,217760,77.3037542662116
1791409519,788140,27464,424632,93744,3644,217632,68.8447576339953
1791409525,788720,27864,424812,93744,3644,217632,74.40258342303552
1791409531,789840,28684,425112,93744,3644,217632,69.63216424294268
1791409537,791116,28312,424864,93744,3644,219528,85.1506611749404
1791409543,791332,28136,425004,93744,3644,219784,84.01905586834127
1791409549,790848,27900,424752,93744,3644,219784,80.0175862826995
1791409555,793896,29904,426868,93744,3644,218712,81.81818181818183
1791409561,790692,28808,425708,93744,3644,217764,84.0909090909091
1791409566,788808,27792,424688,93744,3668,217892,79.72389991371872
1791409572,789340,27276,425868,93744,3668,217760,79.43984723106303
1791409578,789220,27284,425740,93744,3668,217760,72.16627383758303
1791409584,790048,28064,425780,93744,3672,217764,73.21505841627001
1791409590,790060,27832,426156,93744,3672,217632,67.04397039616892
1791409596,794928,28012,428796,93744,3672,219680,78.88550282977798
1791409602,795152,27632,427344,93744,3672,221736,77.89291882556131
1791409608,790928,27592,427116,93744,3688,217764,76.82347863616745
1791409614,790676,27412,427168,93744,3688,217636,69.23736075407027
1791409619,790299,27100,426952,93744,3688,217760,73.88092133854846
1791409625,792143,26936,427060,93744,3664,219684,69.7594501718213
1791409631,790807,27380,427204,93744,3664,217760,75.6287944492628
1791409637,792475,27940,428416,93744,3688,217632,69.27659574468085
1791409643,790903,27084,427704,93744,3688,217632,67.53022452504318
1791409649,791295,27428,427752,93744,3688,217632,68.45378511687754
1791409655,791571,27272,427924,93744,3688,217892,70.90791459995687
1791409661,791367,27232,427892,93744,3688,217760,66.59496665949666
1791409667,790951,26940,427768,93744,3688,217760,70.36559139784946
1791409673,790755,26940,427572,93744,3688,217760,66.66666666666666
1791409678,790847,27100,427632,93744,3688,217632,68.46384253316218
1791409684,790995,26900,427980,93744,3688,217632,67.038148306901
1791409690,791783,27432,428080,93744,3712,217764,70.52198397227637
1791409696,792583,28324,427988,93744,3696,217764,68.40085287846482
1791409702,792447,28244,427804,93744,3696,217892,78.01884724961648
1791409708,792479,28364,427844,93744,3696,217764,65.98830915782638
1791409714,792859,28440,427888,93744,3696,218020,67.92122538293216
1791409720,792747,28316,428156,93744,3696,217764,68.60590390002154
1791409726,792535,28224,427912,93744,3696,217892,70.35046226617932
1791409731,796055,27580,427972,93744,3696,221996,64.43186765346104
1791409737,791959,27864,427828,93744,3696,217760,65.07834299205838
1791409743,793131,28524,428468,93744,3696,217632,72.97469700191367
1791409749,796043,28592,428772,93744,3696,219940,70.98030729279377
1791409755,793727,28448,428772,93744,3696,217764,68.38046272493573
1791409761,793623,28320,428668,93744,3696,217892,70.21459227467811
1791409767,794307,28560,428984,93744,3696,218020,77.93991416309012
1791409773,793987,28452,428900,93744,3696,217892,72.9945945945946
1791409779,793563,28208,428720,93744,3696,217892,67.59120972903776
1791409785,793723,27840,429248,93744,3696,217892,72.13536089098308
1791409791,795035,28604,429796,93744,3696,217892,70.26563838903171
1791409796,793051,27404,429012,93744,3696,217892,70.406852248394
1791409802,792267,27096,428664,93744,3696,217764,67.84941583729987
1791409808,792687,27104,429076,93744,3696,217764,71.33648474430598
1791409814,794363,28092,429636,93744,3696,217892,68.94781864841745
1791409820,792359,27332,428524,93744,3696,217764,69.74447068928494
1791409826,792591,27160,428928,93744,3696,217764,64.82347937048064
1791409832,794995,27400,429040,93744,3696,219812,74.63456577815994
1791409838,793179,27576,428972,93744,3696,217892,70.76461769115441
1791409844,792699,27180,428888,93744,3696,217892,68.17691477885653
1791409850,793175,27296,429248,93744,3696,217892,69.38511326860841
1791409856,793771,27748,429388,93744,3696,217892,70.98858496661641
1791409862,792623,26900,429092,93744,3696,217892,70.18447018447019
1791409867,793195,27384,429304,93744,3696,217764,69.72086085659492
1791409873,793059,27260,429168,93744,3696,217892,64.58466114297853
1791409879,793127,27340,429284,93744,3696,217764,71.08821635544108
1791409885,793167,27364,429300,93744,3696,217764,69.66243818533648
1791409891,794847,27224,429072,93744,3696,219812,69.3631669535284
1791409897,792383,26904,428976,93744,3696,217764,62.335419814375136
1791409903,798667,27112,428904,93744,3696,223912,68.77985236647851
1791409909,792563,26748,429184,93744,3696,217892,67.08559046587216
1791409915,792655,26964,429060,93744,3696,217892,66.81127982646422
1791409920,794903,27232,428992,93744,3696,219940,70.89048552144568
1791409926,792707,27272,428936,93744,3696,217760,68.14814814814815
1791409932,792763,27268,428956,93744,3632,217892,71.60547469041929
1791409938,793167,27388,429216,93744,3656,217892,69.12521440823328
1791409944,793379,27532,429548,93744,3656,217632,71.58257869771452
1791409950,793163,27076,429752,93744,3592,217760,72.7431693989071
1791409956,793399,27428,429700,93744,3556,217760,69.04507583849605
1791409962,794015,27568,430036,93744,3556,217892,74.09978308026031
1791409967,794103,27588,430104,93744,3556,217892,73.78557671731222
1791409973,793655,27376,429996,93744,3556,217764,76.56994369857081
1791409979,793759,27232,430124,93744,3676,217764,69.03032891926527
1791409985,793635,26952,430196,93744,3704,217764,66.95278969957081
1791409991,794047,27228,430204,93744,3704,217892,64.07599309153713
1791409997,794043,27292,430252,93744,3688,217764,73.79818103074925
1791410003,794539,27548,430620,93744,3692,217636,66.40860215053763
1791410009,793883,27220,430164,93744,3692,217764,66.30927835051547
1791410015,796223,27484,430324,93744,3692,219680,70.16024252923343
1791410021,796527,27472,430380,93744,3692,219940,66.85236768802228
1791410027,795719,26960,430340,93744,3692,219680,65.30260607365928
1791410033,794263,27144,430492,93744,3692,217892,69.87740805604203
1791410038,794143,27080,430436,93744,3692,217892,65.02934144751141
1791410044,794259,27236,430524,93744,3692,217764,67.56639094471049
1791410050,794479,27308,430668,93744,3692,217764,69.73656029128293
1791410056,793787,27008,430412,93744,3692,217632,69.02847207128885
1791410062,794903,27584,430688,93744,3692,217892,72.16361679224973
1791410068,794767,27636,430504,93744,3692,217892,68.28025477707006
1791410074,797675,28648,431856,93744,3692,218432,69.58004689831593
1791410080,795927,27276,431480,93744,3692,218432,72.33115468409585
1791410086,796083,27252,431532,93744,3692,218560,67.09788702026735
1791410091,795959,27120,431936,93744,3692,218164,71.483539974348
1791410097,795167,27208,431456,93744,3692,217764,63.2404181184669
1791410103,795767,27376,431888,93744,3692,217764,68.46923568235044
1791410109,795471,27232,431736,93744,3692,217764,67.26726726726727
1791410115,797167,27316,433220,93744,3692,217892,66.92674469007369
1791410121,796363,27204,432788,93744,3692,217636,67.77292576419214
1791410127,796179,26880,432800,93744,3692,217764,69.52808029041213
1791410133,796407,26920,432860,93744,3692,217892,66.0958904109589
1791410139,798739,27236,432956,93744,3692,219808,65.47490846435494
1791410145,796579,27208,432868,93744,3692,217764,67.27351538794973
1791410150,797051,27440,433232,93744,3692,217636,67.96368352788586
1791410156,796355,27056,432924,93744,3692,217632,67.32673267326733
1791410162,797027,27236,433156,93744,3692,217892,67.51345532831002
1791410168,796891,27348,433036,93744,3692,217764,67.0515287577507
1791410174,797099,27380,433084,93744,3692,217892,71.10730349111158
1791410180,798291,26860,432880,93744,3692,219812,64.26879172948524
1791410186,796755,27212,433036,93744,3692,217764,65.23902227990483
1791410192,796523,26920,432968,93744,3692,217892,63.38329764453962
1791410198,797251,27572,433048,93744,3692,217892,77.70728505797419
1791410203,796559,27012,432916,93744,3692,217892,67.2719412019023
1791410209,796651,27512,432632,93744,3692,217764,71.9640179910045
1791410215,796463,27048,432780,93744,3692,217892,65.88436099850651
1791410221,795955,26884,432696,93744,3692,217636,66.1383593917327
1791410227,796619,27576,432672,93744,3692,217632,64.19965576592082
1791410233,797355,27116,433996,93744,3692,217504,71.931330472103
1791410239,797699,27296,433876,93744,3716,217764,64.0
1791410245,798155,27360,434268,93744,3716,217760,69.43849121303043
1791410251,797799,27176,434096,93744,3716,217760,65.64983888292159
1791410257,797771,27244,433996,93744,3716,217764,68.19271855243079
1791410263,798451,27532,434392,93744,3716,217760,65.88436099850651
1791410268,797235,26852,433860,93744,3716,217760,67.75527977356847
1791410274,797131,27216,433516,93744,3716,217632,62.248824283882
1791410280,797787,27280,434104,93744,3716,217636,65.74154379878577
1791410286,796967,27352,433252,93744,3684,217636,64.97548497122149
1791410292,797247,27164,433592,93744,3684,217764,66.43717728055077
1791410298,797407,27552,433496,93744,3684,217636,73.46938775510205
1791410304,796887,26960,433444,93744,3684,217760,74.5674740484429
1791410310,798043,27404,434152,93744,3684,217760,67.6659528907923
1791410316,798787,27792,434504,93744,3684,217764,66.68073433213758
1791410322,797499,27080,433936,93744,3684,217760,65.01950585175553
1791410327,800843,27716,434592,93744,3684,219808,73.11920672558742
1791410333,798299,27688,434248,93744,3684,217636,75.69414780008543
1791410339,798707,28052,434296,93744,3684,217632,70.07172353836123
1791410345,801147,28000,434540,93744,3660,219912,70.72961373390558
1791410351,801103,27508,434812,93744,3692,220044,72.83684890228153
1791410357,801547,27920,434968,93744,3692,219916,70.82703519758151
1791410363,799531,26880,434668,93744,3692,219240,68.48181224134176
1791410369,801919,27968,435268,93744,3692,219940,66.06914212548016
1791410375,799539,27588,435316,93744,3692,217892,72.32027550581145
1791410381,799215,27596,434984,93744,3692,217892,67.81115879828327
1791410386,798747,27392,434848,93744,3692,217764,68.72322193658955
1791410392,798139,27076,434556,93744,3692,217764,64.5355074018451
1791410398,798578,27452,434608,93744,3692,217764,66.5083135391924
1791410404,798646,27472,434592,93744,3756,217764,64.91115392849497
1791410410,799058,27700,434588,93744,3772,217892,72.55452386093715
1791410416,801465,27096,437600,93736,3796,217884,67.93760831889082
1791410422,801197,27072,437484,93736,3796,217756,71.03848634702214
1791410428,802073,27224,438072,93736,3796,217884,70.71443896159623
1791410434,803621,27252,437544,93736,3796,219932,68.05228197985859
1791410440,801433,27004,437652,93736,3796,217884,67.21974048074878
1791410446,802753,27648,437552,93736,3796,218652,76.23163353500432
1791410451,802037,27204,437284,93736,3796,218652,78.04455980964742
1791410457,802033,27220,437388,93736,3796,218524,80.27385537013265
1791410463,802609,27428,437756,93736,3796,218524,78.52437417654808
1791410469,802145,27256,437464,93736,3796,218524,72.66480566888555
1791410475,802345,27440,437480,93736,3796,218524,65.8303210716564
1791410481,801729,26948,437232,93736,3796,218652,71.46529562982005
1791410487,802217,27212,437456,93736,3796,218652,64.05510116229014
1791410493,801893,27080,437264,93736,3796,218652,67.08342315154128
1791410499,802085,27264,437264,93736,3796,218660,67.86409867993942
1791410504,808013,27240,437224,93736,3772,224684,69.23915413124047
1791410510,801377,26740,437236,93736,3772,218532,62.762048843743244
1791410516,801593,26904,437292,93736,3772,218532,66.81165724227925
1791410522,802897,27648,437976,93736,3772,218404,66.17583369423993
1791410528,802949,27628,437788,93740,3772,218660,70.32022351171288
1791410534,802577,27588,437456,93740,3772,218660,66.49484536082474
1791410540,804589,27348,437660,93740,3772,220708,73.21505841627001
1791410546,803481,27944,438004,93740,3772,218660,69.80561555075595
1791410551,802641,27132,437976,93740,3772,218660,70.4370179948586
1791410557,803173,27200,438440,93740,3772,218660,65.8195132457463
1791410563,802221,26832,438088,93740,3708,218528,70.86446104589115
1791410569,802953,27196,438320,93740,3708,218660,76.3916391639164
1791410575,803517,27512,438312,93740,3708,218916,70.8146247594612
1791410581,803105,27156,438256,93740,3708,218916,73.42156650032545
1791410587,803505,27532,438280,93740,3708,218916,70.4013736853402
1791410593,804673,27248,439988,93740,3708,218660,70.17241379310344
1791410599,803217,27104,438420,93740,3708,218916,67.86018755328217
1791410605,802829,26968,438296,93740,3708,218788,63.49752634975263
1791410611,805081,27072,438272,93740,3708,220964,66.32566069906224
1791410617,803597,27332,438548,93740,3724,218916,67.29131175468484
1791410622,803453,27200,438536,93740,3724,218916,71.02558495517167
1791410628,804601,27280,439728,93740,3724,218788,66.70942912123155
1791410634,806825,27576,439608,93740,3724,220836,69.61038961038962
1791410640,807109,27992,439484,93740,3724,220832,71.98788665368808
1791410646,805997,28276,439588,93740,3724,219328,72.33676975945016
1791410652,805981,27348,439484,93740,3724,220348,67.68832290092813
1791410658,806245,27436,439656,93740,3724,220352,70.11393514461
1791410664,805825,27168,439644,93740,3724,220212,66.50366748166259
1791410669,805005,26756,439636,93740,3724,219812,64.93506493506493
1791410675,805425,27232,439580,93740,3724,219812,64.14523449319213
1791410681,805549,27152,439780,93740,3724,219812,67.04200952793417
1791410687,805225,27052,439564,93740,3724,219808,67.93431287813311
1791410693,805505,26880,440144,93740,3724,219680,70.6290672451193
1791410699,805705,27160,440064,93740,3724,219680,65.29209621993127
1791410704,805981,26952,440412,93740,3724,219812,68.33552920509443
1791410710,805797,27036,440296,93740,3724,219672,66.45367412140575
1791410716,805809,27032,440288,93740,3748,219676,69.37716262975778
1791410722,806477,27520,440212,93740,3748,219932,66.38005159071368
1791410728,806241,27400,440224,93740,3748,219804,69.18454935622319
1791410734,806021,27060,440216,93740,3748,219932,65.76051779935274
1791410740,805681,26928,440136,93740,3748,219804,73.73431414971874
1791410746,806461,27480,440232,93740,3748,219932,67.02470461868958
1791410752,808877,27268,440808,93740,3748,221980,70.5014108964619
1791410758,806321,26872,440700,93740,3748,219932,64.94912318683697
1791410763,806653,27144,440632,93740,3748,220060,68.42443729903536
1791410769,806441,27124,440440,93740,3748,220060,72.45744216499345
1791410775,806469,27104,440504,93740,3724,220068,74.21975203078239
1791410781,806225,27188,440176,93740,3724,220068,64.33566433566433
1791410787,806809,27364,440584,93740,3724,220068,67.98964624676445
1791410793,806409,26968,440580,93740,3724,220068,63.5329469843314
1791410799,807193,27348,440852,93720,3724,220196,68.35987946620749
1791410805,806745,27136,440620,93720,3724,220196,66.17710583153348
1791410810,806869,27220,440660,93720,3724,220196,69.01347240330291
1791410816,806845,27124,440860,93720,3724,220068,66.82495143535506
1791410822,806777,26996,440792,93720,3724,220196,68.09605488850772
1791410828,807085,27216,440880,93720,3724,220196,62.76896326885459
1791410834,808853,27172,440772,93720,3724,222116,69.72397304933709
1791410840,806821,27272,440688,93720,3724,220068,65.36288570186876
1791410846,807021,27120,440784,93720,3724,220324,70.80880749945499
1791410852,807321,27168,441164,93720,3724,220196,67.93760831889082
1791410857,807117,27052,441204,93720,3724,220068,65.22205535292855
1791410863,806921,26856,441204,93720,3724,220068,66.45475736384827
1791410869,807289,27192,441236,93720,3724,220068,68.48847139197267
1791410875,807485,27348,441276,93720,3724,220068,63.718334048948044
1791410881,811213,27380,441896,93720,3724,223144,69.17227894851185
1791410887,809049,27292,441868,93720,3724,221096,62.62197708952058
1791410893,809061,27156,441888,93720,3724,221224,73.10704960835508
1791410899,809161,27344,441928,93720,3724,221096,66.97028844068532
1791410905,809413,27180,442212,93720,3724,221224,68.20758831225469
1791410910,808769,26872,441880,93720,3724,221224,62.92134831460674
1791410916,809141,27144,441976,93720,3724,221224,73.37690631808279
1791410922,809049,27292,441864,93720,3724,221096,72.97703369821849
1791410928,812597,28488,442296,93720,3724,223012,73.73271889400922
1791410934,811189,27276,441972,93720,3724,223140,65.13820441397044
1791410940,809057,27244,441664,93720,3724,221352,70.13603973223925
1791410946,809849,27564,442260,93720,3724,221224,75.85313174946005
1791410951,809789,27716,442052,93720,3724,221224,77.68846404518793
1791410957,812105,27716,442336,93720,3724,223252,69.79635584137192
1791410963,811393,27076,442268,93720,3724,223252,68.44009363694403
1791410969,811509,27368,442088,93724,3724,223252,75.08035140347118
1791410975,811721,27968,442504,93724,3724,222444,73.24429125376992
1791410981,808809,27228,441940,93724,3724,220840,68.16913500751234
1791410987,811185,27644,441724,93724,3724,223012,65.10199605176574
1791410993,809241,27368,441980,93724,3724,221092,68.36734693877551
1791410999,809649,26992,442504,93724,3724,221352,72.0
1791411005,809550,27208,442344,93724,3724,221220,67.6949443016281
1791411011,809194,27248,441948,93724,3724,221220,71.59066581031898
1791411016,811790,27592,442000,93724,3748,223396,66.29261976694
1791411022,811374,26900,443556,93724,3748,222116,71.03594080338267
1791411028,811474,27048,443508,93720,3748,222116,65.96340150699676
1791411034,811101,27108,443168,93720,3668,222120,67.65911542610571
1791411040,811317,27144,443352,93720,3668,222116,64.60481099656357
1791411046,811665,27116,443596,93720,3668,222248,69.95009763506184
1791411052,811845,27336,443560,93720,3668,222244,67.8402747960498
1791411058,811401,26868,443580,93720,3668,222248,66.89419795221842
1791411064,814045,27372,443796,93720,3668,224168,66.75224646983312
1791411070,811953,27252,443720,93720,3684,222248,66.8936170212766
1791411076,811669,27312,443536,93720,3660,222116,65.72972972972973
1791411082,811941,27272,443840,93720,3660,222120,68.26943902967295
1791411087,811901,27424,443652,93720,3660,222116,65.76518566215927
1791411093,811741,27120,443924,93720,3660,221988,72.86788399570354
1791411099,812093,27584,443808,93720,3660,221992,65.29562982005142
1791411105,811513,27132,443560,93720,3660,222116,69.01287553648069
1791411111,811605,27356,443556,93720,3660,221988,67.57399006264852
1791411117,813849,28332,444172,93720,3660,222636,72.63339070567987
1791411123,812829,27580,444276,93720,3660,222504,69.60239418554937
1791411129,811897,27252,443672,93720,3660,222504,68.96256684491978
1791411135,812125,27400,443624,93720,3660,222632,71.95587611370387
1791411141,811621,27096,443424,93720,3660,222632,68.70527000650618
1791411146,811477,26872,443504,93720,3660,222632,65.34823731728288
1791411152,811697,27140,443584,93720,3660,222504,69.41506583207425
1791411158,811697,26992,443592,93724,3660,222636,71.8562874251497
1791411164,812545,27556,443876,93724,3660,222632,70.52767052767052
1791411170,811777,27100,443696,93724,3660,222504,67.07211120764552
1791411176,811929,27236,443580,93724,3660,222636,67.45964316057774
1791411182,814749,27080,443868,93724,3660,225324,66.3106173894467
1791411188,812621,27160,443688,93724,3684,223272,69.27229540056143
1791411194,814257,27120,443312,93724,3684,225324,65.20430107526882
1791411200,811953,26844,443336,93724,3684,223272,69.6774193548387
1791411206,813061,27464,443820,93724,3684,223276,68.3982683982684
1791411212,814117,28364,443976,93724,3684,223272,74.72432432432431
1791411217,817109,27284,443820,93724,3684,227504,70.45553145336225
1791411223,812685,27276,443764,93724,3684,223144,71.50549213870342
1791411229,813861,27780,444432,93724,3684,223144,62.640207075064716
1791411235,813149,27376,443868,93724,3684,223404,73.13497197067701
1791411241,812801,27412,443868,93724,3684,223020,64.8881239242685
1791411247,813069,26832,444744,93724,3660,223016,69.04864399483426
1791411253,813925,27572,444732,93724,3660,223144,68.85813148788927
1791411259,815117,26896,445700,93724,3660,224040,72.36954662104363
1791411265,816477,28044,445784,93724,3660,224168,65.24271844660194
1791411270,815929,27216,446188,93724,3660,224044,71.33202528885982
1791411276,816973,27516,446808,93724,3660,224168,69.0909090909091
1791411282,816713,27436,446624,93724,3660,224172,70.69447430660072
1791411288,816461,27472,446468,93724,3660,224040,69.08077994428969
1791411294,816565,27524,446388,93724,3660,224172,70.90986757795814
1791411300,815965,27252,446192,93724,3660,224040,64.45497630331754
1791411306,816565,27536,446508,93724,3660,224040,69.000853970965
1791411312,816781,27592,446540,93724,3660,224168,64.1320877688464
1791411318,817469,28092,446728,93724,3660,224168,70.01508945893512
1791411323,818257,27500,447592,93724,3660,224684,68.87302617348043
1791411329,817973,27440,447500,93724,3660,224552,73.50794332331473
1791411335,817585,27168,447252,93724,3660,224684,66.19748347195565
1791411341,819045,27872,448012,93724,3660,224680,70.15437392795883
1791411347,817629,27148,447320,93724,3660,224680,66.25980819529207
1791411353,818317,27416,447608,93724,3660,224812,71.54893065456902
1791411359,817589,27084,447216,93724,3660,224812,65.27777777777779
1791411365,819097,27656,448148,93724,3660,224812,69.39302625914765
1791411370,818485,27388,447804,93724,3660,224812,73.08941329292054
1791411376,820757,27156,447116,93724,3660,228008,71.70626349892008
1791411382,820845,27096,447264,93724,3660,228008,69.08935442496794
1791411388,823017,28144,447768,93724,3660,228624,73.86461011139674
1791411394,820505,27972,447472,93724,3660,226580,73.04122598748111
1791411400,821257,28640,447272,93724,3660,226864,73.73586515895029
1791411406,821317,28448,447396,93724,3660,226992,70.48231511254019
1791411412,820913,27712,447728,93724,3660,226992,75.37104753710476
1791411418,821801,27228,447196,93724,3660,228900,70.60350421804024
1791411424,821253,28200,448124,93724,3660,226448,78.20457488131204
1791411430,820705,28048,447600,93724,3660,226576,72.42798353909465
1791411435,820417,27436,447792,93724,3660,226708,76.86408180656157
1791411441,820777,27828,447880,93724,3672,226576,74.1880341880342
1791411447,819805,27304,447416,93724,3676,226580,75.28403001071811
1791411453,822265,28580,448604,93724,3676,226576,70.87294727744165
1791411459,822649,28208,449488,93724,3676,226448,77.502691065662
1791411465,825529,27668,449176,93724,3676,230180,77.97337913267496
1791411471,823001,27536,448832,93724,3676,228128,73.26943556975506
1791411477,822437,27460,448340,93728,3676,228128,68.65356161488057
1791411483,823365,27856,448996,93728,3680,228000,72.9939603106126
1791411489,823317,27720,448800,93728,3704,228260,67.95698924731182
1791411495,825797,28092,448960,93716,3704,230176,76.92641632298675
1791411501,825073,29300,449076,93716,3704,228128,70.58313461955343
1791411506,826673,28892,449188,93716,3704,230024,73.65728900255755
1791411512,826089,27704,449668,93716,3704,230152,75.65011820330969
1791411518,825081,27288,449068,93716,3704,230156,73.85945945945946
1791411524,826013,27868,449296,93716,3704,230280,69.08462867012089
1791411530,824705,27776,449148,93716,3704,229212,70.47081796485138
1791411536,826101,27480,450420,93716,3704,229632,70.91222030981066
1791411542,825125,27412,449512,93716,3704,229632,72.790294627383
1791411548,826249,28208,449824,93716,3712,229632,72.01197348727817
1791411553,826565,28152,450184,93716,3716,229632,71.1651117379041
1791411559,829837,28012,449492,93716,3716,233736,70.72013799051315
1791411565,825601,27804,449568,93716,3716,229632,74.89433643279797
1791411571,825001,27224,449548,93716,3716,229632,69.23409779316313
1791411577,825077,27932,448916,93716,3716,229632,71.29391602399315
1791411583,826225,27984,450140,93716,3716,229504,68.35222319093288
1791411589,824729,27424,449204,93716,3716,229504,72.55328403653762
1791411595,830337,27660,453176,93716,3716,230904,72.71179225202214
1791411601,827689,27264,450924,93716,3716,230904,66.83848797250859
1791411607,828177,27588,451088,93716,3716,230904,67.24436741767764
1791411612,829421,27676,452372,93716,3716,230776,77.11464147702877
1791411618,829445,27456,452356,93716,3716,231036,73.74399301004806
1791411624,830209,27744,452836,93716,3716,231032,70.96219931271477
1791411630,828817,27112,451944,93716,3716,231164,66.85429746698419
1791411636,829101,27316,452284,93716,3716,230904,70.31650983746792
1791411642,829069,27892,451672,93716,3716,230904,72.64883520276099
1791411648,830421,27784,453132,93716,3716,230904,69.86301369863014
1791411654,830129,28056,452568,93716,3716,230904,71.71824973319103
1791411660,829137,27132,452372,93716,3716,231036,73.91588581390282
1791411665,830421,27860,452796,93716,3716,231164,70.85963003264418
1791411671,832129,29044,453448,93716,3716,231036,75.60137457044674
1791411677,831985,29500,452308,93716,3716,231576,72.29122055674519
1791411683,831905,28628,452968,93716,3716,231704,71.24463519313305
1791411689,834481,29368,454260,93716,3716,232016,73.41772151898735
1791411695,832553,28916,453452,93716,3716,231348,72.13389121338912
1791411701,833033,28612,454240,93716,3716,231344,71.2698758440427
1791411707,834177,28724,453092,93716,3716,233524,73.13497197067701
1791411713,834989,29896,454780,93716,3716,231476,69.92465016146394
1791411719,833345,28960,454076,93716,3716,231472,72.34782608695653
1791411725,833045,29068,453924,93716,3716,231216,70.7173657389259
1791411732,835589,30672,454732,93716,3716,231348,74.888558692422
1791411738,834577,29488,454772,93716,3716,231476,65.4501704431522
1791411745,835908,29668,455212,93716,3716,232192,76.57306825169093
1791411751,838076,30372,456092,93716,3716,232776,70.54470709146969
1791411757,835496,29208,454804,93716,3716,232648,73.80303620085637
1791411763,833944,27792,454404,93716,3716,232908,67.28033472803348
1791411770,832448,26944,453892,93716,3716,232776,67.50711671411142
1791411776,834092,27840,454636,93716,3716,232780,69.922448124083
1791411782,833396,27440,454468,93716,3716,232652,72.97679112008073
1791411788,833880,27696,454672,93716,3740,232648,63.80467955239064
1791411794,835584,28748,455196,93716,3740,232776,70.92951991828397
1791411801,835108,28628,454844,93716,3740,232776,70.46457851587135
1791411807,834844,28260,454944,93716,3740,232780,71.62442874948069
1791411813,836800,28360,454748,93716,3740,234828,68.68852459016394
1791411819,834724,28520,454692,93716,3740,232652,68.3076923076923
1791411825,835152,27976,455540,93716,3740,232776,65.84998925424458
1791411831,834888,28200,455048,93716,3740,232776,74.04530744336569
1791411837,835020,28492,454888,93716,3740,232780,67.29776247848537
1791411843,835288,28836,454936,93716,3740,232652,68.32618025751073
1791411849,834752,28252,454880,93716,3716,232780,68.51732300408867
1791411855,837344,28688,454960,93716,3652,234956,74.87520798668885
1791411861,835052,28428,454976,93716,3652,232908,68.51165831335803
1791411867,835336,28544,455144,93716,3652,232908,70.16024252923343
1791411873,835396,28564,455180,93716,3652,232908,69.61727603164421
1791411879,836540,28536,456352,93716,3652,232908,76.82458386683739
1791411885,836912,27288,456032,93716,3676,234828,66.65227714224045
1791411890,836972,27132,456120,93716,3676,234956,71.46574154379879
1791411896,834824,27136,456016,93716,3676,232908,66.893039049236
1791411902,834404,26804,456056,93716,3676,232780,71.4193962748876
1791411908,837044,27324,456124,93716,3676,234828,68.98326898326899
1791411914,835040,27492,456000,93716,3676,232780,73.78557671731222
1791411920,835072,27460,456064,93716,3676,232780,71.75736717573672
1791411926,834736,27140,456052,93716,3676,232780,73.23090240207748
1791411932,837892,27964,456332,93716,3676,234828,67.60319861681435
1791411938,837596,27888,458160,93716,3676,232780,71.20328364657593
1791411944,839180,28708,458152,93716,3652,233576,72.75810896756413
1791411950,837244,27184,458000,93716,3652,233316,69.63979416809606
1791411956,837384,27468,457852,93716,3652,233320,71.91397849462365
1791411961,836788,27176,457816,93716,3652,233052,70.5324423367105
1791411967,839404,27456,458376,93716,3652,234828,64.9763644177052
1791411973,836628,27276,457960,93716,3652,232648,68.02662658363754
1791411979,837208,27548,458264,93716,3652,232652,63.17141022897496
1791411985,836860,27476,457992,93716,3652,232648,67.17687074829932
1791411991,836408,27220,457796,93716,3652,232648,67.4496644295302
1791411997,836528,27156,457848,93716,3652,232780,70.29360967184802
1791412003,836460,27136,457804,93716,3652,232776,67.87252368647717
1791412009,836476,27184,457772,93716,3652,232776,69.78942844864633
1791412015,837636,27148,457200,93716,3652,234548,67.88511749347258
1791412021,839432,27164,457060,93716,3652,236468,70.72488707248871
1791412027,837296,26956,457176,93716,3652,234420,67.86632390745501
1791412033,838252,27688,457268,93716,3652,234552,69.70023722234203
1791412038,837264,26840,457136,93716,3652,234548,63.97963512940178
1791412044,837528,27088,457236,93716,3652,234420,71.95675675675676
1791412050,837888,27424,457208,93716,3684,234424,68.5909771220868
1791412056,841000,27204,460540,93716,3684,234424,75.1409978308026
1791412062,842312,28136,460920,93716,3684,234424,72.85252960172228
1791412068,844136,27824,461012,93716,3684,236468,69.4055944055944
1791412074,841372,27384,460608,93716,3684,234548,65.84787761258349
1791412080,842188,27996,460808,93716,3684,234552,74.12195647489766
1791412086,841200,27344,460476,93716,3684,234548,68.38931955211025
1791412091,841452,27300,460640,93716,3684,234680,70.26086956521739
1791412097,841316,27192,460744,93716,3684,234548,66.25505641899085
1791412103,841204,27000,460692,93716,3684,234680,70.04686834256498
1791412109,841788,27528,460752,93716,3684,234676,64.86486486486487
1791412115,842896,27328,461416,93716,3684,235320,70.73647621116663
1791412121,843684,27824,461708,93716,3684,235320,65.76537287396424
1791412127,843520,28292,461116,93716,3684,235320,69.75335352661186
1791412133,845844,29372,462232,93716,3684,235448,73.17802949348152
1791412139,845064,28920,461904,93716,3684,235448,75.32244196044712
1791412145,846924,28768,461868,93716,3684,237496,68.16143497757847
1791412150,846364,29112,463012,93716,3684,235448,74.3017969257415
1791412156,848940,29056,463444,93716,3684,237648,72.28811731723097
1791412162,847513,28920,462180,93716,3684,237648,70.06802721088435
1791412168,847649,29056,462184,93716,3684,237644,69.50567087524074
1791412174,849145,30124,462604,93716,3684,237648,74.8051948051948
1791412180,850845,29928,462728,93716,3708,239392,74.73867595818815
1791412186,850241,29352,462828,93716,3708,239264,71.05376344086022
1791412192,850341,29772,464128,93716,3708,237648,70.23482123968691
1791412198,848932,29372,463100,93716,3708,237644,74.52667814113597
1791412204,851628,29932,463184,93716,3708,239696,72.43220158018364
1791412210,851140,30592,463412,93716,3708,238316,73.21390028059572
1791412215,847072,27336,462724,93716,3708,238188,67.6949443016281
1791412221,847588,27820,462888,93716,3708,238060,67.11120671112067
1791412227,849880,28528,464740,93716,3708,237792,74.93018259935553
1791412233,848772,28040,464392,93716,3708,237520,75.37993920972644
1791412239,850508,28840,465200,93716,3708,237648,75.69414780008543
1791412245,849344,27540,463312,93716,3684,239696,72.96192729619273
1791412251,848084,27720,463924,93716,3684,237644,72.41379310344827
1791412257,846588,26916,463236,93716,3684,237644,71.92374350086655
1791412263,850644,30084,464248,93716,3684,237516,73.61438048362936
1791412269,848284,28472,463500,93716,3684,237520,68.08873720136519
1791412275,850632,28632,465000,93716,3684,238204,69.76844838779485
1791412280,852868,29096,464848,93716,3684,240128,71.6727980956503
1791412286,849584,28896,463684,93716,3684,238208,69.03032891926527
1791412292,849764,28640,464124,93716,3684,238204,71.8409236690186
1791412298,849988,28668,464320,93716,3684,238204,71.1755920631534
1791412304,850880,29004,464876,93716,3684,238204,76.06670998483864
1791412310,851500,29488,465012,93716,3684,238204,73.17909168808912
1791412316,851800,28808,465992,93716,3684,238204,75.60818083961249
1791412322,852820,29620,466200,93716,3684,238204,66.46525679758308
1791412328,851080,28748,465460,93716,3684,238076,74.495333188626
1791412333,852856,29316,466540,93716,3684,238204,70.86007702182286
1791412339,856396,28728,468756,93716,3684,240116,76.72413793103449
1791412345,856136,28192,469032,93716,3684,240116,78.78524945770064
1791412351,855480,27952,468616,93716,3684,240116,72.64902087368195
1791412357,856204,27956,469208,93716,3684,240244,70.82880139221231
1791412363,855200,27524,468892,93716,3684,239988,73.87502665813606
1791412369,855556,27820,468740,93716,3744,240116,65.61567959096719
1791412375,854608,27252,468364,93716,3744,240112,67.55479157713793
1791412381,855776,27624,469152,93716,3744,240112,68.49840255591054
1791412387,856124,27540,469448,93716,3748,240244,70.96495023799221
1791412393,858916,27724,470008,93716,3748,242292,70.0
1791412398,857352,27984,470232,93716,3748,240244,70.36165204365504
1791412404,855184,26872,469176,93716,3748,240244,67.3973780356759
1791412410,855696,27240,469452,93716,3748,240112,66.83716965046888
1791412416,856812,28396,469412,93716,3748,240112,65.59347499463404
1791412422,858224,29240,469976,93716,3748,240116,72.29965156794425
1791412428,858236,28988,470260,93716,3648,240244,69.33218067862545
1791412434,859284,29040,471388,93716,3648,240112,74.24633936261843
1791412440,859356,29084,471416,93716,3648,240112,69.96587030716724
1791412446,858496,28344,471164,93716,3648,240244,70.38478166882837
1791412452,858576,28420,471172,93716,3648,240240,68.4811237928007
1791412457,860316,28940,472388,93716,3648,240244,74.97282017829963
1791412463,861892,28964,472004,93716,3664,242160,67.07915510987839
1791412469,861084,29604,472184,93716,3664,240528,72.20655239748318
1791412475,861212,28808,472076,93716,3664,241560,65.28164489183979
1791412481,861212,29076,471928,93716,3688,241416,76.55009654580563
1791412487,860836,28764,471880,93716,3688,241400,69.27659574468085
1791412493,861568,29224,472280,93716,3688,241272,73.5533647663952
1791412499,860592,28592,471936,93716,3688,241272,63.55545908400261
1791412505,859872,27824,471984,93716,3688,241272,71.73959905151972
1791412511,859588,27412,472112,93716,3688,241272,65.80976863753213
1791412516,859612,27644,471904,93716,3688,241272,69.20415224913495
1791412522,859160,27192,472036,93716,3688,241140,64.76605005440696
1791412528,860036,27220,472884,93716,3688,241140,68.94476681710724
1791412534,859316,27164,472092,93716,3688,241272,71.20328364657593
1791412540,859512,27280,472196,93716,3664,241268,66.29550321199143
1791412546,862608,27868,472652,93716,3664,243320,67.810976901886
1791412552,859576,27352,472312,93716,3664,241144,71.45969498910677
1791412558,859708,27524,472532,93716,3664,240884,67.46166950596252
1791412564,860900,27580,473280,93716,3664,241272,67.91808873720136
1791412570,861884,27016,472828,93716,3632,243320,66.88382193268187
1791412576,868044,28156,477004,93716,3656,244140,73.89978213507625
1791412581,866880,27524,476732,93716,3656,243880,69.92153443766347
1791412587,866976,27372,476848,93716,3656,244012,74.62300732442912
1791412593,867288,27552,476852,93716,3656,244140,68.2842287694974
1791412599,870180,28164,477340,93716,3656,245932,78.52654387865655
1791412605,868960,27492,476788,93716,3668,245924,66.19506966773848
1791412611,868456,27220,476416,93716,3672,246052,70.90791459995687
1791412617,869552,28748,478160,93716,3672,243876,68.65542585386943
1791412622,869560,28928,477860,93716,3672,244004,78.33981841763944
1791412628,870920,28904,478312,93716,3672,244936,75.39630836047773
1791412634,870664,28668,478316,93716,3648,244936,75.43971180334816
1791412640,871984,29048,479132,93716,3648,245060,69.2967409948542
1791412646,870664,28564,478272,93716,3664,245072,71.22117847993168
1791412652,872060,29076,479144,93716,3664,245072,71.92908400168848
1791412658,871980,29156,478860,93716,3664,245196,72.82051282051282
1791412664,875056,29756,479540,93716,3664,246992,69.47637292464879
1791412670,873384,29608,479812,93716,3664,245196,72.94675576632895
1791412676,873456,29068,480256,93716,3664,245364,74.03291301560162
1791412682,875500,28832,480616,93716,3664,247284,75.84415584415585
1791412688,873004,28680,480060,93716,3664,245496,72.71164589600345
1791412694,873664,28980,480296,93716,3664,245624,75.39991353220925
1791412700,873340,28580,480496,93716,3664,245496,69.71379752242632
1791412705,874420,29512,480644,93716,3664,245496,81.29171151776103
1791412711,872952,28188,480500,93716,3664,245496,67.58147512864494
1791412717,872828,28212,480480,93716,3664,245368,73.52750809061489
1791412723,874236,28252,481328,93716,3664,245888,69.99140154772141
1791412729,875036,28788,481588,93716,3664,245892,80.05186946185432
1791412735,876768,28392,481544,93716,3664,248064,67.79074794638997
1791412741,874848,28424,481640,93716,3664,246016,75.72731220147634
1791412747,877184,28536,481816,93716,3664,248064,73.36551118911804
1791412753,875600,28704,482108,93716,3664,246020,73.94957983193278
1791412758,876296,28952,482560,93716,3664,246016,74.43059733562527
1791412764,874060,27400,481872,93716,3664,246020,71.34627693620654
1791412770,874476,27496,482324,93716,3664,245888,72.03627726193046
1791412776,878152,27080,482592,93716,3664,249712,70.93763258379295
1791412782,876428,27384,482612,93716,3664,247664,72.74283269148481
1791412788,876148,27196,482520,93716,3664,247664,72.17523313814792
1791412794,878208,28240,483408,93716,3664,247792,68.96847523053829
1791412800,877188,27536,482964,93716,3664,247920,74.11210954214805
1791412806,876752,27312,482752,93716,3664,247920,70.50789586000855
1791412812,876940,27652,482600,93716,3664,247920,75.89343729694606
1791412818,877792,27864,483364,93716,3664,247796,68.57635149687702
1791412824,879552,27904,484956,93716,3664,247924,71.09577221742882
1791412829,878624,27888,484048,93716,3664,247920,70.2355460385439
1791412835,878320,27520,484108,93716,3664,247924,73.6081597960051
1791412841,878348,27688,483952,93716,3680,247924,71.74193548387096
1791412847,878188,27484,484012,93716,3756,247792,74.78900670850466
1791412853,878652,27576,484236,93716,3760,247928,68.64058785390101
1791412859,878952,27824,484420,93716,3760,247796,70.16634262259667
1791412865,879664,28028,484928,93716,3760,247796,70.29575653664808
1791412871,878348,27332,484156,93716,3784,247924,66.40793445450626
1791412877,881732,27892,484364,93716,3784,250540,71.89259419662191
1791412883,880248,27000,483776,93716,3784,250536,74.29433311786254
1791412888,881928,27700,484628,93716,3784,250664,70.43590850237376
1791412894,882040,27820,484748,93716,3784,250536,73.84878989076891
1791412900,880704,27100,484132,93716,3784,250536,68.73385012919897
1791412906,882340,28316,484420,93716,3784,250668,76.88046025996165
1791412912,881472,27748,484120,93716,3784,250668,73.66832003450506
1791412918,881268,27800,483996,93716,3784,250536,74.11586027337817
1791412924,882632,28948,484080,93716,3784,250668,71.24593716143012
1791412930,883160,28868,484688,93716,3784,250668,73.8327904451683
1791412936,881708,27912,484216,93716,3760,250668,70.18754041819358
1791412941,881976,28204,484192,93716,3760,250668,71.58446093408992
1791412947,883048,28276,485320,93716,3760,250540,68.89128094725511
1791412953,885104,29556,486100,93716,3760,250536,69.16129032258065
1791412959,884392,29132,485684,93716,3760,250664,71.40695915279879
1791412965,883884,28980,485328,93716,3760,250664,75.46848381601363
1791412971,883879,28904,485416,93712,3760,250652,66.49214659685863
1791412977,884815,29444,485816,93712,3760,250648,72.36614853195165
1791412983,885547,29436,486552,93712,3760,250652,79.32452911885689
1791412989,885427,29336,486532,93712,3764,250648,77.68166089965398
1791412994,888347,29596,489184,93712,3764,250656,72.60185384781202
1791413000,888267,29712,489116,93712,3764,250528,73.05312566673778
1791413006,887279,29224,488620,93712,3764,250524,70.04291845493562
1791413012,888839,30368,488892,93712,3764,250660,76.04166666666666
1791413018,889351,30568,489200,93712,3764,250664,79.77744489621227
1791413024,888779,30628,488824,93712,3764,250408,75.7314974182444
1791413030,886871,28704,488844,93712,3764,250404,73.87270765911542
1791413036,886923,28484,488864,93712,3764,250664,71.24945957630783
1791413042,887055,28776,488700,93712,3764,250664,66.46629454701589
1791413048,886455,28144,488736,93712,3764,250664,80.92234065695018
1791413053,886443,28248,488620,93712,3764,250664,67.70944932504821
1791413059,887787,27932,488892,93712,3764,252052,78.57602401887198
1791413065,888727,28432,489336,93712,3764,252052,76.011930123562
1791413071,891711,29144,489684,93712,3764,253972,79.98276233570351
1791413077,888919,28680,489276,93712,3764,252052,69.587852494577
1791413083,889739,29396,489256,93712,3764,252180,73.10255858955064
1791413089,893467,31092,491276,93712,3764,252184,75.31631996568733
1791413095,887971,27248,489624,93712,3764,252184,76.43090315560391
1791413101,888487,27196,490196,93712,3764,252184,71.91205001077819
1791413107,888683,27400,490192,93712,3764,252180,71.00795185901568
1791413112,888843,27576,490172,93712,3764,252184,69.43203573707721
1791413118,894531,26844,492652,93712,3764,256124,73.4008184363558
1791413124,894823,26868,492796,93712,3764,256252,72.6027397260274
1791413130,895523,27460,492900,93712,3764,256252,72.06443408223824
1791413136,896695,26964,492652,93712,3764,258168,71.39197267292911
1791413142,896471,27888,493556,93712,3764,256116,83.84279475982532
1791413148,896671,27816,493692,93712,3764,256252,74.12195647489766
1791413154,895699,27208,493332,93712,3764,256248,74.89800300622719
1791413160,896151,27636,493480,93712,3764,256120,70.73065283182015
1791413166,895595,27104,493328,93712,3764,256248,71.31914893617022
1791413172,897095,27640,494264,93712,3788,256252,70.94696156323813
1791413178,895799,27224,493516,93712,3788,256120,69.6405370290169
1791413183,895759,27164,493536,93712,3788,256120,68.2383197599657
1791413189,897651,27144,493528,93712,3788,258040,71.77505902554196
1791413195,897579,26992,493608,93712,3788,258040,70.14829142488716
1791413201,895491,27300,493396,93712,3788,255860,71.23988069876438
1791413207,896995,28364,493700,93712,3788,255992,66.7814113597246
1791413213,896859,28288,493732,93712,3644,256116,76.40927462242077
1791413219,896291,28236,493088,93712,3644,256248,70.29575653664808
1791413225,900303,28552,496900,93712,3644,256120,76.42658687753794
1791413231,900455,28832,496624,93712,3660,256248,75.67567567567568
1791413237,900907,28880,496488,93712,3660,256788,73.54922842860248
1791413243,899715,27876,496300,93712,3660,256788,72.9157667386609
1791413248,900043,28780,496260,93712,3660,256248,80.76923076923077
1791413254,899159,27804,496484,93712,3660,256120,75.65217391304347
1791413260,901503,29020,497480,93712,3660,256248,79.18029212993241
1791413266,899251,27992,496260,93712,3660,256248,68.37019540476702
1791413272,900219,28280,496936,93712,3660,256248,75.17822423849644
1791413278,900199,28232,496960,93712,3660,256252,67.15454154111063
1791413284,902051,28844,498232,93712,3636,256252,80.96261280618823
1791413290,902203,28712,498516,93712,3636,256252,70.47700902449506
1791413295,903079,27928,498136,93712,3636,258296,75.8096066072593
1791413301,901435,27976,498616,93712,3636,256120,76.13319011815253
1791413307,900551,27180,498528,93712,3636,256124,75.41335623792142
1791413313,899999,26840,498312,93712,3636,256124,67.68568353067815
1791413319,902079,27792,499444,93712,3636,256120,76.2402088772846
1791413325,902875,27364,498620,93712,3636,258168,71.57985735897991
1791413331,902287,28056,499516,93712,3636,255992,72.94675576632895
1791413337,901263,27248,499040,93712,3636,256252,67.36125877099724
1791413343,902739,28036,499732,93712,3636,256248,71.12630904039324
1791413349,903347,28184,500188,93712,3636,256252,72.27574395204454
1791413355,901687,27480,499232,93712,3636,256252,75.68027210884354
1791413361,902291,27640,499680,93712,3636,256248,69.66966966966966
1791413366,901043,27276,498928,93712,3636,256120,70.29077117572693
1791413373,902163,27616,499572,93712,3636,256252,70.84048027444254
1791413378,903715,26828,501180,93712,3636,256984,72.74290627687017
1791413384,906102,27052,501304,93712,3636,259024,70.53763440860214
1791413390,904362,27376,501412,93712,3636,256852,70.17543859649122
1791413396,905002,27668,501756,93712,3636,256856,68.79523201362282
1791413402,904362,27544,501372,93712,3636,256724,73.7090207842297
1791413408,904950,27504,501872,93712,3636,256852,67.35572782084411
1791413414,903926,27092,501132,93712,3636,256984,69.43071965628357
1791413420,903786,26880,501200,93712,3636,256984,67.67895878524945
1791413426,903382,26860,500948,93712,3636,256856,71.83673469387755
1791413432,903742,27132,500908,93712,3636,256984,68.49840255591054
1791413438,904822,27496,501624,93712,3636,256980,69.80802792321117
1791413443,904198,27520,500980,93712,3636,256980,64.56624946050928
1791413449,906962,27272,501012,93712,3660,259932,74.07407407407408
1791413455,906062,28208,501224,93712,3660,257884,69.73656029128293
1791413461,910438,29056,502344,93712,3660,260292,73.13789359391966
1791413467,908310,27624,501780,93712,3660,260164,68.88554863646124
1791413473,906238,27248,501292,93712,3660,258956,70.97744360902256
1791413479,905922,27188,501564,93712,3660,258424,71.94860813704497
1791413485,907018,27468,502536,93712,3660,258268,75.71734475374733
1791413491,908334,27420,501852,93712,3660,260316,65.48596112311014
1791413497,906410,27272,501616,93712,3660,258776,72.39819004524887
1791413502,906358,27104,501728,93712,3660,258780,69.10184787279759
1791413508,906250,27132,501744,93712,3636,258652,68.74200426439232
1791413514,907306,27848,502212,93712,3636,258524,69.0040869004087
1791413520,906270,27416,501480,93712,3636,258652,67.99653078924544
1791413526,910366,27696,502484,93712,3636,261464,70.63903281519862
1791413532,912538,28732,503616,93712,3636,261468,75.42262678803641
1791413538,909838,27308,502340,93712,3636,261468,67.5646782125294
1791413544,910198,27304,502576,93712,3636,261596,75.35979066724815
1791413549,909674,27020,502336,93712,3636,261596,75.14677103718199
1791413555,909918,26976,502748,93716,3636,261468,71.91780821917808
1791413561,910186,27228,502644,93716,3636,261592,71.1864406779661
1791413567,910042,27152,502696,93716,3636,261468,70.99978406391708
1791413573,910362,27640,502532,93716,3636,261468,70.8904109589041
1791413579,911954,27704,503928,93716,3636,261596,75.97765363128491
1791413585,910526,27200,503004,93716,3636,261596,71.39197267292911
1791413591,912650,27056,503356,93716,3636,263512,66.36264929424539
1791413597,910246,27016,503040,93712,3636,261468,66.63811563169165
1791413603,915366,27312,504520,93712,3636,264808,74.73751874866082
1791413609,914958,27576,504212,93712,3636,264680,73.90223695111847
1791413615,913314,27572,504492,93712,3636,262760,79.55230305639259
1791413621,916486,28040,505116,93712,3668,264808,73.3676975945017
1791413627,915502,28516,505280,93712,3668,263168,76.03657240059536
1791413633,913670,27004,504832,93712,3668,263296,72.8688879273042
1791413638,918278,28376,506016,93712,3668,265348,80.6015037593985
1791413644,914394,27400,505424,93712,3668,263032,73.04499781564002
1791413650,914278,27804,505304,93712,3668,262632,77.66161723917217
1791413656,915306,28004,506132,93712,3668,262632,84.08304498269896
1791413662,916246,28296,506780,93712,3668,262632,85.64644938484783
1791413668,914138,27164,505804,93712,3668,262632,71.86557518311074
1791413674,914850,27500,506052,93712,3668,262760,72.42798353909465
1791413680,914326,27008,506024,93712,3668,262756,69.0168600832056
1791413685,914830,27464,506072,93712,3668,262756,70.19952799828363
1791413691,917586,27624,506620,93712,3668,264804,71.4193962748876
1791413697,917038,27736,507236,93712,3668,263528,76.2722782907451
1791413703,915706,27312,506456,93712,3668,263400,68.87645286267757
1791413709,915606,27356,506312,93712,3668,263400,71.56439066551427
1791413715,916530,28016,506320,93712,3668,263656,70.91412742382272
1791413721,916758,28036,506248,93712,3668,263940,76.14917606244579
1791413727,916754,27260,506888,93712,3668,264068,66.79478966474483
1791413733,917622,27100,507576,93712,3668,264408,72.58485639686684
1791413739,918078,27724,507676,93712,3668,264140,69.49936895246108
1791413745,918138,27480,507964,93712,3668,264156,78.2646420824295
1791413750,919926,27812,509100,93712,3692,264452,74.30555555555556
1791413756,918558,26860,508816,93712,3692,264320,65.63307493540051
1791413762,920650,27184,509812,93712,3692,265092,71.25710675931775
1791413768,919662,26936,509204,93712,3692,264960,70.47579472262622
1791413775,920370,27400,509316,93712,3692,265092,69.69818913480886
1791413781,920294,27360,509280,93712,3692,265092,71.43160127253446
1791413787,919950,27204,509096,93712,3692,265092,73.13248039620306
1791413793,919914,27252,509144,93712,3692,264960,71.68809961216574
1791413799,920006,26888,509472,93712,3692,265088,65.07486847430191
1791413805,926862,27204,511536,93712,3692,269560,74.5690572462226
1791413811,925958,26776,511220,93712,3668,269428,68.11812890709204
1791413817,923850,26812,511120,93712,3668,267384,70.54345527595686
1791413823,924586,27256,511412,93712,3668,267380,70.0832238282961
1791413829,924510,27108,511356,93712,3668,267508,74.09625668449198
1791413835,924506,27340,511116,93712,3668,267512,67.87564766839378
1791413841,925558,27564,511816,93712,3668,267640,73.47994825355757
1791413847,925046,27364,511504,93712,3668,267640,69.68698517298188
1791413853,924850,27104,511568,93712,3668,267640,74.94023038469898
1791413859,925414,27380,511856,93712,3668,267640,71.35181603266709
1791413865,927038,27144,511668,93712,3668,269688,72.83763277693474
1791413870,927058,28448,512560,93712,3668,267512,77.10423026602705
1791413876,925510,27484,512104,93712,3668,267384,77.5345377258236
1791413882,925586,27432,512104,93712,3668,267512,69.9828473413379
1791413888,925686,27524,512112,93712,3668,267512,70.09063444108762
1791413894,931998,28444,515456,93712,3668,269560,81.64680390032503
1791413900,929606,28444,515240,93712,3668,267384,74.12796918467794
1791413906,926502,26804,513908,93712,3668,267252,71.06555626734999
1791413912,926954,27076,513960,93712,3668,267380,74.21602787456446
1791413918,927466,27320,513968,93712,3668,267640,68.56165847403291
1791413923,927730,27272,514284,93712,3668,267636,72.64902087368195
1791413929,928774,27784,514812,93712,3668,267640,66.96562032884903
1791413935,927030,26864,514116,93712,3668,267512,74.42665512765036
1791413941,927142,26956,514140,93712,3668,267512,65.82818162438713
1791413947,927598,27216,514204,93712,3668,267640,70.48685911245153
1791413953,926738,26972,513848,93712,3668,267380,68.71905274488698
1791413959,927582,27360,514176,93712,3668,267508,76.87687687687688
1791413965,927770,27632,514092,93712,3668,267508,65.14602430185461
1791413971,927650,27464,514268,93712,3668,267380,69.1891891891892
1791413977,927402,27036,514320,93712,3668,267508,72.22222222222221
1791413982,927074,27164,513860,93712,3668,267512,70.24811218985975
1791413988,927202,26968,514056,93712,3668,267640,67.98623063683304
1791413994,927086,26900,514136,93712,3668,267512,68.00778715120052
1791414000,929886,27424,514368,93712,3668,269556,66.63811563169165
1791414006,927106,27092,514096,93712,3668,267380,73.45692475463468
1791414012,928618,27580,515116,93712,3668,267384,66.66666666666666
1791414018,928030,27624,514360,93712,3668,267508,78.31925492744206
1791414024,928490,28148,514164,93712,3668,267640,70.72589382448538
1791414029,927658,27452,514028,93712,3668,267640,68.60090264345583
1791414035,926714,26840,513700,93712,3668,267640,65.84998925424458
1791414041,927410,26944,514420,93712,3668,267508,68.97441410449365
1791414047,927486,26996,514292,93712,3692,267636,77.1269773407439
1791414053,927726,27140,514384,93712,3692,267640,78.7141615986099
1791414059,926738,26900,513816,93712,3660,267512,66.38152266894782
1791414065,929402,27668,514940,93712,3660,268280,80.17429193899783
1791414071,928706,27148,514640,93712,3660,268408,80.42234931808183
1791414076,928498,26852,514728,93712,3660,268408,84.40129449838187
1791414082,929178,27444,514812,93712,3660,268408,68.9295039164491
1791414088,929698,27496,514772,93712,3660,268920,71.16308206306118
1791414094,928530,26732,514568,93712,3612,268792,69.03378523778781
1791414100,929018,26840,514948,93712,3612,268792,74.73095135600516
1791414106,928870,26972,514660,93712,3612,268792,68.6011260285838
1791414112,929294,26988,514968,93712,3588,268920,69.61753330468414
1791414118,931262,27016,514988,93712,3588,270840,65.82386972359117
1791414124,928978,26948,514944,93712,3588,268664,80.22574343390492
1791414130,929466,27112,515016,93712,3588,268920,76.53837790824092
1791414136,929254,26732,514948,93712,3588,268920,73.94094993581515
1791414141,929734,27024,515084,93712,3636,268916,69.07351022183558
1791414147,930886,27648,515716,93712,3636,268792,70.55254604550379
1791414153,931098,27656,515920,93712,3636,268792,71.97943444730078
1791414159,934278,27872,516328,93712,3636,271348,76.08269858541892
1791414165,932582,27800,516748,93712,3636,269304,72.10447441661314
1791414171,931002,27180,515920,93712,3636,269176,70.97744360902256
1791414177,931466,27600,515968,93712,3636,269172,70.15706806282722
1791414183,934550,28000,516236,93712,3636,271588,74.67126535891356
1791414189,935522,27120,516176,93712,3636,273504,69.10994764397905
1791414194,932934,26712,516036,93712,3636,271460,70.03891050583657
1791414200,936650,27520,517020,93712,3636,273380,69.63979416809606
1791414206,932366,27148,516108,93712,3636,270384,71.85104052573932
1791414212,930946,26972,516072,93712,3636,269176,63.536031162086125
1791414218,931294,27140,516252,93712,3636,269172,70.82251082251082
1791414224,931630,27236,516360,93712,3636,269304,63.7817096567896
1791414230,930842,26772,516036,93712,3636,269304,68.10344827586206
1791414236,932150,26800,516804,93712,3636,269816,64.80925846549506
1791414242,932074,26936,516596,93712,3636,269816,71.48124051181956
1791414247,932850,26988,516680,93712,3636,270456,66.73742305243047
1791414253,932682,26840,516660,93712,3636,270456,68.699012451696
1791414259,932386,26756,516708,93712,3636,270196,68.77283473028155
1791414265,932374,26984,516716,93712,3468,270196,70.11815252416757
1791414271,934814,27400,516612,93712,3524,272248,67.01388888888889
1791414277,931942,26900,516296,93712,3524,270196,76.1822871883061
1791414283,931922,26748,516296,93712,3524,270328,66.32124352331607
1791414289,933014,27664,516320,93712,3532,270456,70.41101786098558
1791414295,932170,26840,516296,93712,3532,270456,65.90233545647558
1791414301,932370,27064,516276,93712,3532,270456,70.51254557152048
1791414306,931942,26948,515960,93712,3532,270456,69.32528562190127
1791414312,931910,27132,515744,93712,3532,270456,70.16645326504481
1791414318,931450,26844,515704,93712,3532,270324,65.90664659066466
1791414324,932194,26952,516212,93712,3532,270452,70.85567231396097
1791414330,932202,27124,515924,93712,3532,270580,67.35572782084411
1791414336,931890,27056,515548,93712,3532,270712,70.3877290157648
1791414342,932322,27316,515716,93712,3532,270712,68.0778276673081
1791414348,932394,27216,515992,93712,3556,270584,71.94676969306718
1791414354,931722,26800,515736,93712,3556,270584,66.58042259594653
1791414360,932362,26712,516084,93712,3556,270968,67.87035022840983
1791414366,932786,26940,516404,93712,3556,270840,65.09004122369278
1791414371,935422,27256,516672,93712,3556,272892,69.53498478922208
1791414377,933062,27056,516564,93712,3556,270840,69.803250641574
1791414383,933866,27300,517256,93712,3556,270708,71.24463519313305
1791414389,933490,27084,517096,93712,3556,270708,69.091682620719
1791414395,933698,27044,517212,93712,3556,270840,70.6695464362851
1791414401,934138,27296,517384,93712,3572,270840,68.23428815733219
1791414407,933434,26844,517160,93712,3548,270840,70.94696156323813
1791414413,934214,27180,517724,93712,3548,270708,65.76518566215927
1791414419,935846,26916,517440,93712,3548,272888,69.87124463519314
1791414425,933326,26808,517080,93712,3548,270840,70.15706806282722
1791414431,933618,27044,517136,93712,3548,270840,79.14303717706365
1791414436,933986,27204,517216,93712,3548,270968,63.63242306025141
1791414442,935678,26808,517372,93712,3560,272888,71.2363869314542
1791414448,933622,26884,517276,93712,3564,270840,70.75873827791986
1791414454,934082,26980,517508,93712,3564,270968,71.79709516583569
1791414460,933838,26952,517424,93712,3564,270840,67.26726726726727
1791414466,934594,26880,517740,93712,3564,271352,70.6394084384515
1791414472,934906,27100,517704,93712,3564,271480,62.50272034820456
1791414478,934926,27112,517712,93712,3564,271480,66.16541353383458
1791414484,935474,27224,518148,93712,3564,271476,66.02787456445994
1791414489,934938,27068,517768,93712,3564,271480,67.02286813421672
1791414495,934286,26680,517636,93712,3564,271348,64.25633253951072
1791414501,934618,26764,517876,93712,3564,271352,68.16220880069025
1791414507,938510,27968,519288,93712,3564,272628,72.932005197055
1791414513,937174,26792,519000,93712,3564,272760,70.40406177279458
1791414519,941166,27336,521188,93712,3588,273992,68.65926558497011
1791414525,940854,27112,520968,93712,3588,274124,72.53841159922095
1791414531,941150,27324,521056,93712,3588,274120,69.6701875404182
1791414537,940118,26892,520452,93712,3588,274124,70.41101786098558
1791414543,940562,26936,520852,93712,3588,274124,68.68259674349757
1791414549,941134,27204,521028,93712,3588,274252,73.14676351207007
1791414554,941118,27172,521044,93712,3588,274252,73.29165768484587
1791414560,943922,27500,521600,93712,3588,276172,72.15081405312768
1791414566,940742,27108,520856,93712,3588,274124,68.2968682968683
1791414572,945350,27392,522136,93712,3588,277168,74.8101540464309
1791414578,945938,27512,522624,93712,3564,277172,74.80653482373172
1791414584,946130,27712,522448,93712,3596,277300,78.1837837837838
1791414590,946562,27864,522704,93712,3612,277300,73.08347529812606
1791414596,948330,27612,522796,93712,3612,279220,71.62133219104734
1791414602,947970,28668,523300,93712,3612,277300,80.81667375584858
1791414608,948974,27764,523096,93712,3676,279348,74.78223921818568
1791414614,948034,28536,523340,93712,3720,277300,70.3862660944206
1791414619,948278,28404,523716,93712,3720,277300,75.10274713389575
1791414625,946622,27676,522788,93712,3720,277300,69.95477062244238
1791414631,950834,28616,523744,93712,3748,279580,81.05650573717254
1791414637,950822,28100,524512,93712,3748,279320,73.07032590051458
1791414643,949290,27660,523284,93712,3748,279452,77.14776632302406
1791414649,949642,27824,523472,93712,3748,279452,85.03328322954692
1791414655,949134,28652,524288,93712,3748,277300,77.06263498920086
1791414661,950742,28116,524512,93712,3748,279220,76.23163353500432
1791414667,949102,27504,525368,93712,3748,277336,77.24372607401105
1791414673,949434,27912,525164,93712,3748,277464,69.30352536543423
1791414678,949154,27472,525196,93712,3748,277592,76.82347863616745
1791414684,948610,27360,524764,93712,3748,277592,81.31204143288736
1791414690,948166,27280,524560,93712,3724,277460,74.91408934707904
1791414696,948582,27572,524676,93712,3724,277464,71.65455322787516
1791414702,949590,27980,525148,93712,3724,277592,78.48537005163512
1791414708,948310,27244,524604,93712,3724,277592,72.49466950959487
1791414714,948846,27720,524796,93712,3724,277460,75.16087516087516
1791414720,950622,28396,525892,93712,3724,277464,72.92959554889794
1791414726,949314,27712,525268,93712,3724,277464,76.37149028077755
1791414732,952418,28016,525380,93712,3724,280152,71.193589202868
1791414738,949410,27392,525044,93712,3724,278104,73.71134020618557
1791414744,948974,27264,524736,93712,3724,278104,71.65983164256421
1791414749,949982,27620,525388,93712,3724,278104,69.63979416809606
1791414755,948614,27212,524560,93712,3724,277976,68.04478897502153
1791414761,948930,27336,524748,93712,3724,277976,72.524646378054
1791414767,948746,27028,524876,93712,3724,277976,68.71165644171779
1791414773,948850,26824,525184,93712,3724,277976,72.13951509995746
1791414779,951298,27220,525188,93712,3724,280024,69.19939901266366
1791414785,948950,26944,525164,93712,3724,277976,68.89704295273042
1791414791,949630,27416,525372,93712,3724,277976,79.5703544575725
1791414797,949874,27396,525508,93712,3724,278104,74.8051948051948
1791414803,949786,27428,525580,93712,3596,278104,69.58762886597938
1791414809,949698,27240,525680,93712,3596,278104,66.16670237840154
1791414815,949630,26864,525988,93712,3596,278104,69.1891891891892
1791414820,949694,27132,525784,93712,3596,278104,74.02569126932288
1791414826,949418,26872,525768,93712,3596,278104,65.5680832610581
1791414832,949282,26912,525720,93712,3596,277976,61.73688736027515
1791414838,949582,27048,525884,93712,3596,277976,76.11616818378847
1791414844,949658,27268,525740,93712,3596,277976,67.44730679156909
1791414850,949622,27164,525808,93712,3596,277976,66.5947811084753
1791414856,949770,27228,525888,93712,3596,277976,72.72727272727273
1791414862,949614,26968,525868,93712,3596,278104,68.84324324324325
1791414868,950186,27344,526108,93712,3564,278104,72.72727272727273
1791414873,950994,27896,526364,93712,3564,278104,70.64439140811456
1791414879,952014,27684,526540,93712,3588,279136,73.5533647663952
1791414885,952298,27600,526980,93712,3628,279008,64.17751226797525
1791414891,951834,27308,526792,93712,3628,279008,70.8512467755804
1791414897,954382,27788,526808,93712,3628,281056,69.05118869136861
1791414903,952362,27512,527112,93712,3628,279008,70.79796264855688
1791414909,952530,27716,526948,93712,3628,279136,68.29057986635051
1791414915,952458,27812,526780,93712,3628,279136,79.02946273830156
1791414921,954134,27308,526912,93712,3628,281184,68.40404910618135
1791414927,951974,27276,526832,93712,3628,279136,81.66484118291348
1791414932,953042,28092,527060,93712,3652,279136,74.50224791265254
1791414938,953062,27784,527388,93712,3652,279136,74.82261879165772
1791414944,954870,27432,527248,93712,3652,281440,83.07426597582038
1791414950,954610,27128,527420,93712,3652,281308,78.29273550334123
1791414956,955082,28892,528040,93712,3652,279388,76.7737761483718
1791414962,954102,28212,527608,93712,3652,279520,71.97051810101885
1791414968,955982,28652,527968,93712,3652,280600,66.68109980515263
1791414974,955302,27872,528200,93712,3652,280468,69.05733304702598
1791414980,954038,27416,527660,93712,3652,280204,73.92795883361921
1791414986,954070,27592,528068,93712,3652,279648,80.1575147670094
1791414991,953782,27640,527760,93712,3628,279648,76.8566493955095
1791414997,953854,27592,528004,93712,3628,279520,70.90358841331604
1791415003,953278,27228,527796,93712,3628,279516,74.81641468682506
1791415009,952978,27320,527536,93712,3628,279388,69.81501632208924
1791415015,953450,27304,527760,93712,3628,279648,70.19952799828363
1791415021,953266,27128,527880,93712,3628,279520,68.40855106888361
1791415027,953006,26864,527884,93712,3628,279520,66.04711476118436
1791415033,954554,27636,528404,93712,3628,279776,73.6459002354956
1791415038,953790,27108,528296,93712,3628,279648,70.6083976006855
1791415044,953810,27104,528452,93712,3628,279516,72.57203842049093
1791415050,954654,27368,529028,93712,3628,279520,66.89834926151173
1791415056,954838,27556,529024,93712,3628,279520,69.62576153176676
1791415062,953786,27312,528220,93712,3628,279520,72.35319331333048
1791415068,954834,27492,528956,93712,3628,279648,69.0068493150685
1791415074,954882,27608,528888,93712,3628,279648,67.80245848609015
1791415080,955858,27072,528476,93712,3628,281572,69.82758620689656
1791415086,957214,27272,529384,93712,3628,281820,72.8213977566868
1791415091,957186,27480,529152,93712,3628,281820,75.65704437742352
1791415097,957670,27648,529332,93712,3628,281952,73.27198801626365
1791415103,959274,28044,530668,93712,3628,281824,70.10309278350515
1791415109,959034,27296,529128,93712,3628,283872,71.8635283955949
1791415115,957774,27856,529360,93712,3628,281824,74.85080988917306
1791415121,958122,28132,529408,93712,3644,281824,70.23734509556816
1791415127,958642,28152,529776,93712,3644,281952,73.66387636831938
1791415133,958646,28624,529308,93712,3644,281952,71.75965665236052
1791415139,958010,27700,529600,93712,3644,281952,72.27574395204454
1791415145,957802,27524,529572,93712,3644,281948,71.76368375325804
1791415151,958166,27688,529896,93712,3644,281820,72.09554831704669
1791415157,957950,27528,529708,93712,3644,281952,68.92095627826836
1791415162,960102,27608,529732,93712,3644,284000,73.10614282613415
1791415168,957638,27360,529568,93712,3644,281952,76.05995717344753
1791415174,964510,28516,531712,93712,3644,285520,83.43245539507221
1791415180,963138,28160,530696,93712,3644,285520,76.74768767476877
1791415186,963142,27896,530964,93712,3644,285520,78.15491731940818
1791415192,966114,28540,531372,93712,3644,287440,76.64359861591696
1791415198,963946,28448,531216,93712,3644,285520,76.8695652173913
1791415204,963622,28248,530940,93712,3660,285648,69.57279860505668
1791415210,966754,28780,531264,93712,3660,287928,74.7148698084786
1791415215,965286,27368,531336,93712,3660,287800,74.05159332321699
1791415221,964858,26888,531512,93712,3660,287672,83.67036312241791
1791415227,966274,27908,531908,93712,3660,287672,82.80611146976544
1791415233,965094,28028,531924,93712,3684,286332,83.9197064537017
1791415239,963730,27704,531696,93712,3684,285520,69.52808029041213
1791415245,964206,27616,532132,93712,3684,285648,73.4711272107394
1791415251,963362,27392,531644,93712,3684,285516,68.37902007338657
1791415257,964398,27960,532112,93712,3684,285516,73.74784110535406
1791415263,964810,27948,532404,93712,3684,285648,71.96221554315156
1791415268,963066,27084,531652,93712,3684,285520,71.18055555555556
1791415274,962958,27052,531704,93712,3684,285392,68.60616587060356
1791415280,964182,27856,532128,93712,3684,285388,75.56609877075695
1791415286,964306,28076,532160,93712,3684,285260,69.69891095451634
1791415292,962558,27052,531328,93712,3660,285392,72.31930960086301
1791415298,966538,28100,532212,93712,3660,287440,73.05699481865285
1791415304,964058,28124,531756,93712,3660,285392,80.77837837837838
1791415310,965414,28896,532216,93712,3660,285516,70.98445595854922
1791415316,964078,28652,531120,93712,3660,285520,72.38340855362132
1791415321,965206,28356,532520,93712,3684,285520,74.49956483899042
1791415327,965642,28256,533056,93712,3684,285520,71.50259067357513
1791415333,967878,29552,534000,93712,3684,285516,70.95827217446006
1791415339,966298,28776,533320,93712,3684,285392,75.85159470600999
1791415345,965714,28340,532916,93712,3684,285648,70.56798623063683
1791415351,965918,28736,532852,93712,3684,285520,77.39186021734497
1791415357,965914,28368,533092,93712,3684,285644,72.29019102811762
1791415363,966902,29476,533224,93712,3684,285392,76.87379884689301
1791415369,967082,28732,534024,93712,3684,285516,78.20945945945947
1791415375,966206,28464,533540,93712,3684,285392,69.71527178602244
1791415381,968174,28120,533572,93712,3660,287696,71.25296527927539
1791415387,966706,28728,533548,93712,3660,285648,82.71685052995889
1791415393,966486,28348,533708,93712,3660,285648,75.84881486226777
1791415398,966638,28532,533672,93712,3660,285648,85.60949298813377
1791415404,968382,28292,533740,93712,3660,287568,81.49903079905233
1791415410,965622,27072,534116,93712,3660,285648,73.88092133854846
1791415416,966470,27852,534316,93712,3660,285516,69.46004319654428
1791415422,964842,27140,533400,93712,3660,285516,77.19451099978218
1791415428,964978,27296,533380,93712,3660,285520,72.74320771253286
1791415434,964714,27148,533264,93712,3660,285520,74.42658092175776
1791415440,967022,27416,533256,93712,3660,287568,71.00490719010027
1791415445,964850,27076,533468,93712,3660,285520,77.68166089965398
1791415451,965966,27888,533644,93712,3660,285648,80.41504539559014
1791415457,965710,27336,533304,93712,3660,286284,78.89243876464323
1791415463,966350,27448,533828,93712,3660,286288,71.9913885898816
1791415469,965114,26828,533220,93712,3660,286284,70.88826453425546
1791415475,966490,27368,534048,93712,3660,286288,74.55876022384848
1791415481,966414,27296,533916,93712,3660,286416,70.85514834205934
1791415487,966250,27256,533792,93712,3660,286416,75.30811729706758
1791415493,966102,27192,533708,93712,3660,286416,72.21510883482715
1791415499,966326,27452,533668,93712,3660,286420,70.47700902449506
1791415505,965862,27052,533608,93712,3660,286420,74.88624052004333
1791415510,965830,27044,533588,93712,3660,286416,67.31224445879062
1791415516,968062,28416,534392,93712,3704,286416,70.50671286271113
1791415522,968666,28628,533712,93712,3808,287368,68.16220880069025
1791415528,967146,27200,533700,93712,3816,287240,67.14628297362111
1791415534,967746,27280,534212,93712,3816,287240,69.28188638799571
1791415540,968890,27020,534092,93712,3824,288752,70.98567457772076
1791415546,968086,27072,535568,93712,3824,286420,70.2771855010661
1791415552,970702,27308,535896,93712,3824,288468,70.8838821490468
1791415558,968438,26968,536020,93716,3824,286420,69.101246446534
1791415563,968394,26916,536028,93716,3824,286420,71.74426088822142
1791415569,968958,27448,536184,93716,3824,286292,75.96491228070175
1791415575,969274,27980,535976,93716,3824,286288,79.89690721649485
1791415581,969194,27888,535984,93716,3824,286288,81.53644696639022
1791415587,969542,27828,536396,93716,3824,286288,74.68272746827274
1791415593,969290,27504,536332,93716,3824,286420,71.79267509102591
1791415599,969234,27384,536400,93716,3824,286416,82.97826554766516
1791415605,969762,27620,536688,93716,3824,286420,80.93385214007782
1791415610,971230,27328,536400,93716,3824,288468,77.48017998714377
1791415616,970118,27996,536776,93712,3824,286548,78.20986313273951
1791415622,969206,27832,536264,93712,3848,286288,79.82683982683983
1791415628,968894,27544,536244,93712,3848,286288,69.87124463519314
1791415634,970462,27044,536260,93712,3848,288336,75.8695182544826
1791415640,968522,27280,536128,93712,3848,286292,74.12526997840173
1791415646,968918,27448,536356,93712,3764,286416,72.89839572192514
1791415652,968386,27296,536272,93712,3652,286288,67.22980290231753
1791415658,967978,26900,536132,93712,3652,286416,70.5781584582441
1791415664,971030,27608,538476,93712,3652,286416,75.01067919692439
1791415669,888742,27680,507824,93712,3652,234708,78.79310344827586
1791415675,874426,27164,502888,93712,3652,225844,69.47414357407811
1791415681,871398,26764,502732,93712,3628,223400,71.0997442455243
1791415687,872670,28224,502996,93712,3628,222944,77.81364321067356
1791415693,871462,27728,502164,93712,3628,223068,70.24474023185917
1791415699,872982,28224,502112,93712,3628,224144,66.89774696707106
1791415705,871554,26864,502044,93712,3628,224144,75.13043478260869
1791415711,871922,27424,501980,93712,3628,224016,79.94774657086872
1791415717,873466,27236,502076,93712,3628,225652,79.49111647291073
1791415722,871950,27888,502616,93712,3628,222940,77.27867422590494
1791415728,870250,26812,501996,93712,3628,222940,74.72621859566244
1791415734,870266,26896,502056,93712,3628,222812,68.03519061583577
1791415740,871066,27252,502240,93712,3628,223068,70.5781584582441
1791415746,872510,26880,502140,93712,3628,224988,67.64643237486688
1791415752,870886,27292,502020,93712,3628,223068,68.44271171756552
1791415758,870558,26792,502192,93712,3628,223068,65.62966119752824
1791415764,870458,26852,502164,93712,3628,222940,70.5831719388853
1791415770,870594,26856,502168,93712,3628,223068,66.00548638953366
1791415776,870394,26796,502156,93712,3628,222940,67.25893824485374
1791415782,870730,27000,502144,93712,3644,223068,68.9299527288354
1791415787,870826,27112,502120,93712,3644,223068,71.71348917006219
1791415793,870414,26700,502120,93712,3644,223068,65.41095890410958
1791415799,871810,27516,502416,93712,3644,223348,68.04123711340206
1791415805,869398,26708,502232,93712,3644,221932,68.59574468085107
1791415811,869186,27028,501700,93712,3644,221932,70.8101157308187
1791415817,871566,26964,502096,93712,3644,223980,68.16913500751234
1791415823,869250,26844,501820,93712,3644,222060,71.22117847993168
1791415829,871270,26956,501808,93712,3644,223980,67.1066638279753
1791415835,868914,26788,501540,93712,3644,222060,68.73794728947932
1791415841,870578,27664,502380,93712,3692,221932,67.67633059281695
1791415847,868266,26840,502180,93712,3692,220648,69.24712888132709
1791415853,872694,26972,504424,93712,3692,222696,66.98648059310946
1791415859,869386,26800,503340,93712,3692,220648,71.65473866840165
1791415864,869522,26924,503352,93712,3692,220648,70.92320966350302
1791415870,869330,26920,503292,93712,3692,220520,73.51164797239
1791415876,869946,27440,503260,93712,3692,220648,70.40552200172563
1791415882,869462,26928,503284,93712,3692,220648,69.75058622894905
1791415888,869848,27288,503332,93712,3692,220648,67.93582887700535
1791415894,869908,27028,503656,93712,3692,220648,72.85252960172228
1791415900,870954,27616,503956,93716,3692,220776,69.99781802312896
1791415906,870486,27064,504040,93716,3692,220776,74.45887445887446
1791415912,871122,27812,503928,93716,3692,220776,70.90986757795814
1791415917,870594,27296,503916,93712,3692,220776,71.02321582115219
1791415923,870358,27000,503952,93712,3716,220776,69.13793103448276
1791415929,869938,26860,503800,93712,3716,220648,68.05228197985859
1791415935,870574,27524,503772,93712,3716,220648,67.40425531914893
1791415941,878222,28244,504192,93712,3716,227156,76.40645442651548
1791415947,872762,27120,504348,93712,3716,222668,66.98398961488533
1791415953,872446,27012,503880,93712,3716,222924,71.13803548247512
1791415959,873070,27588,503928,93712,3716,222924,67.5257731958763
1791415965,871330,26944,503904,93712,3716,221852,75.08591065292096
1791415970,870166,27060,503700,93712,3716,220776,71.0722100656455
1791415976,868758,26640,504124,93712,3716,219368,73.92795883361921
1791415982,870974,26972,503984,93712,3692,221416,67.08021390374331
1791415988,871066,27184,503992,93712,3692,221288,71.52941176470588
1791415994,869358,27256,504128,93712,3692,219368,70.79186499350931
1791416000,869386,27380,503908,93712,3692,219496,76.256200129394
1791416006,869150,27196,503984,93712,3692,219368,74.97300798963506
1791416012,868886,26820,503968,93712,3692,219496,71.49882403249947
1791416018,868730,26676,503956,93712,3692,219496,67.008547008547
1791416024,869154,27052,504004,93712,3692,219496,70.8904109589041
1791416030,869490,27276,504112,93712,3692,219496,65.94249201277955
1791416035,868734,26700,503936,93712,3692,219496,68.62106406080348
1791416041,870786,27536,505148,93712,3692,219496,70.280694236126
1791416047,870058,27148,504936,93712,3692,219368,70.94696156323813
1791416053,871190,27616,505264,93712,3692,219704,67.4533361939498
1791416059,870334,27404,504492,93712,3692,219832,69.42220298636659
1791416065,870654,27748,504596,93712,3692,219704,72.83737024221453
1791416071,873374,28620,504036,93712,3692,222112,72.33584499461787
1791416077,871966,27292,504088,93712,3692,221984,70.57285994336746
1791416082,872558,27624,504320,93712,3716,221984,70.76334254731023
1791416088,871802,27228,503960,93712,3716,221984,68.65028029322984
1791416094,869914,26816,503564,93712,3716,220908,71.84300341296928
1791416100,869266,27156,503652,93712,3716,219832,69.75754997873246
1791416106,869242,27108,503800,93712,3716,219704,68.16692156434345
1791416112,869390,27544,503384,93712,3716,219832,68.58122588941278
1791416118,870166,27908,503924,93712,3716,219704,70.8727192789624
1791416124,868422,26964,503256,93712,3716,219576,67.63450042698548
1791416130,868834,27056,503468,93712,3700,219704,69.69957081545064
1791416136,871018,27108,503704,93712,3684,221624,66.0344827586207
1791416142,868438,26796,503280,93712,3644,219832,70.16934433347807
1791416147,868382,26888,503260,93712,3644,219704,68.02603036876356
1791416153,868666,26948,503480,93712,3644,219704,75.46207775653282
1791416159,869130,27500,503520,93712,3644,219576,76.10049388018038
1791416165,870090,27768,503956,93712,3644,219832,72.47745813653928
1791416171,871186,27224,503548,93712,3644,221880,69.24908028565245
1791416177,869534,27548,503620,93712,3644,219832,73.51351351351352
1791416183,869454,27748,503468,93712,3644,219704,75.36106919594741
1791416189,871138,28076,504696,93712,3644,219832,71.6108108108108
1791416195,871186,27868,503876,93712,3644,220908,78.1798483206934
1791416200,870426,27044,504068,93712,3644,220780,70.4590379969251
1791416206,871790,27384,505092,93712,3644,220780,71.80355630821337
1791416212,872934,28064,506632,93712,3644,219704,81.08690963985336
1791416218,871822,27276,506180,93712,3644,219832,74.02625349687972
1791416224,871606,27500,505868,93712,3644,219704,80.26229508196721
1791416230,871066,27256,505828,93712,3644,219448,68.03770351328193
1791416236,871858,27504,506244,93712,3644,219576,71.28205128205128
1791416242,874506,27708,506640,93712,3644,221624,69.21597949156163
1791416248,871042,27296,505636,93712,3644,219576,72.18302330553774
1791416254,873234,27092,505856,93712,3644,221752,73.3390854184642
1791416259,870706,26732,505736,93712,3644,219704,73.35342229875161
1791416265,871358,27300,505820,93712,3644,219704,70.87087087087087
1791416271,871250,27276,505864,93712,3644,219576,70.58313461955343
1791416277,872154,27916,506144,93712,3548,219704,67.51345532831002
1791416283,871678,27656,505928,93712,3548,219704,69.29958542439451
1791416289,871790,27636,506012,93712,3588,219704,67.68305776250804
1791416295,871498,27520,505940,93712,3596,219576,71.07258938244854
1791416301,872454,28096,506064,93712,3596,219832,76.7333049766057
1791416307,871970,27596,505952,93712,3596,219960,73.33619579218549
1791416312,873110,28616,506200,93712,3596,219832,75.59055118110236
1791416318,871786,27664,505932,93712,3620,219704,81.59722222222221
1791416324,874514,28224,506028,93712,3628,221752,81.25672476866795
1791416330,876642,28312,505664,93712,3628,224160,83.9527765631832
1791416336,877070,27812,506848,93712,3628,223904,77.24137931034483
1791416342,873782,27200,506200,93712,3644,221856,72.43150684931507
1791416348,873158,26840,505928,93712,3644,221856,62.66582438408086
1791416354,872102,26932,505988,93712,3644,220652,68.42443729903536
1791416360,870962,26704,506020,93712,3644,219704,65.06597447544884
1791416366,873666,26956,506296,93712,3644,221880,72.97821867586802
1791416371,872418,27416,506636,93712,3644,219832,66.9384252306372
1791416377,872166,27164,506636,93712,3644,219832,75.28809218950065
1791416383,874746,27160,506916,93712,3668,221880,81.702859600086
1791416389,874134,27832,507804,93712,3668,219704,80.30954428202924
1791416395,872482,27100,506888,93712,3668,219704,76.10848041325872
1791416401,872894,27240,507156,93712,3668,219704,68.3138274815778
1791416407,872226,26800,506896,93712,3700,219704,65.6052344601963
1791416413,873346,27468,507208,93712,3700,219832,72.02901642841904
1791416419,872654,27144,506968,93712,3700,219704,69.93127147766323
1791416425,872254,26632,506952,93712,3700,219832,69.66292134831461
1791416431,872446,26840,506940,93712,3700,219832,70.71443896159623
1791416437,872942,27252,507020,93712,3700,219832,70.83865474670073
1791416442,872706,27116,506948,93712,3676,219832,70.48231511254019
1791416448,873214,27256,507308,93712,3676,219836,68.02374893977947
1791416454,873046,27344,507180,93712,3676,219708,63.05841924398625
1791416460,871906,26632,506752,93712,3676,219708,70.77977720651243
1791416466,873462,27396,507584,93712,3644,219708,72.01223508848591
1791416472,871534,27092,507128,93712,3644,218544,74.61852568235547
1791416478,871146,26784,507044,93712,3644,218544,65.12232084866855
1791416484,871982,27320,507344,93712,3644,218544,75.74779427587691
1791416490,871786,27204,507392,93712,3644,218416,80.08724100327154
1791416496,871426,26900,507212,93712,3644,218544,69.22253159134718
1791416501,871722,27176,507232,93712,3644,218544,63.569257490230136
1791416507,871666,26888,507460,93712,3644,218544,66.83848797250859
1791416513,870994,26604,507204,93712,3644,218416,66.9815371404036
1791416519,871978,27488,507300,93712,3644,218416,75.59870550161813
1791416525,873562,28072,508172,93712,3644,218544,79.75778546712803
1791416531,873046,28152,507576,93712,3644,218544,77.10219922380335
1791416537,873250,28380,507552,93712,3644,218544,69.475935828877
1791416543,873042,28220,507504,93712,3644,218544,71.07652399481194
1791416549,874206,28592,508296,93712,3644,218544,73.54144241119484
1791416554,873254,28572,507492,93712,3644,218416,72.1102863202545
1791416560,874202,29136,507748,93712,3644,218544,73.00574345883855
1791416566,874918,29324,507736,93712,3644,219084,77.11252653927814
1791416572,874934,28852,508224,93712,3644,219084,74.09002799913848
1791416578,877214,28088,507832,93712,3644,222520,74.42650807136788
1791416584,875446,28332,507892,93712,3644,220448,71.91780821917808
1791416590,870898,28176,507732,93712,3644,216216,73.73823781009409
1791416596,870414,28216,507208,93712,3644,216216,68.971477960242
1791416602,873774,28840,507896,93712,3644,218264,73.23467230443975
1791416608,871262,28816,507328,93712,3644,216344,72.91399229781771
1791416614,871234,28812,507560,93712,3644,216088,71.75965665236052
1791416620,870734,28424,507448,93712,3644,216088,67.06792777300086
1791416626,871126,28944,507444,93712,3644,215960,70.35999137745203
1791416632,873438,29312,508196,93712,3644,217152,73.49762213575444
1791416638,873010,27992,507748,93712,3644,218496,72.94623655913979
1791416643,874690,28720,508696,93712,3644,218496,70.10309278350515
1791416649,875222,27312,508588,93712,3644,220544,69.88265971316818
1791416655,870090,26900,508196,93712,3644,216216,67.97608881298036
1791416661,871866,28012,508732,93712,3644,216344,72.94571980261746
1791416667,871298,27516,508788,93712,3644,216216,67.57399006264852
1791416673,870550,27488,508200,93712,3644,216088,65.2885443583118
1791416679,872522,27268,508212,93712,3644,218264,67.47614917606245
1791416685,870634,27148,508340,93712,3668,216344,67.48864373783258
1791416691,871434,27300,508988,93712,3668,216344,68.77828054298642
1791416697,871714,27880,508688,93712,3668,216344,76.55583972719523
1791416702,870414,27108,508160,93712,3668,216344,66.72369546621043
1791416708,870890,27316,508428,93712,3668,216344,71.84300341296928
1791416714,871074,27720,508208,93712,3668,216344,70.06179416151716
1791416720,870446,27256,508044,93712,3668,216344,70.9828061982594
1791416726,871482,27644,508820,93712,3668,216216,68.46768964771991
1791416732,870474,27264,508192,93712,3668,216216,74.61588400779053
1791416738,871794,27600,509176,93712,3668,216216,70.13651877133105
1791416744,871506,27944,508568,93712,3644,216216,75.02652238489284
1791416750,871006,27576,508312,93712,3644,216344,69.57264957264957
1791416756,874818,28520,508588,93712,3644,218932,82.44406196213426
1791416762,873610,27264,508764,93712,3644,218804,76.21505376344086
1791416768,871518,27352,508632,93712,3644,216756,77.11259995677545
1791416774,870866,27068,508392,93712,3660,216616,72.16361679224973
1791416779,871102,27232,508724,93712,3660,216344,75.01627957456046
1791416785,871006,27000,508860,93712,3660,216344,70.17845624596862
1791416791,873278,27344,508868,93712,3660,218264,70.45309508615189
1791416797,871438,27540,508880,93712,3660,216216,71.14151346729372
1791416803,872062,27636,509408,93712,3660,216216,73.68421052631578
1791416809,871902,27512,509244,93712,3660,216344,70.86446104589115
1791416815,871378,27548,508812,93712,3660,216216,76.59574468085107
1791416821,876142,27664,511388,93712,3684,218264,79.25486875529214
1791416827,873994,27588,511364,93712,3684,216216,73.72717508055854
1791416833,874230,28072,511244,93712,3684,216088,70.41230506302072
1791416839,874690,27028,510700,93712,3684,218136,68.72436865961579
1791416845,873998,27972,510984,93712,3684,216216,71.22934992490882
1791416851,872998,27236,510848,93712,3684,216088,72.92770828916684
1791416857,874242,27688,511384,93712,3684,216344,67.61781236489408
1791416862,873750,27656,510924,93712,3684,216344,74.28201252429281
1791416868,873622,27444,511136,93712,3684,216216,68.78537222464084
1791416874,873782,27392,511348,93712,3684,216216,73.5965848452508
1791416880,873654,27724,510912,93712,3660,216216,67.49464668094218
1791416886,873526,27668,510840,93712,3660,216216,71.21407121407121
1791416892,873874,27644,511212,93712,3660,216216,67.2240085744909
1791416898,875250,27300,510884,93712,3660,218264,68.8412017167382
1791416904,873630,27500,510984,93712,3660,216344,65.14825956166739
1791416910,872558,26836,510568,93712,3672,216344,65.83369237397673
1791416915,872890,26964,510768,93712,3672,216344,61.81661644425313
1791416921,872762,27140,510464,93712,3672,216344,68.04437676745704
1791416927,873158,27136,510980,93712,3676,216216,71.7457553330431
1791416933,872866,27212,510612,93712,3676,216216,71.29053038436763
1791416939,875958,27776,510964,93712,3676,218392,65.73913043478261
1791416945,873850,27656,511148,93712,3676,216216,69.83180753672556
1791416951,873050,27276,510728,93712,3676,216216,68.15761448349308
1791416957,872814,26764,511136,93712,3676,216088,68.86031815210285
1791416963,873658,27160,511452,93712,3676,216216,67.2240085744909
1791416968,873166,27084,511036,93712,3676,216216,70.06920415224913
1791416974,873602,27540,511144,93712,3676,216088,69.6768671089236
1791416980,873210,26984,511180,93712,3676,216216,69.61061561888188
1791416986,873818,27100,511544,93712,3676,216344,67.560093597107
1791416992,873530,27464,511148,93712,3676,216088,72.07514944491888
1791416998,877034,27912,512028,93712,3676,218264,68.1652751016913
1791417004,876450,27520,513756,93712,3676,216344,76.8566493955095
1791417010,876458,27448,513964,93712,3676,216216,69.27906473262611
1791417016,876614,27508,513932,93712,3676,216344,71.89655172413794
1791417022,877346,28124,514024,93712,3692,216344,72.49022164276401
1791417027,878610,29136,514276,93712,3692,216344,74.03291301560162
1791417033,879542,28552,513744,93712,3692,218392,68.64910790144435
1791417039,879806,28468,514092,93712,3692,218392,76.37149028077755
1791417045,876846,27956,513692,93712,3692,216344,73.30472103004291
1791417051,878734,29436,514228,93712,3692,216216,74.02511566424323
1791417057,877442,28728,513644,93712,3692,216216,73.72549019607844
1791417063,876886,28164,513524,93712,3692,216344,70.63903281519862
1791417069,877498,28584,513844,93712,3692,216216,70.64439140811456
1791417074,876818,28152,513468,93712,3692,216344,82.78886209164656
1791417080,879206,28192,514052,93712,3692,218108,78.1725888324873
1791417086,879694,28576,514284,93712,3692,217980,74.13390010626992
1791417092,879206,28392,513980,93712,3692,217980,76.19047619047619
1791417098,879766,28692,514368,93712,3692,217852,76.86274509803923
1791417104,879478,28460,513928,93712,3692,218236,71.413390010627
1791417110,878958,28156,513844,93712,3692,218108,73.50979126318055
1791417116,879666,28260,514572,93712,3692,217980,72.40204429301534
1791417122,877982,27072,514052,93712,3716,217980,72.01394943330428
1791417128,878910,27604,514448,93712,3716,217980,67.79370853841216
1791417134,879154,27876,514420,93712,3716,217980,73.80390474147178
1791417139,880458,28148,515452,93712,3716,217980,73.58738501971091
1791417145,877814,27004,514080,93712,3716,217852,77.72511848341233
1791417151,878954,27564,514532,93712,3716,217980,70.76461769115441
1791417157,878798,27748,514192,93712,3716,217980,71.03199830472558
1791417163,878494,27136,514484,93712,3732,217980,66.14506238105308
1791417169,879530,27740,514916,93712,3732,217980,73.3275412684622
1791417175,876426,28360,511056,93712,3732,218108,69.9703515459551
1791417181,874410,27572,509852,93712,3708,218108,76.17406290392073
1791417187,874994,27384,510752,93712,3708,217980,67.49041329356625
1791417193,874538,27376,510176,93712,3708,218108,74.03598971722364
1791417199,874990,27528,510476,93712,3708,218108,74.37056165267914
1791417205,875642,28232,510388,93712,3816,217980,75.32797291578503
1791417211,878862,30068,511768,93712,3820,217980,75.9563924677899
1791417217,878134,29556,511552,93712,3820,217980,73.25383304940375
1791417223,876682,28960,510696,93712,3820,217980,76.56822591075662
1791417229,877734,29556,511152,93712,3820,217980,80.9842434707533
1791417235,885110,30168,515716,93712,3844,220156,79.11515940143136
1791417240,884734,30148,515792,93712,3844,219724,74.26963860636225
1791417246,885746,29004,515900,93712,3844,221772,73.5593220338983
1791417252,880498,28504,514816,93712,3844,218108,75.38726333907057
1791417258,879890,28284,514556,93712,3844,217980,77.11259995677545
1791417264,879654,28300,514304,93712,3844,217980,75.9602934829521
1791417270,880314,28560,514704,93712,3844,217980,72.75877003031616
1791417276,880810,28636,515128,93712,3844,217980,73.4040251027916
1791417282,880890,28704,515008,93712,3844,218108,69.23736075407027
1791417288,880466,28388,514900,93712,3844,218108,76.10957740496922
1791417294,879370,27536,514680,93712,3820,218108,67.42160278745645
1791417300,878830,27144,514536,93712,3820,218108,69.06598114824337
1791417305,880134,28228,514752,93712,3820,218108,70.29360967184802
1791417311,879874,27976,514744,93712,3820,218108,76.51416122004358
1791417317,880034,28236,514644,93712,3820,218108,75.02160760587728
1791417323,879974,28328,514492,93712,3820,218108,71.23760241483397
1791417329,880382,28340,515144,93712,3820,217852,68.85597767761323
1791417335,881514,27984,514584,93712,3820,219900,69.21075455333911
1791417341,880254,28156,515072,93712,3820,217980,68.46768964771991
1791417347,882014,27964,514976,93712,3820,220028,74.51912686405878
1791417353,879826,27888,514912,93712,3820,217980,68.1808349556565
1791417358,880390,27884,515480,93712,3820,217980,75.49103330486764
1791417364,881366,28436,515776,93712,3820,218108,73.27327327327328
1791417370,880886,28300,515688,93712,3820,217852,70.076726342711
1791417376,880270,27940,515304,93712,3820,217980,67.96824715726238
1791417382,882562,28160,515328,93712,3820,220028,74.35396308360478
1791417388,882038,28800,516372,93712,3628,218108,74.63006648080635
1791417394,881670,28736,516196,93712,3628,217980,75.37731780940061
1791417400,882870,27644,516312,93712,3628,220156,70.6290672451193
1791417406,881586,28008,516712,93712,3628,218108,78.01963294921042
1791417411,880750,27720,516164,93712,3628,218108,74.11586027337817
1791417417,880318,27652,515776,93712,3652,218108,73.10255858955064
1791417423,880378,27608,516008,93712,3652,217980,71.41615986099045
1791417429,880174,27600,515812,93712,3652,217980,73.45171069727155
1791417435,880022,27712,515680,93712,3652,217852,67.18080548414738
1791417441,880990,27844,515844,93712,3652,218520,70.12707301313806
1791417447,880198,27124,515772,93712,3652,218520,65.732154410179
1791417453,882574,27236,515860,93712,3652,220696,72.05623901581723
1791417458,880726,27444,516120,93712,3652,218380,80.56810845706907
1791417464,879554,26872,515792,93712,3652,218108,68.8545968267768
1791417470,882006,27228,515968,93712,3652,220028,70.55793991416309
1791417476,879986,26884,516344,93712,3652,217980,67.91639732816203
1791417482,880270,27144,516516,93712,3628,217852,68.08873720136519
1791417488,880158,27068,516356,93712,3628,217980,74.17900837089503
1791417494,880842,27432,516672,93712,3628,217980,72.74283269148481
1791417500,882034,27332,517964,93712,3628,217980,71.14151346729372
1791417506,881422,27356,517200,93712,3628,218108,69.73826519576033
1791417512,883478,28188,518424,93712,3628,218108,72.72727272727273
1791417518,882002,27628,517636,93712,3628,217980,70.63866266609516
1791417523,881906,27780,517388,93712,3628,217980,67.4739749309539
1791417529,881274,27548,516988,93712,3628,217980,69.28048255062474
1791417535,881354,27344,517376,93712,3652,217852,82.45993936769163
1791417541,880810,27068,517108,93712,3652,217852,78.83655307141306
1791417547,881494,27400,517332,93712,3652,217980,70.25740860912826
1791417553,883662,27372,517352,93712,3652,220156,66.83848797250859
1791417559,885662,28312,518408,93712,3652,220156,69.61753330468414
1791417565,881298,27412,517120,93712,3652,217980,68.54175681523151
1791417571,880782,27096,516920,93712,3652,217980,70.32216769788778
1791417577,882306,27516,517896,93712,3652,218108,66.45035691109669
1791417582,882070,27756,517420,93712,3652,218108,73.8567730802416
1791417588,884302,27508,517976,93716,3652,220028,70.64439140811456
1791417594,882190,27400,518044,93716,3628,217980,75.63825183903073
1791417600,884714,28444,519396,93716,3628,218108,70.17543859649122
1791417606,884454,27596,517936,93712,3628,220156,83.16403717311432
1791417612,882022,27124,518152,93712,3628,217980,69.69891095451634
1791417618,884338,27340,518204,93712,3628,220028,75.40983606557377
1791417623,884450,27268,518260,93712,3628,220156,68.69037294015612
1791417629,884114,27284,517880,93712,3644,220156,74.33097837722114
1791417635,884598,28660,519032,93712,3644,218108,72.1030042918455
1791417641,883934,27548,518532,93712,3644,219056,71.27864639109018
1791417647,883906,27344,518708,93712,3644,219056,67.40116655865198
1791417653,884126,27748,518524,93712,3644,219056,75.29411764705883
1791417659,882698,27368,518424,93712,3644,218108,72.71160887357311
1791417665,885062,27096,519012,93712,3644,220156,73.27716569453445
1791417671,885722,27560,519208,93712,3644,220156,69.07458858730497
1791417677,882350,26784,518792,93712,3644,217980,71.52490754840113
1791417682,883102,27184,518936,93712,3704,218108,68.42679467597644
1791417688,883206,27040,519168,93712,3708,218108,71.48420597144094
1791417694,882890,26856,519164,93712,3708,217980,64.7528599179797
1791417700,883502,27300,519328,93712,3708,217980,74.02985074626865
1791417706,883410,27260,519280,93712,3708,217980,68.44827586206897
1791417712,884174,27244,519932,93712,3708,218108,75.78765645230902
1791417718,888338,27756,521308,93712,3708,220380,72.36870310825296
1791417724,886890,27876,521788,93712,3708,218332,83.10104529616724
1791417730,889838,29300,521264,93712,3708,220380,72.32691086174043
1791417736,887570,29032,521312,93712,3708,218332,78.48266841072596
1791417741,888586,29752,521608,93712,3708,218332,68.0778276673081
1791417747,888458,29852,521376,93712,3708,218332,71.88505254128243
1791417753,890138,30288,521668,93712,3708,219284,74.57186212876653
1791417759,889434,29632,521620,93712,3708,219284,76.05877268798618
1791417765,889480,29436,522840,93712,3708,218332,77.91424262012498
1791417771,889358,29536,522596,93712,3708,218332,76.02812699765609
1791417777,891798,30708,523864,93712,3708,218332,72.85252960172228
1791417783,892810,29288,523888,93712,3708,220740,74.59529462551264
1791417789,893414,30052,523880,93712,3692,220612,84.9967804249839
1791417794,894010,30180,524348,93712,3692,220612,84.03581568027954
1791417800,892574,29404,523688,93712,3692,220612,73.84353016414411
1791417806,893342,29468,524416,93712,3676,220612,71.38834741173923
1791417812,892094,28592,524044,93712,3676,220612,83.42291980219308
1791417818,890990,27160,524372,93712,3676,220612,79.53418158292
1791417824,892174,27868,524720,93712,3676,220740,70.5328482773379
1791417830,897046,27516,524448,93712,3676,226236,78.05709416276098
1791417836,897794,28584,524104,93712,3700,226236,71.12253641816623
1791417842,897094,28248,523868,93712,3700,226108,85.62162162162163
1791417848,896730,29184,524616,93712,3700,224060,81.82208852599913
1791417854,898190,29312,525948,93712,3700,224060,78.87567567567567
1791417859,898158,28460,524464,93712,3700,226364,70.88826453425546
1791417865,898110,29208,525716,93712,3700,224316,73.61963190184049
1791417871,897006,29044,524904,93712,3700,224188,72.1791919614821
1791417877,896834,28832,524816,93712,3700,224316,74.43868739205527
1791417883,895678,28176,524444,93712,3700,224188,69.72086085659492
1791417889,897386,28888,525440,93712,3700,224188,78.73070325900514
1791417895,902142,30204,526972,93712,3676,226120,71.70626349892008
1791417901,899834,28940,525800,93712,3676,226248,72.74272360314426
1791417907,905528,29472,527028,93712,3676,230500,78.08661926308986
1791417913,904096,28552,526380,93712,3676,230636,78.47504819019062
1791417919,905748,29224,527412,93712,3676,230636,72.85372745055423
1791417925,905052,29148,526792,93712,3676,230636,74.64640067553304
1791417931,904932,28688,527260,93712,3676,230508,77.61194029850746
1791417937,905580,29168,527300,93712,3676,230636,77.96830909485566
1791417942,905652,28640,527904,93712,3676,230636,77.45839636913767
1791417948,904668,28540,527016,93712,3676,230636,78.18648417450814
1791417954,905760,28840,527936,93712,3676,230508,73.12925170068027
1791417960,903664,28572,526236,93712,3676,230380,78.22909950569526
1791417966,907284,29524,528648,93712,3676,230636,82.12664793602767
1791417972,907208,29520,528576,93712,3676,230636,81.25402619712261
1791417978,905240,29100,527156,93712,3676,230508,68.41426729694886
1791417984,905492,29476,526904,93712,3676,230636,76.00086561350356
1791417990,908168,29480,529576,93712,3676,230636,78.27191867852605
1791417996,909360,30620,528544,93712,3676,231720,82.2837219437786
1791418001,907088,29120,527900,93712,3676,231592,78.32047986289632
1791418007,906968,28788,529196,93712,3676,230508,78.06133390521124
1791418013,906776,29636,528028,93712,3676,230636,73.92232180964575
1791418019,906588,28500,528976,93712,3676,230636,73.68198179123439
1791418025,908556,29260,530184,93712,3676,230636,72.57130602616341
1791418031,908524,29200,530340,93712,3676,230508,77.9558250324816
1791418037,910544,29596,531964,93712,3676,230508,73.72247166987384
1791418043,912292,29936,531324,93712,3676,232556,75.67334626158156
1791418049,911196,29780,532304,93712,3676,230636,75.40348612007747
1791418055,908832,28092,531756,93712,3676,230508,79.93153615746684
1791418061,908872,28232,531528,93712,3676,230636,74.35008665511266
1791418067,907312,27500,530828,93712,3676,230508,75.97668897042954
1791418072,908392,27812,531444,93712,3700,230636,69.63249516441006
1791418078,909892,27644,531548,93712,3700,232200,76.32027257240205
1791418084,913316,28608,531960,93712,3700,234248,70.17241379310344
1791418090,910364,28608,531188,93712,3700,232072,75.39716616573637
1791418096,912232,28188,531424,93712,3700,234120,71.61646160373355
1791418102,911076,28836,531668,93712,3700,232072,74.16207042851082
1791418108,910404,28568,531268,93712,3700,232072,73.62068965517241
1791418114,910132,28524,530912,93712,3700,232200,68.37310195227766
1791418120,911516,28864,531928,93712,3716,232200,70.5324423367105
1791418126,909956,28344,531020,93712,3716,232072,75.99574014909479
1791418132,911044,28964,531356,93712,3716,232200,70.89487402258905
1791418138,910272,28348,531224,93712,3692,232200,72.67996530789246
1791418143,911604,29004,531900,93712,3692,232200,69.27517639512509
1791418149,910118,28208,531340,93712,3692,232072,76.31296891747053
1791418155,916450,28600,533256,93712,3692,236096,80.45349569598991
1791418161,918082,29220,534268,93712,3692,236096,79.11149081589065
1791418167,916750,28360,534052,93712,3692,235840,81.41066496707032
1791418173,916314,28384,533440,93712,3708,235968,75.15514658677509
1791418179,919778,30204,535084,93712,3708,235968,77.93103448275862
1791418185,920310,29752,535940,93712,3708,236096,81.17953165654814
1791418191,917310,29056,533636,93712,3708,236096,79.70670692257926
1791418197,921034,29640,536772,93712,3708,236100,75.2920813500649
1791418203,924790,30956,539212,93712,3708,236100,72.18045112781954
1791418209,919162,28800,535740,93712,3708,236100,79.57219251336899
1791418214,920370,28700,537176,93712,3708,235972,79.98272511336644
1791418220,920846,28668,537684,93712,3708,235972,81.69194616534928
1791418226,919610,27764,537480,93712,3708,235844,78.28693790149893
1791418232,918902,27988,536548,93712,3708,235844,73.07359307359307
1791418238,923946,29488,538044,93712,3708,237892,71.96937473415568
1791418244,921042,28916,537632,93712,3708,235972,80.52173913043478
1791418250,922918,28376,538000,93712,3708,238020,78.6411889596603
1791418256,921126,27948,538812,93712,3708,235844,75.02707385748322
1791418262,921538,28260,538912,93712,3708,235844,72.21630828188206
1791418268,922678,28168,540016,93712,3708,235972,77.11665600341225
1791418274,925102,28312,539708,93712,3708,238560,74.91408934707904
1791418279,925346,29072,541240,93712,3708,236512,76.7052767052767
1791418285,921318,27280,538876,93712,3708,236640,72.10824967263204
1791418291,921726,27512,539452,93712,3708,236240,74.81275411940938
1791418297,921058,27636,538928,93712,3708,235972,73.85409941897998
1791418303,922594,27288,538764,93712,3708,238020,70.12430347192456
1791418309,922334,28120,539708,93724,3708,235972,68.58616244091105
1791418315,922406,27972,539928,93724,3708,235972,70.03194888178913
1791418321,924666,27900,542260,93724,3708,235972,75.39357343109769
1791418327,922470,27148,540816,93724,3708,235972,71.74051303794785
1791418333,923918,27284,542256,93724,3708,235844,72.37038617452528
1791418339,923630,27404,541848,93724,3708,235844,73.817169770927
1791418345,924046,27748,541792,93724,3708,235972,70.52294557097119
1791418351,924838,27924,542280,93724,3708,236100,74.96812579685508
1791418357,923146,27408,541104,93724,3708,236100,71.81021585808934
1791418362,923658,28104,540920,93724,3708,236100,73.53951890034365
1791418368,925902,29400,541328,93724,3708,236640,68.33477135461605
1791418374,923994,27844,540952,93724,3732,236640,71.54749199573106
1791418380,923682,27808,541472,93724,3732,235844,72.78969957081544
1791418386,926274,28504,541192,93724,3732,238020,77.66323024054984
1791418392,925134,29000,541592,93724,3744,235972,71.27864639109018
1791418398,927910,29068,541828,93724,3748,238432,75.11737089201877
1791418404,926938,28456,541468,93724,3748,238432,70.98976109215018
1791418410,927662,28548,542100,93724,3748,238432,78.06578087562622
1791418416,926986,28452,541520,93724,3748,238432,74.01950162513543
1791418422,927238,28572,541652,93724,3748,238432,70.39726612558735
1791418428,926318,28068,541236,93724,3748,238432,72.08753486376314
1791418433,926734,28276,541468,93724,3724,238432,73.9696775571215
1791418439,929170,29540,542640,93724,3724,238432,74.76313522825151
1791418445,928726,28808,542928,93724,3724,238432,82.62748487467589
1791418451,926874,28376,541636,93724,3724,238304,75.3185057223062
1791418457,927378,28308,542080,93724,3724,238432,74.47133202528886
1791418463,926766,28444,541460,93724,3724,238304,75.7713052858684
1791418469,930298,28276,543112,93724,3724,240352,76.14080834419818
1791418475,929866,28152,542676,93724,3724,240480,74.19147569072607
1791418481,928342,28504,542848,93724,3724,238432,74.63456577815994
1791418486,932154,28956,544160,93724,3724,240480,77.93345008756567
1791418492,927094,27288,542816,93724,3724,238432,72.20093656875267
1791418498,932006,28384,544712,93724,3724,240352,73.06951871657755
1791418504,928842,28100,543880,93724,3724,238304,73.00444632648741
1791418510,929434,28120,544452,93724,3724,238304,74.0
1791418516,927010,27188,542960,93724,3724,238304,74.22945205479452
1791418522,926438,26884,542564,93724,3724,238432,66.17197730248799
1791418528,926034,26864,542440,93724,3724,238176,66.69561441597915
1791418534,927174,27240,543072,93724,3724,238304,61.60520607375272
1791418540,926890,27000,542900,93724,3724,238432,66.78082191780823
1791418545,928366,26896,544480,93724,3724,238432,72.17654694937256
1791418551,934566,27036,546912,93724,3724,242060,76.1985936501172
1791418557,934030,26756,546656,93724,3724,242060,67.61520492673604
1791418563,934206,26904,546812,93724,3724,241932,70.89472560324577
1791418569,937082,27412,547132,93724,3724,243980,72.24819379515512
1791418575,934474,26968,546892,93724,3724,242060,73.51998290232956
1791418581,936258,27228,546492,93724,3724,243980,67.27037516170763
1791418587,934770,27432,546848,93724,3724,241932,69.07838070628767
1791418593,937006,28716,547800,93724,3724,241932,69.80681571521598
1791418599,937938,27192,546996,93724,3724,245192,72.45937161430119
1791418605,937138,27252,548336,93724,3708,243016,64.89270386266094
1791418610,935826,26460,547688,93724,3708,243144,71.28885024994567
1791418616,936654,27632,548428,93724,3708,242060,69.10412657686551
1791418622,935422,27128,547828,93724,3708,241932,72.75847275847276
1791418628,935910,27828,547616,93724,3708,241932,71.31252672082087
1791418634,938162,27912,549784,93724,3708,241932,71.4439423283839
1791418640,938654,28036,550152,93724,3708,241932,74.84371631817201
1791418646,936562,27260,548836,93724,3708,241932,73.73271889400922
1791418652,937114,27564,548956,93724,3708,242060,70.65868263473054
1791418658,937746,27784,549084,93724,3708,242344,76.02116402116403
1791418664,937618,27568,549172,93724,3708,242344,66.86983021332172
1791418670,937398,27460,549060,93724,3708,242344,74.35396308360478
1791418675,937122,27144,549076,93724,3732,242344,65.08242346392635
1791418681,937078,27176,549128,93724,3732,242216,77.77777777777779
1791418687,938030,27840,549416,93724,3732,242216,66.39641561766588
1791418693,939562,28448,550340,93724,3732,242216,68.37459634015069
1791418699,938026,27908,549228,93724,3864,242216,70.14297729184187
1791418705,939786,27684,549132,93724,3876,244264,73.39922647185217
1791418711,937958,27952,549076,93724,3876,242216,83.03532490187527
1791418717,937950,27624,549392,93724,3876,242216,81.70360712733594
1791418723,939714,28316,550464,93724,3876,242216,67.82870669248979
1791418729,939870,28264,550668,93724,3876,242216,78.86353852776583
1791418734,941766,28544,551236,93724,3852,243288,83.97113492237044
1791418740,943514,28012,551356,93724,3852,245208,80.36136803613681
1791418746,940006,27260,550592,93724,3852,243216,72.80663465735486
1791418752,939818,26516,551148,93724,3852,243216,80.51282051282051
1791418758,940122,26548,551420,93724,3852,243216,66.05347593582887
1791418764,939734,26492,551084,93724,3852,243220,74.34689507494646
1791418770,939518,26516,550844,93724,3852,243220,73.32045503326894
1791418776,939290,26316,550688,93724,3852,243348,70.88164515423321
1791418782,938890,26236,550540,93724,3852,243176,65.56248655624866
1791418788,939274,26308,550724,93724,3852,243304,74.39490445859872
1791418793,939886,26584,551060,93724,3852,243304,64.51612903225806
1791418799,938606,26072,550396,93724,3876,243176,70.68062827225131
1791418805,938162,25648,550380,93724,3876,243176,64.34408602150538
1791418811,938310,25912,550264,93724,3876,243176,69.06222611744084
1791418817,938970,26316,550648,93724,3876,243044,64.21232876712328
1791418823,938002,25804,550068,93724,3876,243172,63.48375844778722
1791418829,938342,26080,550132,93724,3876,243172,65.80976863753213
1791418834,939762,25832,551800,93724,3876,243172,70.16337059329321
1791418840,940486,26636,551848,93724,3876,243044,66.02357984994642
1791418846,944098,27960,552560,93932,3960,244232,73.98444252376837
1791418852,753266,40308,407480,93936,3976,186092,140.5762040906092
1791418858,726242,29712,395152,93936,3976,181996,83.4934497816594
1791418864,725462,29268,394820,93936,3976,181996,80.94820017559262
1791418870,722622,28348,393976,93936,3976,180920,76.40645442651548
1791418875,722970,28500,394172,93936,3976,180920,82.55356362046349
1791418881,725490,29900,395336,93936,3956,180904,82.14599824098505
1791418887,727634,30804,396564,93936,3964,180904,100.742034046268
1791418893,725450,30216,395096,93936,3964,180776,96.06264955405699
1791418899,735266,31496,399396,93936,3964,185000,88.04587560652845
1791418905,730058,31496,397652,93936,3964,181536,89.99781133727292
1791418910,731186,31484,398208,93936,3884,182208,86.87309201918883
1791418916,739730,30596,399428,93936,3884,190420,86.88879273041972
1791418922,738642,30556,399596,93936,3884,189208,82.80611146976544
1791418928,740746,30936,400228,93936,3884,190300,89.02281532501077
1791418934,738346,30060,398832,93936,3884,190172,82.42632824263283
1791418940,738994,30404,398880,93936,3884,190428,86.47702407002188
1791418946,738718,30000,399008,93936,3884,190428,86.12481235256273
1791418952,748282,30776,399324,93936,3884,198900,80.33333333333333
1791418958,752886,30972,400660,93936,3884,201972,96.05640008812514
1791418964,756790,31024,400408,93936,3884,206076,83.4451417442112
1791418970,762834,32308,405044,93936,3884,206196,90.75194468452895
1791418975,762670,30392,402424,93936,3884,210568,86.18063112078346
1791418981,768214,30640,403496,93936,3884,214792,81.70360712733594
1791418987,768058,31384,402724,93936,3884,214664,99.84910541064885
1791418993,763642,31188,402600,93936,3884,210568,79.8794921454702
1791418999,766106,32596,402984,93936,3884,211240,90.11415033383588
1791419005,763478,30108,402844,93936,3884,211240,87.63801688677204
1791419011,766386,32080,403780,93936,3884,211240,99.00727994705493
1791419017,761214,28832,401732,93936,3884,211368,91.28919860627178
1791419023,772926,29900,404048,93936,3884,219696,84.73034437946718
1791419028,770514,29328,402480,93936,3884,219424,88.54766474728088
1791419034,770822,29820,402296,93936,3884,219424,92.58057538394982
1791419040,771822,29788,403456,93936,3884,219296,80.23748939779473
1791419046,768462,27952,401932,93936,3884,219296,81.23237144716859
1791419052,767734,27800,401356,93936,3884,219296,78.08695652173913
1791419058,768838,27944,402316,93936,3884,219296,89.12513842746401
1791419064,770634,28704,403224,93936,3884,219424,90.57261049423036
1791419070,769826,28320,402800,93936,3884,219424,84.46351931330473
1791419076,768018,27792,401648,93936,3884,219296,77.88230146576241
1791419081,767642,27868,401068,93936,3884,219424,84.00425985090521
1791419087,768158,28092,401360,93936,3884,219424,93.76646180860403
1791419093,770006,28836,402464,93936,3884,219424,85.16185096676081
1791419099,775242,29100,402924,93936,3884,223936,88.09730668983494
1791419105,770582,27896,403564,93936,3884,219840,84.50458315146224
1791419111,769202,27624,402328,93936,3884,219968,84.83786152497808
1791419117,769190,27724,402216,93936,3884,219968,89.23611111111111
1791419123,768854,27852,402300,93936,3884,219424,84.76478204574882
1791419129,769326,27496,403128,93936,3884,219424,88.03993922292163
1791419135,768470,27660,402108,93936,3884,219424,77.4914089347079
1791419140,768818,27752,402488,93936,3884,219296,84.41081081081082
1791419146,767910,27200,402008,93936,3884,219424,72.66450916936353
1791419152,772474,27248,402532,93936,3908,223392,79.70221151740748
1791419158,769418,28260,402560,93936,3908,219296,72.41379310344827
1791419164,773454,28408,402352,93936,3908,223392,74.88110678772158
1791419170,768982,28612,401896,93936,3908,219168,75.19446845289542
1791419176,779082,29152,402724,93936,3908,227896,77.5599128540305
1791419182,779082,29052,402696,93936,3908,228024,72.37762237762237
1791419187,778290,28636,402324,93936,3908,228024,81.71673819742489
1791419193,777678,28512,401964,93936,3908,227896,81.0916179337232
1791419199,777514,28208,401976,93936,3908,228024,78.7340125731628
1791419205,782174,29020,401984,93936,3908,231864,72.46127366609294
1791419211,778266,28584,402748,93936,3720,227896,90.30013049151805
1791419217,779242,28996,403312,93936,3720,227896,79.7922977066205
1791419223,778518,28828,402652,93936,3800,227896,73.86700550614147
1791419229,778694,28884,402636,93936,3800,228024,79.2714657415438
1791419235,778682,28872,402636,93936,3800,228024,84.43680137575237
1791419241,779218,29396,402640,93936,3800,228024,75.50797465588813
1791419247,778514,28796,402664,93936,3800,227896,81.36185072020952
1791419253,779226,29356,402688,93936,3800,228024,80.2948189898114
1791419259,779994,29940,402868,93936,3800,228024,78.88292158968851
1791419264,779418,29500,402732,93936,3800,228024,82.32235701906413
1791419270,779306,28636,403360,93936,3800,228152,87.63066202090593
1791419276,782478,28124,403204,93936,3800,231992,85.15794028559066
1791419282,778422,28300,403196,93936,3800,227768,84.88576449912127
1791419288,777890,27604,403104,93936,3800,228024,70.41947402738535
1791419294,777598,27336,403080,93936,3800,228024,79.84445884640311
1791419300,777438,27336,403048,93936,3800,227896,72.91803278688525
1791419306,777926,27644,403100,93936,3800,228024,72.49022164276401
1791419311,777418,27620,402616,93936,3800,228024,79.93168232280102
1791419317,777754,27044,403528,93936,3800,228024,76.50510758530754
1791419323,778330,27420,403856,93936,3800,227896,71.49674620390456
1791419329,778550,27120,404376,93936,3800,227896,73.74155589453039
1791419335,782294,27600,403544,93936,3800,231992,77.61966364812419
1791419341,783106,27836,404116,93936,3800,231992,77.75340061430452
1791419347,777906,27420,403452,93936,3700,228024,77.078750549934
1791419352,777550,27228,403416,93936,3700,227896,84.94041170097508
1791419358,777734,27276,403472,93936,3668,228024,73.99741267787839
1791419364,777526,27124,403540,93936,3668,227896,75.14002585092634
1791419370,779370,28640,403868,93936,3668,227896,73.79563620652408
1791419376,779190,28916,403412,93936,3668,227896,77.54835905237992
1791419382,779454,28812,403776,93936,3668,227896,74.75982532751092
1791419388,779794,29256,403676,93936,3668,227896,78.16291161178509
1791419394,779414,28948,403648,93936,3636,227896,74.41460794844254
1791419400,780070,29360,403768,93936,3636,228024,80.91834524583062
1791419405,784334,29544,403752,93936,3636,232120,80.84173608066637
1791419411,779110,28720,403444,93936,3636,228024,74.16309012875536
1791419417,780006,28684,404376,93936,3636,228024,74.69879518072288
1791419423,780534,29244,404472,93936,3636,227896,76.09210243167635
1791419429,784726,29076,404736,93936,3636,231992,75.91111111111111
1791419435,780238,29116,404176,93936,3636,228024,77.34711455641688
1791419441,780158,28804,404668,93936,3636,227768,76.39670853183196
1791419447,780776,29072,404884,93936,3660,227896,78.82960413080895
1791419453,780940,29088,404896,93936,3660,228024,80.75927523727351
1791419458,782778,29816,405856,93936,3660,228152,87.38461538461539
1791419464,781054,29084,405124,93936,3660,227896,84.55850369725968
1791419470,786486,29164,406380,93936,3660,231992,81.42361111111111
1791419476,787210,29224,406912,93936,3660,232120,89.91304347826087
1791419482,781634,28184,406448,93936,3676,228024,88.59649122807018
1791419488,781670,28344,406320,93936,3676,228024,76.73363577446533
1791419494,780946,27560,406384,93936,3676,228024,83.34416287632662
1791419500,780926,27776,406400,93936,3676,227768,83.86398094000434
1791419505,780690,27436,406376,93936,3676,227896,78.45183735594694
1791419511,780662,27460,406356,93936,3652,227896,74.64114832535886
1791419517,780818,27552,406420,93936,3652,227896,78.58985382631126
1791419523,780998,27724,406428,93936,3652,227896,82.66953713670614
1791419529,780614,27576,406320,93936,3652,227768,76.44406270130986
1791419535,785130,27800,406260,93936,3652,232120,85.44726301735648
1791419541,780786,27592,406348,93936,3652,227896,79.53216374269006
1791419547,780894,27700,406348,93936,3652,227896,78.89512300388434
1791419553,780478,27428,406204,93936,3652,227896,79.7060730494921
1791419559,780234,27936,405708,93936,3652,227640,76.96335078534031
1791419564,785222,28232,405916,93936,3652,232120,83.71891891891892
1791419570,783542,30312,406124,93936,3652,228152,77.51402675873975
1791419576,781186,28056,406280,93936,3652,227896,76.8866910341862
1791419582,782326,29112,405768,93936,3696,228436,76.59390533823212
1791419588,781166,27792,405912,93936,3700,228436,79.56850053937433
1791419594,781162,27612,406044,93936,3732,228436,78.97368993259404
1791419600,780634,27240,406028,93936,3732,228296,77.72428884026257
1791419606,784594,27340,406064,93936,3732,232120,72.80441238862961
1791419612,780718,27504,406120,93936,3732,228024,77.21132897603485
1791419617,780554,27348,406112,93936,3732,228024,70.85514834205934
1791419623,785198,27652,406480,93936,3732,231992,76.81377825618945
1791419629,780574,27352,406252,93936,3732,227896,82.75862068965517
1791419635,784466,27304,406100,93936,3732,231992,73.20034692107545
1791419641,780710,27428,406184,93936,3732,228024,73.92624728850325
1791419647,780654,27464,406096,93936,3732,228024,75.8220502901354
1791419653,780926,27540,406284,93936,3732,228028,80.24263431542461
1791419659,780938,27696,406272,93936,3732,227896,78.02340702210662
1791419664,780526,27284,406148,93936,3732,228024,81.40900195694715
1791419670,780606,27884,406108,93936,3420,228024,76.65293735096466
1791419676,780986,27560,406712,93936,3468,228024,76.22302926725058
1791419682,779930,27080,406268,93936,3468,227896,81.4670981661273
1791419688,780010,27104,406324,93936,3468,227896,78.49185946872322
1791419694,780098,27792,405720,93936,3468,227896,78.46187081443077
1791419700,779774,27552,405620,93936,3484,227896,82.02443280977313
1791419706,779902,27532,405632,93936,3484,228024,74.89658175484433
1791419712,780526,27616,406168,93936,3484,228024,68.18376985830828
1791419718,779998,27196,406064,93936,3484,228024,74.64819224940463
1791419724,780250,27444,406064,93936,3484,228028,82.03345644145122
1791419729,780034,27204,406088,93936,3484,228028,76.65293735096466
1791419735,780406,27576,406092,93936,3484,228024,72.03297895422
1791419741,780558,27768,406032,93944,3484,228028,72.46000864677907
1791419747,780434,27640,406140,93944,3508,227900,78.5543217940344
1791419753,780498,27580,406260,93944,3508,227900,75.04819019061898
1791419759,784386,27672,405964,93944,3508,231996,75.95604395604396
1791419765,784270,27472,405920,93944,3508,232124,81.29449838187702
1791419771,784358,27512,405968,93944,3508,232124,70.6135629709365
1791419777,780184,27092,406332,93944,3508,228028,74.20189818809318
1791419783,780402,27260,406360,93944,3508,228028,72.5096194955109
1791419788,780750,27432,406532,93944,3508,228028,74.81146304675717
1791419794,780478,27628,406216,93944,3408,228028,77.20060856335579
1791419800,779782,27020,406256,93944,3408,227900,73.64526659412405
1791419806,780118,27376,406260,93944,3384,227900,81.14932520679147
1791419812,780194,27364,406296,93944,3332,228028,73.10524036379385
1791419818,780214,27564,406244,93944,3332,227900,72.8839112642688
1791419824,780186,27520,406260,93944,3332,227900,79.53518398967076
1791419830,780194,27408,406252,93944,3332,228028,77.91978845306302
1791419836,780006,27288,406184,93944,3332,228028,73.37226908933593
1791419841,779982,27308,406160,93944,3316,228028,69.05997094832954
1791419848,784262,27536,406120,93944,3316,232124,78.3979548359608
1791419854,779874,27192,406172,93944,3316,228028,72.68018990073371
1791419859,780254,27568,406176,93944,3316,228028,74.69670710571924
1791419865,779986,27596,405740,93944,3412,228028,72.03791469194313
1791419871,784258,27488,406020,93944,3412,232124,74.7008547008547
1791419877,779498,27236,405736,93944,3412,227900,78.29640782964078
1791419883,780210,27776,405792,93944,3504,227900,75.76601671309191
1791419889,784086,27392,405904,93944,3524,231996,75.29819995662545
1791419895,780554,27896,405836,93944,3524,228028,78.51366120218579
1791419901,780266,27564,406004,93944,3524,227900,78.86323268206039
1791419907,784210,27732,405688,93944,3524,231996,84.41247002398082
1791419912,780446,27528,406092,93944,3524,228028,75.21663778162912
1791419918,784306,27624,405764,93944,3524,232124,74.3623000432339
1791419924,780010,27832,405356,93944,3524,228028,71.76193534575037
1791419930,780406,27712,405856,93944,3620,227900,78.77082882492968
1791419936,780370,27440,406092,93944,3620,227900,80.17278617710583
1791419942,780658,27536,406284,93944,3620,227896,79.46215571459553
1791419948,780342,27560,405948,93944,3620,227896,75.87557102458125
1791419954,780330,27344,406024,93944,3620,228024,73.48353552859619
1791419960,780106,27480,405788,93944,3620,227896,70.0755124056095
1791419966,781494,27416,407116,93944,3620,228024,76.67174907427575
1791419971,781614,27624,407028,93944,3620,228024,82.64462809917356
1791419977,782286,27820,407500,93944,3620,228028,76.95596408721676
1791419983,782166,27848,407356,93944,3620,228024,71.97766802662659
1791419989,783858,28376,407564,93944,3620,228980,77.78016777801678
1791419995,783962,27996,408048,93944,3620,228976,77.76321537789428
1791420001,783034,27312,407804,93944,3620,228980,82.44406196213426
1791420007,782922,27636,407908,93944,3620,228436,77.46478873239437
1791420013,781926,27296,407792,93944,3620,227900,74.8639825897715
1791420019,782594,27560,408064,93944,3620,228024,69.12502727471089
1791420025,782274,27444,407864,93944,3620,228024,81.63265306122449
1791420030,782338,27508,407860,93944,3620,228028,73.7527114967462
1791420036,781666,27000,407828,93944,3620,227896,72.61802575107296
1791420042,781810,27120,407852,93944,3620,227896,72.08450097003664
1791420048,782602,27948,407792,93944,3644,227896,76.06727037516171
1791420054,781846,27176,407808,93944,3644,227896,70.72691552062868
1791420060,782350,27556,407804,93944,3644,228024,82.68689057421452
1791420066,786038,27224,407852,93944,3644,231996,72.00173498156582
1791420072,781770,27176,407732,93944,3644,227896,78.6428882122662
1791420077,781642,27120,407660,93944,3644,227896,65.73009791400595
1791420083,781842,27304,407676,93944,3644,227896,77.17484926787253
1791420089,782042,27312,407740,93944,3644,228024,73.942286830115
1791420095,786374,27616,407796,93944,3644,231996,83.03532490187527
1791420101,781974,27308,407796,93944,3644,227900,80.79757260511487
1791420107,781910,27388,407600,93944,3588,228028,83.69446268330051
1791420113,782474,27756,407796,93944,3588,228028,81.56182212581345
1791420119,781914,27468,407764,93944,3428,228028,74.1802388707926
1791420125,782014,27540,408012,93944,3364,227900,69.22744928787225
1791420131,781722,27432,407832,93944,3364,227900,74.11865864144454
1791420136,781638,27272,407804,93944,3348,228028,73.07946290997138
1791420142,781402,27068,407920,93944,3332,227900,77.78258986574275
1791420148,781498,27256,407832,93944,3332,227900,72.75869518254483
1791420154,781418,27640,407368,93944,3332,227900,81.93506210503378
1791420160,781494,27540,407548,93944,3332,227896,71.80588361606183
1791420166,782454,28156,407888,93944,3332,227900,74.26016606344476
1791420172,783142,29084,407780,93944,3332,227768,72.21390374331551
1791420178,782878,28956,407516,93944,3332,227896,74.08371286055086
1791420184,782802,28884,407304,93944,3396,228024,73.1568584554802
1791420189,782238,28456,407288,93944,3396,227896,73.31442286711761
1791420195,782898,28780,407364,93944,3396,228156,77.82571182053495
1791420201,782470,28304,407668,93944,3396,227900,74.30555555555556
1791420207,783002,28436,408060,93944,3396,227900,79.13793103448276
1791420213,783346,28764,408076,93944,3396,227900,75.83187390542906
1791420219,784006,29216,408124,93944,3412,228028,78.25715506193934
1791420225,783730,28936,408128,93944,3412,228028,76.94311767260096
1791420231,783546,29000,408008,93944,3412,227900,80.64869603331142
1791420237,783158,28604,408016,93944,3412,227900,72.49078690656839
1791420243,783354,28612,408076,93944,3412,228028,71.60863063447981
1791420248,783798,29072,408060,93944,3412,228028,73.08031774051192
1791420254,783710,28848,408284,93944,3440,227900,73.67032967032966
1791420260,784698,29848,408224,93944,3480,227900,82.09083119108827
1791420266,785350,29180,408788,93944,3512,227896,84.21962818849978
1791420272,783990,28656,408780,93944,3512,228024,88.3618796662275
1791420278,786798,27780,408368,93944,3512,232124,83.62068965517241
1791420284,782978,27860,408568,93944,3512,228024,86.48648648648648
1791420290,783310,28364,408508,93944,3524,227900,83.7651122625216
1791420296,783338,28228,408516,93944,3544,228028,76.66017737399957
1791420301,783246,27964,408560,93944,3624,228028,73.51538794971825
1791420307,783558,28276,408560,93944,3624,228028,79.11898078168862
1791420313,786850,27716,408444,93944,3624,231996,82.9552819183409
1791420319,783202,27860,408748,93944,3624,227896,85.20198747029596
1791420325,782718,27524,408596,93944,3624,227900,74.37800087298123
1791420331,782590,27616,408380,93944,3624,227896,74.7148698084786
1791420337,782310,27452,408264,93944,3624,227896,74.15730337078652
1791420343,782950,27848,408508,93944,3624,227896,76.20667658941102
1791420349,782574,27976,408112,93944,3648,227768,71.19078104993598
1791420355,788642,29184,412044,93944,3648,228696,82.497308934338
1791420361,787778,28472,412016,93944,3648,228568,82.00654307524536
1791420366,786894,27900,411496,93944,3696,228696,77.27468736524365
1791420372,789822,27468,411164,93944,3696,232388,84.58532349109856
1791420378,790634,27896,411812,93944,3696,232124,74.66208968032612
1791420384,790170,27828,411548,93944,3696,231992,73.49945828819068
1791420390,785634,27540,411392,93944,3696,227900,75.04363001745202
1791420396,787150,29340,411112,93944,3696,227900,74.74835886214441
1791420402,791010,28852,411360,93944,3696,231996,78.20205105825877
1791420408,787038,28768,411440,93944,3696,228028,79.35469805973403
1791420413,787218,29032,411488,93944,3696,227896,79.86230636833047
1791420419,787710,29152,411724,93944,3696,228028,84.8590021691974
1791420425,787014,28652,411696,93944,3672,227896,77.40259740259741
1791420431,787254,28548,412032,93944,3672,227900,76.17406290392073
1791420437,787330,28780,411880,93944,3672,227896,88.3872368135446
1791420443,787614,28676,412128,93944,3684,228024,74.97820401046208
1791420449,786942,28692,411524,93944,3708,227900,83.61826444492534
1791420455,786230,28216,411416,93944,3712,227768,76.59760087241003
1791420461,786742,28464,411536,93944,3720,227896,77.41375569537861
1791420466,786526,28460,411200,93944,3720,228024,71.1651117379041
1791420472,785586,27900,410816,93944,3720,228028,82.66783677051338
1791420478,785686,28208,410864,93944,3720,227768,74.64362850971922
1791420484,786714,28792,411312,93944,3720,227768,82.23501812753253
1791420490,786026,28104,411184,93944,3720,227896,81.61493379639678
1791420496,785454,27956,410760,93944,3720,227896,75.36988685813752
1791420502,784842,27228,410872,93944,3720,227900,70.81339712918661
1791420508,785066,27480,410844,93944,3720,227900,73.5263046693429
1791420514,786730,28356,411504,93944,3720,228024,77.6093546990039
1791420520,784958,27280,410804,93944,3720,228028,75.07638585770407
1791420525,784970,27300,410804,93944,3720,228024,69.93127147766323
1791420531,785986,27892,411092,93944,3720,228156,71.48488830486203
1791420537,786138,27524,411872,93944,3720,227896,74.60869565217392
1791420543,784990,27320,410932,93944,3720,227896,73.56122890523584
1791420549,785566,27744,411080,93944,3720,227896,79.11323625298849
1791420555,785778,27596,411308,93944,3720,228028,73.52106526959179
1791420561,786002,27560,411568,93944,3720,228028,68.27171109200344
1791420567,785958,27596,411492,93944,3720,228024,72.82095319879777
1791420573,789494,27340,411392,93944,3672,231992,74.20892934547031
1791420579,785194,27340,411468,93944,3400,228024,74.08984458164785
1791420584,785422,27628,411408,93944,3400,228024,72.24137931034483
1791420590,785210,27340,411528,93944,3368,228024,73.92055267702936
1791420596,785782,27732,411836,93944,3368,227896,70.50671286271113
1791420602,785882,27976,411712,93944,3352,227900,74.1885625965997
1791420608,790130,28584,411084,93944,3496,231992,81.35593220338984
1791420614,788918,28752,411484,93944,3576,230052,77.73487773487774
1791420620,792426,28144,411508,93944,3576,234148,71.81916038751346
1791420626,787722,27396,411276,93944,3576,230180,73.84084537416433
1791420632,788334,27892,411516,93944,3576,230052,75.2449379490529
1791420638,787166,27720,411452,93944,3592,229104,73.16341829085458
1791420643,789586,27300,411276,93944,3592,232124,70.81796485137774
1791420649,785522,27368,411212,93944,3608,228024,72.47325911373062
1791420655,785506,27480,411212,93944,3608,227896,69.347168179853
1791420661,786306,27192,412296,93944,3608,227900,75.9374330404971
1791420667,786718,27592,412284,93944,3632,227900,70.54246812189324
1791420673,786818,27504,412348,93944,3632,228024,77.89878283151825
1791420679,786498,27360,412300,93944,3632,227896,67.62778505897772
1791420685,792310,27096,412228,93944,3632,234044,74.2483660130719
1791420691,786614,27380,412268,93944,3632,228024,74.82638888888889
1791420696,786374,27236,412172,93944,3632,228024,74.30555555555556
1791420702,786486,27392,412128,93944,3632,228024,69.01621621621622
1791420708,786374,27368,412168,93944,3632,227896,73.38191170167167
1791420714,786514,27396,412276,93944,3632,227900,67.99307958477509
1791420720,786654,27804,412140,93944,3632,227768,77.23896898208825
1791420726,786082,27232,412164,93944,3608,227768,77.59139784946237
1791420732,790254,27316,412152,93944,3608,231864,77.13355048859934
1791420738,786038,27252,412096,93944,3608,227768,70.61393926152502
1791420744,786418,27496,412104,93944,3608,227896,81.78858259170826
1791420749,786338,27332,412188,93944,3608,227896,69.93786158131562
1791420755,787210,28440,411948,93944,3608,227896,71.83315038419319
1791420761,786166,27480,411992,93944,3608,227768,70.46093919065137
1791420767,786702,27776,412236,93944,3608,227768,71.77900552486189
1791420773,787614,28244,412548,93944,3608,227896,71.062115751537
1791420779,791746,28768,412192,93944,3608,231864,78.42116677510302
1791420785,793698,29604,412356,93944,3624,232792,76.82636028614785
1791420791,789278,29440,412452,93944,3624,228436,76.72413793103449
1791420797,786746,28020,411744,93944,3624,228036,72.58587167854829
1791420802,787050,28284,411796,93944,3624,228024,78.25126959593729
1791420808,790806,28060,411680,93944,3624,232120,71.97589324149807
1791420814,786226,27636,411744,93944,3624,227900,79.25428137871234
1791420820,786882,28132,412036,93944,3624,227768,76.67174907427575
1791420826,786486,28004,411640,93944,3624,227896,73.25881341358556
1791420832,786846,28248,411752,93944,3624,227896,70.95533233596922
1791420838,787222,28180,412328,93944,3624,227768,79.82758620689656
1791420844,787114,28180,411964,93944,3624,228024,72.47921551907909
1791420850,787338,27948,412420,93944,3624,228024,74.53094673280138
1791420856,788350,28836,412528,93944,3732,227896,78.0061215566244
1791420862,787554,28340,412336,93944,3732,227768,83.25175569270058
1791420868,788438,28768,412652,93948,3736,227896,72.00173498156582
1791420873,788198,28532,412648,93948,3736,227896,75.0160565189467
1791420879,788658,29072,412568,93948,3736,227896,76.95941593300408
1791420885,789598,28796,412704,93944,3736,228976,76.01731601731602
1791420891,793522,28136,413448,93944,3736,232816,82.4315585255443
1791420897,788454,27688,412800,93944,3736,228848,80.10182435299109
1791420903,788810,28496,413424,93944,3736,227768,76.11616818378847
1791420909,787706,27812,413004,93944,3736,227768,78.90222984562607
1791420915,787878,28076,412912,93944,3736,227768,78.29640782964078
1791420921,789098,28392,413816,93944,3736,227768,78.33260963960052
1791420927,787614,27440,413284,93944,3736,227768,70.03018542475205
1791420933,787878,27884,413104,93944,3736,227768,86.58987176700718
1791420938,788746,27892,413836,93944,3736,227896,75.38726333907057
1791420944,789114,28072,414024,93944,3736,227896,80.6054054054054
1791420950,788182,27476,413688,93944,3736,227896,71.82823682498373
1791420956,787822,27392,413540,93944,3736,227768,85.24305555555556
1791420962,792226,27528,413712,93944,3736,231864,73.31905781584582
1791420968,788078,27556,413608,93944,3760,227768,74.48822364076602
1791420974,788766,27796,413928,93944,3760,227896,72.19970130147215
1791420980,787794,27464,413388,93944,3696,227896,77.00999565406345
1791420986,787566,27348,413372,93944,3632,227896,70.15729368670544
1791420992,787474,27312,413316,93944,3632,227896,74.25721101713295
1791420997,789706,27928,414616,93944,3848,227896,73.5050196420777
1791421003,788690,27368,414140,93944,3856,227896,74.68950749464668
1791421009,792574,27140,414156,93944,3856,231992,71.73122191311792
1791421015,788370,27092,414224,93944,3856,227768,75.40348612007747
1791421021,788614,27356,414204,93944,3856,227768,71.06466361854997
1791421027,788622,27388,414196,93924,3832,227768,74.61406518010291
1791421033,790342,28464,414840,93924,3832,227768,73.84615384615385
1791421039,788638,27404,414196,93924,3832,227768,73.69758576874206
1791421045,788786,27496,414252,93924,3832,227768,73.96258869060416
1791421051,789790,27672,414952,93924,3832,227896,81.65374677002583
1791421057,789694,28068,414580,93924,3752,227896,75.2062527138515
1791421063,789922,27720,415156,93924,3752,227896,79.70733806757048
1791421068,789094,27552,414352,93940,3752,228024,75.61929595827901
1791421074,789098,27516,414392,93940,3752,228024,77.720207253886
1791421080,788986,27484,414312,93940,3752,228024,77.99827437446073
1791421086,788250,26988,414200,93940,3752,227900,76.92971108236308
1791421092,788906,27552,414292,93940,3752,227900,76.77208287895311
1791421098,788982,27480,414312,93940,3752,228024,81.21212121212122
1791421104,793418,27764,414492,93940,3752,231996,72.91399229781771
1791421110,789450,27756,414756,93940,3752,227772,81.63265306122449
1791421116,790302,27596,415640,93940,3752,227900,79.01234567901234
1791421122,790618,27892,415540,93940,3752,228024,86.4007053118801
1791421127,790118,27324,415604,93940,3752,228024,73.77370830608241
1791421133,790318,27584,415548,93940,3752,228024,75.30224525043178
1791421139,790002,27376,415560,93940,3752,227900,67.54253715270299
1791421145,792502,29268,416300,93940,3752,227768,80.72916666666666
1791421151,791126,28680,415388,93940,3752,227896,73.31490537954497
1791421157,791274,28956,415388,93940,3752,227768,75.72731220147634
1791421163,793246,29552,416504,93940,3752,228024,79.49772678068847
1791421169,791662,29160,415308,93940,3752,228028,83.35871220361105
1791421175,793126,29272,416664,93940,3752,228024,71.9412019022914
1791421181,792566,29040,416336,93940,3752,228024,74.82758620689656
1791421186,793050,29108,416728,93940,3776,228024,68.52759428936714
1791421192,793830,29656,417216,93940,3776,227768,74.70613844144538
1791421198,793942,29632,417224,93940,3776,227896,74.25721101713295
1791421204,796318,28432,416960,93940,3776,231736,84.54722282256321
1791421210,793730,29296,417500,93940,3760,227768,77.30298475413356
1791421216,792410,29072,416532,93940,3760,227640,76.98744769874477
1791421222,793186,29672,416452,93940,3760,227896,74.95086263376282
1791421228,792882,29144,416680,93940,3760,227896,82.94256829425683
1791421234,793550,29588,417032,93940,3760,227768,81.91304347826087
1791421239,796806,30932,418684,93940,3760,228024,86.1484254569478
1791421245,794230,29628,417552,93940,3748,227896,79.07685608534727
1791421251,795302,29504,418356,93940,3748,228288,83.24485028668506
1791421257,799910,29736,418636,93940,3748,232384,89.10117238384716
1791421263,795146,29520,418056,93940,3748,228416,83.85852090032154
1791421269,794826,29632,417732,93940,3772,228288,89.6611642050391
1791421275,795998,30092,418440,93940,3772,228288,91.45837861334492
1791421281,794778,29428,417760,93940,3772,228416,82.14987983395237
1791421287,795022,29444,417856,93940,3772,228544,83.34786399302529
1791421292,799950,30160,417972,93940,3772,232640,85.2730041331303
1791421298,801274,30396,418516,93940,3772,233180,83.85269121813032
1791421304,798342,28508,417736,93940,3772,232920,77.93447602516815
1791421310,795262,29088,418040,93940,3772,228956,80.88139987038238
1791421316,795370,29704,418072,93940,3772,228416,77.4528914879792
1791421322,798962,29184,418088,93940,3772,232508,78.50304612706701
1791421328,800950,30572,418964,93940,3748,232256,78.1786941580756
1791421334,794470,29160,417864,93940,3748,228288,79.81038569273863
1791421339,795530,29980,418084,93940,3752,228288,78.63173847153064
1791421345,797534,30260,418064,93940,3752,230032,82.40418118466899
1791421351,800378,28968,418104,93940,3752,234128,84.38308886971527
1791421357,800098,29012,418312,93940,3752,233596,90.18245004344048
1791421363,800066,29684,418816,93940,3752,232388,79.533174843311
1791421369,794898,29128,418304,93940,3752,228288,86.8959512407488
1791421375,795118,29204,418320,93940,3752,228416,76.83322517845555
1791421381,795446,29388,418336,93940,3752,228544,84.58844133099825
1791421387,794982,28724,418532,93940,3752,228548,83.22608322608322
1791421392,794034,27732,418576,93940,3752,228548,77.50325097529259
1791421398,793646,27652,418268,93940,3752,228548,77.9558250324816
1791421404,794282,28172,418536,93940,3736,228420,83.54817566091326
1791421410,795358,28364,419420,93940,3736,228420,86.7595818815331
1791421416,795734,28828,419332,93940,3736,228420,81.44020574367767
1791421422,796382,29128,419552,93940,3736,228548,85.43689320388349
1791421428,795954,28536,419716,93940,3736,228548,80.94725511302477
1791421434,795394,28200,419620,93940,3736,228420,74.59086993970715
1791421440,795122,27964,419588,93940,3736,228416,82.15547703180212
1791421445,794870,27960,419340,93940,3736,228416,75.83351492699934
1791421451,797950,27552,418608,93940,3736,232640,75.55749890686488
1791421457,794302,27852,418880,93940,3736,228416,78.50225952227244
1791421463,795142,28536,419032,93940,3740,228416,81.4526588845655
1791421469,796962,29752,419636,93940,3740,228416,75.76791808873719
1791421475,795506,29364,418568,93940,3740,228420,79.96589940323956
1791421481,795838,29752,418512,93940,3740,228420,75.90859630032644
1791421487,796650,30016,418912,93940,3764,228544,77.25097868638538
1791421493,801238,30172,421432,93940,3764,230696,79.70733806757048
1791421499,803178,29044,420532,93940,3764,234664,87.40967812568425
1791421504,800114,29936,420540,93940,3764,230696,74.63456577815994
1791421510,797266,29140,420640,93940,3764,228544,75.23992322456814
1791421516,797194,29092,420492,93940,3764,228676,73.17909168808912
1791421522,797146,29300,420496,93940,3764,228416,77.08964919878736
1791421528,800962,28784,420600,93940,3764,232640,70.48153746491039
1791421534,796926,28984,420584,93940,3764,228420,91.88838416612589
1791421540,800630,28924,420260,93940,3764,232512,80.41325871717606
1791421546,797070,29200,420544,93940,3740,228416,77.9638894931477
1791421552,799950,30316,421468,93940,3740,229252,80.43057050592034
1791421558,799578,30248,421288,93940,3740,229124,92.70311478980614
1791421564,802218,29304,420912,93940,3740,233088,80.17204301075269
1791421569,798394,29488,421128,93940,3740,228868,80.72916666666666
1791421575,799774,30336,421528,93940,3740,228996,84.46351931330473
1791421581,798466,29468,421216,93940,3740,228868,81.57669237360754
1791421587,797882,28776,421144,93940,3792,228996,78.39758776653026
1791421593,802650,29396,421456,93940,3792,232832,76.02591792656588
1791421599,799822,29364,422756,93940,3792,228736,88.18357280720565
1791421605,799562,29872,421860,93940,3792,228864,81.3882863340564
1791421611,802214,29932,424036,93940,3792,229280,81.96649989123341
1791421617,800978,30032,422572,93940,3792,229408,83.65674859853385
1791421623,800762,30020,422492,93940,3796,229280,76.55502392344498
1791421629,801402,29884,423260,93944,3796,229280,80.23952095808383
1791421635,800254,29428,422572,93944,3796,229280,77.1269773407439
1791421641,804998,29400,422992,93940,3796,233632,82.06462806332682
1791421646,800878,29628,422868,93940,3796,229408,80.9702315325248
1791421652,800118,29612,422380,93940,3796,229152,80.7017543859649
1791421658,799670,29184,422236,93940,3796,229280,80.3993922292164
1791421664,802034,29928,423724,93940,3796,229408,81.66811468288445
1791421670,802458,30492,423708,93940,3796,229280,81.89247311827957
1791421676,805562,30680,424524,93940,3800,231128,86.40208197787899
1791421682,804422,29680,424512,93940,3800,231000,77.75831873905429
1791421687,806566,30596,425076,93940,3800,231668,87.96895213454074
1791421693,805082,29588,424728,93940,3800,231540,77.39167739167739
1791421699,803926,28964,424608,93940,3800,231128,76.39577495149817
1791421705,804482,29416,424840,93940,3800,231000,80.74507255793806
1791421711,803754,29092,424436,93940,3800,231000,90.15790612156607
1791421717,805298,30212,424988,93940,3800,230872,80.2588996763754
1791421723,809106,30324,424584,93940,3800,234968,88.4368781782003
1791421729,805846,30392,425096,93940,3800,231128,88.9846949773658
1791421735,809830,30188,426404,93940,3816,233984,93.85183575928741
1791421741,808866,29696,426060,93940,3816,233856,86.28450106157113
1791421747,809270,29760,426276,93940,3816,233984,89.90509059534081
1791421752,810282,30320,426832,93940,3832,233856,93.909973521624
1791421758,811878,30384,428356,93940,3836,233856,80.08667388949078
1791421764,810514,29852,427528,93940,3836,233856,84.77842003853564
1791421770,809714,29800,426652,93940,3836,233984,86.48183967332903
1791421776,809690,30152,426248,93940,3852,233984,82.88444830582102
1791421782,812146,30260,428592,93940,3852,233988,93.05585980284775
1791421788,813614,31316,429108,93940,3880,233856,90.32536091359621
1791421794,811218,30300,427468,93940,3880,234112,89.63876270819814
1791421799,813890,29572,426904,93940,3880,238080,83.79619505794884
1791421805,808966,28656,426996,93940,3880,233984,79.47939262472885
1791421811,814874,29820,427760,93940,3880,237960,78.6411889596603
1791421817,812374,29188,430124,93940,3880,233728,88.28552660389752
1791421823,822902,30280,430976,93940,3880,242312,77.95945062132112
1791421829,813934,29924,430560,93940,3880,234116,81.41745894554884
1791421835,815018,29756,431000,93940,3880,234928,84.53159041394336
1791421841,820462,29936,432168,93940,3880,239024,83.83285933056224
1791421846,815342,29460,431904,93940,3856,234668,88.52388156472877
1791421852,814622,29016,431500,93940,3856,234796,93.69993505087682
1791421858,815574,29940,431524,93940,3856,234800,83.90754470126471
1791421864,815014,28876,432288,93940,3856,234540,81.33246809431105
1791421870,814906,29268,431660,93940,3856,234668,80.74185896053483
1791421876,817058,30156,432796,93940,3856,234796,79.65665236051503
1791421882,814470,28496,431864,93940,3856,234800,78.89273356401384
1791421888,815590,28988,432496,93940,3856,234796,83.7979094076655
1791421894,814174,28404,431660,93940,3856,234800,73.74542321774715
1791421900,812734,27880,430876,93940,3856,234668,85.57899268187688
1791421906,812714,27936,430800,93940,3856,234668,88.50771869639794
1791421911,819034,28176,432784,93940,3856,238764,78.55746252444058
1791421917,818898,28040,432656,93940,3856,238892,77.76824034334764
1791421923,814014,27844,432064,93940,3856,234796,78.87079261672095
1791421929,815538,28496,433060,93940,3856,234672,81.23807504769981
1791421935,812978,27664,431336,93940,3856,234668,81.45580589254766
1791421941,813786,28168,431636,93940,3856,234672,81.15691776386791
1791421947,814182,28088,431988,93940,3856,234796,85.5466202999348
1791421953,817026,27708,431232,93940,3856,238776,76.72901261418008
1791421959,815462,28568,433044,93940,3856,234540,86.4351951692905
1791421965,812930,27796,431156,93940,3856,234668,82.9655024641097
1791421970,812910,27496,431436,93940,3856,234668,79.44969905417025
1791421976,813782,28048,431808,93940,3820,234668,83.99912682820346
1791421982,813126,27888,431440,93940,3820,234540,84.880174291939
1791421988,813994,28348,431848,93940,3820,234540,86.67820069204151
1791421994,813214,27968,431448,93940,3820,234540,80.1872738880613
1791422000,816562,27652,431020,93940,3820,238636,75.68276163425824
1791422006,813410,27980,431632,93940,3820,234540,83.09889634278295
1791422012,813578,28008,431900,93940,3820,234412,82.29665071770334
1791422018,813650,27920,431932,93940,3820,234540,85.41666666666666
1791422023,812734,27676,431668,93940,3460,234668,90.45444661883018
1791422029,813758,28532,431832,93940,3460,234668,85.87570621468926
1791422035,814246,28588,432264,93940,3460,234668,81.51780004263483
1791422041,812918,27720,431908,93940,3476,234540,77.5704989154013
1791422047,812562,27476,431796,93940,3476,234540,82.33009708737865
1791422053,817418,28236,431668,93940,3476,238764,80.66783831282952
1791422059,814290,28316,432400,93940,3580,234672,83.21389793702497
1791422065,814378,28116,432652,93940,3604,234668,81.97213290460878
1791422071,813610,27688,432316,93940,3604,234668,76.90627048284902
1791422077,814162,28020,432400,93940,3604,234800,81.98002605297438
1791422082,817678,27844,431936,93940,3656,238896,78.00298698527843
1791422088,814138,27948,432344,93940,3688,234796,79.36302991177104
1791422094,814854,28264,432636,93940,3788,234796,74.83870967741936
1791422100,818830,28612,432268,93940,3792,238764,78.28961869076481
1791422106,814786,28360,432572,93940,3792,234668,75.80225498699046
1791422112,814222,27856,432384,93940,3792,234796,77.97645006541649
1791422118,813834,27656,432192,93940,3792,234800,80.15513897866839
1791422124,814422,28100,432340,93940,3792,234796,74.52242970594548
1791422130,813706,27704,432112,93940,3792,234672,80.44596912521442
1791422136,814542,28000,432516,93940,3804,234796,82.3914466506655
1791422141,814206,27916,432264,93940,3804,234796,75.37104753710476
1791422147,814102,27856,432244,93940,3780,234796,82.74670697473547
1791422153,817582,27460,432152,93940,3780,238768,76.88908528501989
1791422159,820222,28808,433312,93940,3780,238896,79.89533362407326
1791422165,814998,28192,432800,93940,3780,234800,77.98634812286689
1791422171,814122,27472,432780,93940,3780,234668,85.11760826555287
1791422177,815570,28108,433460,93940,3780,234796,86.01966652415562
1791422183,815562,28352,433204,93940,3780,234800,81.08819657744625
1791422188,814270,27516,432880,93940,3780,234668,76.83322517845555
1791422194,814190,27452,432740,93940,3780,234796,78.08661926308986
1791422200,813926,27556,432372,93940,3780,234796,78.27956989247312
1791422206,818622,27496,433004,93940,3804,238896,83.62068965517241
1791422212,819746,27872,433880,93940,3804,238764,86.92610406646261
1791422218,815378,28384,433096,93940,3804,234668,88.67512024486226
1791422224,814398,27456,433044,93940,3804,234672,74.24111014744146
1791422230,814758,27724,433132,93940,3804,234672,74.81767481767481
1791422236,819226,27952,433408,93940,3804,238640,76.20712256936858
1791422242,815598,28156,433540,93940,3804,234672,79.77057136554158
1791422247,817830,29592,433800,93940,3804,235208,78.26086956521739
1791422253,815126,27224,433468,93940,3804,235208,73.96845971052063
1791422259,815754,27844,433476,93940,3804,235208,76.90645927846187
1791422265,815990,28016,433828,93940,3780,234940,83.60548661005879
1791422271,814650,27256,433524,93940,3780,234668,74.02933563416738
1791422277,819294,27656,433668,93940,3780,238764,76.15720524017468
1791422283,815414,27820,433592,93940,3780,234800,85.59027777777779
1791422289,816066,27964,434100,93940,3780,234796,71.46529562982005
1791422295,815402,27680,433720,93940,3780,234800,74.77923756192118
1791422300,815206,27532,433672,93940,3780,234800,77.97202797202797
1791422306,815502,27760,433740,93940,3780,234800,75.1334044823906
1791422312,815818,27760,434052,93940,3780,234800,81.42887884656767
1791422318,815178,27464,433832,93940,3784,234672,83.48127300281446
1791422324,815114,27496,433732,93940,3788,234668,83.46011736579004
1791422330,816538,28328,434316,93940,3788,234672,77.68488745980707
1791422336,815582,27932,433760,93940,3788,234672,78.97752313794624
1791422342,815722,27596,434104,93940,3788,234800,70.47535979066724
1791422347,819490,27508,433996,93940,3788,238768,83.67036312241791
1791422353,816526,27336,435168,93940,3788,234800,72.75877003031616
1791422359,816502,27408,435076,93940,3788,234800,80.41684759009988
1791422365,816654,27688,435076,93940,3788,234672,73.62924281984334
1791422371,816370,27340,435012,93940,3788,234800,74.16071041802036
1791422377,820674,27556,435004,93940,3788,238896,79.54545454545455
1791422383,816574,27736,434948,93940,3788,234672,80.22331973373417
1791422389,820830,27744,435096,93940,3788,238768,83.35161219565694
1791422395,817382,28448,434912,93940,3788,234800,84.68743193204095
1791422400,816250,27596,434636,93940,3788,234800,85.11013215859032
1791422406,816738,27508,435208,93940,3788,234800,82.8243448126489
1791422412,816590,27532,435168,93940,3788,234672,81.78085152366545
1791422418,817298,28040,435364,93940,3788,234672,76.11582843457435
1791422424,816350,27316,435140,93940,3788,234672,73.35640138408304
1791422430,816182,27224,435064,93940,3788,234672,70.86852934806151
1791422436,816374,27488,434992,93940,3788,234672,73.27847553053269
1791422442,817038,27688,435452,93940,3788,234672,73.11920672558742
1791422448,816790,27896,434872,93940,3788,234796,71.53762268266085
1791422453,816878,27852,435004,93940,3788,234796,80.47842802221274
1791422459,817154,28280,434972,93940,3708,234800,72.45873153779321
1791422465,817730,28388,435028,93940,3708,235212,74.2499460392834
1791422471,817010,27660,435036,93940,3708,235212,81.67174575533305
1791422477,816906,27536,435060,93940,3708,235208,86.4676400087165
1791422483,817082,27868,435176,93940,3708,234936,81.18985126859143
1791422489,820730,27592,435144,93940,3708,238892,82.23972003499563
1791422495,816938,27888,435148,93940,3708,234800,84.3205574912892
1791422500,820362,27384,435112,93940,3708,238764,82.58620689655173
1791422506,816662,27500,435236,93940,3732,234796,73.70010787486517
1791422512,816654,27572,435156,93940,3732,234800,79.46098674201261
1791422518,816342,27468,435076,93940,3732,234672,80.43431053203041
1791422524,817294,28152,435344,93940,3732,234668,84.20135105687514
1791422530,821242,27800,435416,93940,3732,238896,81.7492963844988
1791422536,817458,27896,435636,93940,3732,234796,81.89247311827957
1791422542,820958,27804,435264,93940,3732,238764,82.02420242024202
1791422548,817746,28160,435656,93940,3732,234800,83.80786785481416
1791422553,819702,27760,436732,93940,3732,236080,80.71825566481402
1791422559,819518,27880,436428,93940,3732,236080,83.32970146001307
1791422565,820450,28060,437200,93940,3708,236084,79.23043288150416
1791422571,819330,27736,436528,93940,3708,235956,78.43137254901961
1791422577,819702,27892,436996,93924,3708,235952,74.83645878761448
1791422583,818710,27644,436252,93924,3708,235952,72.32123684775607
1791422589,818702,27940,436204,93924,3708,235696,74.26233038983416
1791422595,820118,28492,436684,93924,3708,236080,77.57471511502902
1791422601,820110,28292,437004,93924,3708,235952,80.87336244541484
1791422606,823882,28164,436680,93924,3708,240176,90.42576183272098
1791422612,818774,27620,436236,93924,3692,236080,71.31782945736434
1791422618,820938,28224,437792,93924,3692,236084,75.54395126196692
1791422624,820674,28372,437488,93924,3716,235952,83.16226250272986
1791422630,826858,27948,437684,93924,3716,242340,77.23418134377039
1791422636,826334,27524,437704,93924,3720,242212,73.4008184363558
1791422642,822438,27760,437668,93924,3720,238116,83.29381332183661
1791422648,821574,27840,437772,93924,3740,237032,72.60125622698722
1791422654,819686,27444,437232,93924,3740,236080,72.2402246705552
1791422659,819990,27320,437608,93924,3792,236084,70.72488707248871
1791422665,820270,27668,437500,93924,3804,236080,78.17589576547232
1791422671,820538,27852,437584,93924,3804,236080,81.83572807205661
1791422677,819806,27236,437596,93924,3804,235952,81.23620309050773
1791422683,820034,27488,437568,93924,3804,235956,77.35767057800956
1791422689,820666,27800,437376,93924,3804,236464,91.63604927598877
1791422695,820706,27760,437324,93924,3804,236596,77.502691065662
1791422701,820534,27564,437352,93924,3804,236592,83.9549002601908
1791422707,820474,27604,437380,93924,3804,236464,70.57274522712311
1791422712,820262,27288,437352,93924,3804,236596,79.79048450458315
1791422718,824654,27544,437396,93924,3804,240688,71.01417666303162
1791422724,819902,27032,437380,93924,3804,236464,73.48353552859619
1791422730,820366,27500,437372,93924,3804,236464,77.49730312837109
1791422736,820574,27648,437432,93924,3804,236464,83.38028169014085
1791422742,826110,28328,438064,93924,3804,240688,70.62847370671227
1791422748,820238,27412,437332,93924,3804,236468,70.17841971112999
1791422754,820814,27912,437408,93924,3804,236464,72.85342584562012
1791422760,820406,27492,437420,93924,3804,236464,80.88522456064223
1791422766,820226,27672,437060,93924,3804,236464,67.4428633031479
1791422771,820518,27432,437464,93924,3804,236596,83.27137546468401
1791422777,820454,27240,437592,93924,3804,236596,73.75762859633828
1791422783,821070,27520,438052,93924,3804,236468,78.37017771998266
1791422789,821190,27788,437912,93924,3804,236464,82.3123382226057
1791422795,825094,27368,438008,93924,3804,240688,74.61773700305811
1791422801,820758,27476,437792,93924,3804,236464,71.25296527927539
1791422807,820990,27620,437984,93924,3828,236336,78.05724197745013
1791422813,821478,27404,438432,93924,3828,236592,79.32452911885689
1791422819,822682,27904,439132,93924,3828,236592,77.31891891891892
1791422824,821638,27240,438756,93924,3828,236592,72.97821867586802
1791422830,822354,27764,438944,93924,3828,236592,75.96133190118152
1791422836,826266,27588,438936,93924,3828,240688,79.26069202664947
1791422842,826162,27648,438776,93924,3828,240688,82.40720404129146
1791422848,825710,27460,438688,93924,3796,240560,81.98918918918919
1791422854,822378,28000,438784,93924,3796,236592,85.41353383458646
1791422860,821854,27520,438740,93924,3796,236592,82.11805555555556
1791422866,822410,27948,438888,93924,3772,236596,87.2538411599221
1791422872,822574,27868,438888,93924,3772,236592,80.17505470459518
1791422878,823054,28276,438960,93924,3772,236592,89.41074146553598
1791422883,822450,27708,439048,93924,3772,236468,69.54282034771411
1791422889,822334,27720,439052,93924,3772,236336,77.49782797567333
1791422895,826310,27520,439004,93924,3772,240560,82.01092896174863
1791422901,822162,27228,438988,93924,3772,236720,79.00812312954254
1791422907,823686,27520,439708,93924,3772,237232,69.70532117871528
1791422913,823622,27420,439740,93924,3772,237236,83.51836037574722
1791422919,824114,27752,439776,93924,3772,237360,73.33763718528083
1791422925,823718,27708,439680,93924,3772,237104,76.23144762314476
1791422931,824202,27796,439948,93924,3772,237232,76.7972449418855
1791422937,823366,27364,439672,93924,3772,237104,72.82095319879777
1791422943,824026,27596,439844,93924,3772,237360,74.75353621945993
1791422949,823766,27272,439904,93924,3772,237364,77.93447602516815
1791422955,823922,27488,439972,93924,3772,237232,72.524646378054
1791422960,825218,28588,440040,93924,3772,237364,77.0293609671848
1791422966,825966,29172,440328,93924,3772,237236,71.88106011635423
1791422972,825050,28552,439912,93924,3772,237360,71.43783783783783
1791422978,824770,28368,440036,93924,3708,237232,73.94519356241844
1791422984,826778,29856,440420,93924,3708,237364,79.26542814435192
1791422990,828658,30312,440944,93924,3708,238260,78.93705075147027
1791422996,828054,28880,442036,93924,3708,238000,81.70437074456403
1791423002,828558,29356,442136,93924,3756,237872,74.00043224551546
1791423008,828878,29288,442252,93924,3756,238128,76.32203755665876
1791423013,828414,28692,442388,93924,3756,238128,78.93149504523912
1791423019,828758,28904,442388,93924,3756,238260,76.62116040955631
1791423025,828370,28952,442084,93924,3756,238128,75.50482879719051
1791423031,828622,28632,442652,93924,3756,238128,77.58099352051836
1791423037,828986,29436,442472,93924,3756,237872,80.2954594829459
1791423043,828626,29364,442180,93924,3756,237872,86.41114982578398
1791423049,833018,29384,442328,93924,3756,242096,88.273474686283
1791423055,829038,29300,442400,93924,3756,238128,87.45427157305788
1791423061,828750,29048,442364,93924,3756,238128,84.74280732345248
1791423066,828582,28836,442536,93924,3756,238000,89.8264117776313
1791423072,827082,27508,442364,93924,3756,238000,76.11616818378847
1791423078,826886,27084,442724,93924,3756,237872,74.58803122289679
1791423084,827798,27420,442780,93924,3756,238384,73.85409941897998
1791423090,828526,27848,443208,93924,3756,238256,75.59745669809253
1791423096,828374,28268,442632,93924,3756,238260,74.5157780195865
1791423102,828274,28052,442748,93924,3756,238260,80.67517853278511
1791423108,832350,27948,442684,93924,3780,242480,82.13193534294452
1791423113,828562,28024,442912,93924,3780,238388,76.4898493778651
1791423119,827930,27824,442480,93924,3780,238388,85.11383537653239
1791423125,829294,28456,443212,93924,3780,238388,83.4721613327488
1791423131,828626,28456,442544,93924,3780,238388,74.5072557938055
1791423137,828570,28380,442692,93924,3780,238260,77.5623268698061
1791423143,829114,28256,443360,93924,3780,238260,78.0361757105943
1791423149,828390,28076,442688,93924,3780,238388,81.44020574367767
1791423155,828726,28096,442876,93924,3780,238516,75.09277450338354
1791423161,829166,28564,442976,93924,3780,238388,74.06446030715985
1791423166,828666,28652,442540,93924,3756,238260,75.47495682210709
1791423172,829498,29400,442496,93924,3756,238388,79.55612462654716
1791423178,831978,30204,442684,93924,3756,239876,75.29819995662545
1791423184,830642,28584,442836,93924,3756,240004,78.36804079898002
1791423190,831698,29408,443492,93924,3756,239584,80.46322110229465
1791423196,830402,28896,442880,93924,3756,239416,73.93651479162168
1791423202,831262,29592,442912,93924,3756,239544,79.01234567901234
1791423208,834506,30228,443360,93924,3756,241704,78.48925548079009
1791423214,832994,28864,443216,93924,3756,241700,81.38528138528139
1791423220,832194,28892,442928,93924,3756,241164,75.11331750485647
1791423226,831254,29156,443468,93924,3756,239416,81.51658767772511
1791423231,831110,29144,443208,93924,3756,239544,75.61501942166595
1791423237,830890,28752,443252,93924,3756,239672,71.71824973319103
1791423243,830482,28504,443092,93924,3756,239676,75.72304995617878
1791423249,831090,28948,443252,93924,3756,239676,70.72961373390558
1791423255,831106,29108,443368,93924,3756,239416,75.82037996545769
1791423261,833622,29952,444196,93924,3700,240348,77.60541839632947
1791423267,831698,28224,444256,93924,3700,240088,79.77792013666452
1791423273,830714,27476,443900,93924,3700,240216,73.22733132788998
1791423279,835746,28116,444216,93924,3776,244180,80.41684759009988
1791423285,830902,27992,444000,93924,3776,239676,76.46418462878293
1791423290,830810,27924,444096,93924,3780,239544,87.48074807480748
1791423296,830826,27940,444100,93924,3780,239540,71.0411198600175
1791423302,830290,27524,444104,93924,3780,239416,74.10598879793191
1791423308,830054,27424,443968,93924,3780,239416,75.80575848732273
1791423314,830634,27692,444024,93924,3780,239672,86.48648648648648
1791423320,830646,27584,444172,93924,3756,239672,72.9939603106126
1791423326,831342,27768,444676,93924,3756,239676,71.89259419662191
1791423332,830954,27740,444448,93924,3756,239544,70.67994802944997
1791423338,831366,27864,444740,93924,3756,239540,75.82774291278945
1791423343,833986,28240,446084,93924,3756,240440,72.36614853195165
1791423349,836602,27724,445124,93924,3756,244536,83.91608391608392
1791423355,831610,27368,444816,93924,3704,240308,73.13209162920145
1791423361,833014,27900,445656,93924,3704,240312,82.02465931213497
1791423367,837214,27908,445752,93924,3704,244408,81.46853146853147
1791423373,832058,27732,444872,93924,3704,240312,84.36489109337934
1791423379,831954,27584,444916,93924,3704,240312,75.15151515151514
1791423385,836114,27596,444964,93924,3704,244412,75.57963163596966
1791423391,832806,27864,445356,93924,3704,240444,79.9306458604248
1791423396,832506,27620,445300,93924,3704,240444,77.55012117206434
1791423402,832266,27376,445304,93924,3704,240444,74.97865072587531
1791423408,832126,27204,445340,93924,3704,240440,72.9175752289577
1791423414,833618,28036,446124,93924,3704,240312,74.85380116959064
1791423420,832846,27752,445636,93924,3704,240312,75.54395126196692
1791423426,832646,27612,445576,93924,3704,240316,71.71348917006219
1791423432,833130,28152,445524,93924,3704,240312,85.42492294143548
1791423438,832702,27544,445576,93924,3704,240440,84.0725365960236
1791423443,832398,27364,445580,93924,3704,240312,75.22855898998694
1791423449,833482,28152,445740,93924,3704,240444,73.21045863694813
1791423455,833086,27344,446156,93924,3704,240444,85.05499245201639
1791423461,839554,28836,446800,93924,3912,244540,71.33976420150053
1791423467,834242,27948,446520,93924,3912,240316,76.78763152243934
1791423473,834050,27780,446368,93924,3912,240444,76.215391323305
1791423479,834014,27784,446460,93924,3912,240312,75.20769567118496
1791423485,834862,28100,446992,93924,3912,240312,72.14532871972318
1791423491,833274,27276,446360,93924,3912,240184,83.57945779149217
1791423497,838410,27628,446916,93924,3912,244408,78.27017769214301
1791423502,833946,27580,446464,93924,3912,240444,75.83834909716252
1791423508,834766,28032,446836,93924,3912,240440,72.36268526591107
1791423514,834246,27572,446772,93924,3912,240444,76.44521138912856
1791423520,835670,27488,448412,93924,3912,240312,76.01112775518939
1791423526,835638,27528,448340,93924,3912,240312,71.11111111111111
1791423532,841042,28304,448868,93924,3912,244412,81.37961143855054
1791423538,840950,28116,448968,93924,3912,244408,76.38103523270988
1791423544,836474,27972,448860,93924,3912,240184,77.1233178910214
1791423549,840078,27668,448420,93924,3912,244536,74.58773784355179
1791423556,836778,28180,448700,93924,3912,240440,72.08121827411168
1791423561,836250,28184,448144,93924,3936,240440,84.47859495060374
1791423567,837986,29420,448108,93924,3936,240980,77.6341730558598
1791423573,836970,28504,448388,93924,3852,240724,77.11882682769031
1791423579,836566,29212,447948,93924,3852,240052,78.56517935258093
1791423585,837194,29496,448156,93924,3852,240184,83.98950131233596
1791423591,839558,29108,449496,93924,3852,241596,75.29618253620008
1791423597,838862,28640,449272,93924,3852,241596,72.3817749946016
1791423602,839066,28576,449408,93924,3852,241724,72.22581340228399
1791423608,839182,28688,449544,93924,3852,241592,84.81176979662483
1791423614,839150,28608,449464,93924,3852,241724,69.70023722234203
1791423620,839030,28708,449520,93924,3828,241468,74.45476139062838
1791423626,839002,28736,449596,93924,3828,241336,74.57627118644068
1791423632,839018,28976,449372,93924,3828,241336,78.31560668547863
1791423638,839510,29304,449536,93924,3828,241336,81.02345415778251
1791423644,839158,28880,449504,93924,3812,241464,80.74866310160428
1791423650,839226,28776,449640,93924,3748,241596,75.24157182735667
1791423655,839166,28968,449264,93924,3748,241724,77.3691042838598
1791423661,838906,28988,449112,93924,3748,241596,78.78524945770064
1791423667,837506,27476,449096,93924,3748,241724,73.16861725184222
1791423673,837990,27836,449348,93924,3748,241592,78.44155844155844
1791423679,837478,27412,449260,93924,3748,241596,81.67905553126367
1791423685,837690,27804,449080,93924,3748,241596,72.46252676659529
1791423691,837902,27824,449144,93924,3748,241724,74.10926365795724
1791423697,837498,27484,449208,93924,3748,241596,68.98349261511729
1791423703,837686,27640,449236,93924,3748,241596,82.57952824064056
1791423709,837546,27500,449240,93924,3748,241592,71.08407560286769
1791423714,837498,27968,448596,93924,3748,241724,72.61776726177672
1791423720,838518,28560,449020,93924,3748,241724,76.81254082299151
1791423726,836706,27136,448764,93924,3748,241596,71.1798839458414
1791423732,837262,27316,449140,93924,3748,241596,71.1304347826087
1791423738,837434,27784,448712,93924,3748,241728,78.39371453513749
1791423744,837082,27360,449048,93924,3748,241464,69.6405370290169
1791423750,837150,27352,449120,93924,3748,241468,75.72649572649573
1791423756,837178,27588,449044,93924,3748,241336,69.8206956146036
1791423762,837526,27576,449140,93924,3748,241596,80.26115342763875
1791423768,838586,27512,450012,93924,3748,241852,79.98319680739341
1791423773,839362,28292,450140,93924,3748,241720,72.53975075204126
1791423779,839834,28860,450172,93924,3748,241592,71.80370210934137
1791423785,839750,29184,449764,93924,3748,241592,76.60690861390468
1791423791,840270,29008,450456,93924,3748,241592,73.0744196137991
1791423797,839674,28532,450208,93924,3748,241724,79.5280751584007
1791423803,840170,28916,450196,93924,3748,241848,74.69458987783595
1791423809,840694,29348,450412,93924,3748,241720,78.60073418268193
1791423815,844522,29088,450280,93924,3748,245944,68.5323648792993
1791423821,840666,29048,450416,93924,3748,241976,75.24583155194527
1791423827,840886,28988,450564,93924,3748,242104,75.53722596049491
1791423832,840710,28808,450436,93924,3748,242240,79.91313789359393
1791423838,840910,29020,450428,93924,3748,242236,80.0
1791423844,840022,28624,450188,93924,3748,241980,75.14002585092634
1791423850,839786,28488,450212,93924,3748,242108,78.02749290857517
1791423856,845146,29592,450368,93924,3748,246208,75.46844712470386
1791423862,840466,28848,450368,93924,3772,242236,80.70953436807096
1791423868,840818,29176,450396,93924,3772,242236,75.4519712480941
1791423874,839302,27604,450448,93924,3772,242236,70.43045641358425
1791423879,841962,27188,452200,93924,3772,243564,71.58171078538614
1791423885,842150,27848,451732,93924,3896,243436,73.13497197067701
1791423891,842702,27836,452200,93924,3916,243436,75.18992836987194
1791423897,841858,27492,451704,93924,3916,243436,73.31301697866782
1791423903,846218,27584,451868,93924,3916,247540,82.95010845986985
1791423909,848870,28808,453296,93924,3916,247536,78.59161051945229
1791423915,843238,28576,451868,93924,3916,243568,74.85480748548075
1791423920,843878,28916,452196,93924,3892,243568,78.10752688172043
1791423926,845094,29164,453036,93924,3892,243696,83.09430682312038
1791423932,843938,28388,452788,93924,3892,243564,78.98423817863399
1791423938,843718,28412,452672,93924,3892,243436,85.67092998048992
1791423944,844602,29092,452880,93924,3892,243432,75.89000213174162
1791423950,847070,29316,453468,93924,3892,245088,79.03190319031903
1791423956,850678,29176,453116,93924,3892,249184,79.03364969801552
1791423962,850070,30100,455832,93924,3876,244960,78.23834196891191
1791423968,846366,28848,453380,93924,3876,244960,81.17697966248377
1791423973,846222,28972,453116,93924,3876,244956,77.66486486486487
1791423979,846366,28940,453160,93924,3876,245088,76.61626123164584
1791423985,846874,29256,453480,93924,3876,244960,81.702859600086
1791423991,846814,29600,453256,93924,3668,245092,74.80383609415867
1791423997,849962,29180,452860,93924,3668,249056,76.414273281114
1791424003,849242,30712,453748,93924,3668,245912,85.22875816993464
1791424009,850502,28112,453488,93924,3692,250008,84.60207612456747
1791424015,846742,28112,453572,93924,3692,246168,76.89021785561727
1791424021,846434,27828,454080,93924,3692,245636,85.24878907970057
1791424026,844718,27464,453276,93924,3692,245092,81.12432432432432
1791424032,844566,27268,453404,93924,3724,244960,78.64348572655076
1791424038,845934,27532,454376,93924,3724,245088,70.95381959430298
1791424044,845138,27384,453860,93924,3724,244960,79.41176470588235
1791424050,844890,27468,453656,93924,3724,244832,71.89060125895377
1791424056,844658,27696,453068,93924,3724,244960,71.83462532299741
1791424062,844502,27524,453084,93924,3724,244960,69.19758412424504
1791424068,844734,27680,453180,93924,3700,244960,77.64505119453925
1791424074,844042,27396,452772,93924,3700,244964,72.16093445814407
1791424080,843994,27316,452808,93924,3700,244960,72.20655239748318
1791424085,844890,27732,453156,93924,3700,245088,82.85345938977224
1791424091,845022,27832,453188,93924,3700,245088,78.19548872180451
1791424097,845190,27820,453364,93924,3700,245092,68.20758831225469
1791424103,844146,27256,453016,93924,3700,244964,77.15648027741656
1791424109,844114,27588,452972,93924,3488,244960,75.9504670866826
1791424115,844670,28204,452908,93924,3488,244964,74.16990081931867
1791424121,849802,29096,454736,93924,3488,247372,75.94278283485045
1791424127,848258,27760,454664,93924,3488,247244,76.79306608884073
1791424133,847718,27352,454512,93924,3504,247244,78.69138495092693
1791424138,852426,27692,454612,93924,3632,251340,73.10255858955064
1791424144,847914,28156,454772,93924,3632,246172,74.22145328719724
1791424150,845770,27300,454564,93924,3632,245092,73.32326935518654
1791424156,847590,27216,454420,93924,3632,247144,69.53513513513514
1791424162,845962,27468,454720,93924,3632,244964,76.48351648351648
1791424168,850154,27692,454468,93924,3632,249184,81.08925869894101
1791424174,845982,27520,454560,93924,3632,245092,70.85763663858285
1791424180,846290,27552,454960,93924,3632,244964,71.37420718816068
1791424186,846358,27744,454788,93924,3676,244960,76.94289394589953
1791424192,846062,27416,454928,93924,3680,244832,73.58897027143473
1791424198,845390,27320,454356,93924,3680,244832,80.50205583207098
1791424204,845958,27196,454792,93924,3680,245088,78.6197859794715
1791424209,846794,27772,455044,93924,3680,245092,74.29317094388864
1791424215,845978,27116,454892,93924,3680,245088,70.84233261339092
1791424221,846550,27516,455060,93924,3680,245088,71.20954003407155
1791424227,846178,27476,454860,93924,3680,244960,74.21276595744682
1791424233,846134,27240,455048,93924,3680,244960,71.14210985178727
1791424239,846762,27328,455592,93924,3680,244960,77.92547395946829
1791424245,850846,27456,455496,93924,3648,249056,76.12456747404845
1791424251,846934,27580,455432,93924,3648,245088,72.19088937093275
1791424257,846486,27160,455400,93924,3648,245092,71.00694444444444
1791424262,848978,28204,456844,93924,3648,245092,71.95121951219512
1791424268,846906,27624,455404,93924,3616,245092,71.45969498910677
1791424274,846570,27348,455476,93924,3616,244960,69.07838070628767
1791424280,846470,27300,455420,93924,3616,244960,79.51910691283814
1791424286,847526,28168,455608,93924,3616,244960,68.1393372982158
1791424292,847322,27704,455868,93924,3616,244960,81.22704687837546
1791424298,847618,27464,456140,93924,3616,245224,72.96192729619273
1791424304,847194,27256,456060,93924,3616,245092,73.99741267787839
1791424310,848270,27960,456252,93924,3664,245220,72.14808437365475
1791424316,851750,27480,455980,93924,3668,249444,79.05070118662351
1791424322,848678,28056,456408,93924,3672,245352,79.38144329896907
1791424328,848202,27776,456088,93924,3672,245480,73.88646288209607
1791424333,848502,27756,456532,93924,3672,245352,80.22574343390492
1791424339,847658,27352,456096,93924,3672,245352,76.46932185145317
1791424345,851622,27312,456136,93924,3672,249316,76.40352764035276
1791424351,847922,27384,456456,93924,3672,245220,77.03703703703704
1791424357,848006,27492,456436,93924,3672,245220,81.47986942328617
1791424363,847838,27536,456220,93924,3672,245224,74.61773700305811
1791424369,849930,27464,458284,93924,3648,245348,73.41337907375643
1791424375,850042,27488,458496,93924,3648,245220,72.79014480224768
1791424381,849510,27184,458272,93924,3648,245220,78.81264788126478
1791424386,851306,27468,459352,93924,3648,245648,83.84582070160242
1791424392,851978,28044,459444,93924,3660,245644,75.46840958605664
1791424398,851850,28116,459372,93924,3660,245516,77.99827437446073
1791424404,851638,28224,459184,93924,3660,245384,77.72108843537416
1791424411,853342,29056,459928,93924,3660,245512,79.55625990491284
1791424416,852790,28268,460032,93924,3660,245644,72.15958369470945
1791424422,855454,28408,461272,93924,3660,246924,73.49265511949133
1791424428,855430,28576,461084,93924,3660,246924,73.81460914139257
1791424434,855618,28620,461340,93924,3664,246796,80.94820017559262
1791424440,859930,28552,461628,93924,3664,250892,78.22528537583459
1791424446,855138,28380,461104,93924,3664,246796,79.81240673630356
1791424452,855086,28572,460988,93924,3664,246668,71.0377768128528
1791424458,855706,28740,461160,93924,3680,246924,80.40113363854371
1791424464,855474,28748,461048,93924,3680,246796,79.87684187376291
1791424469,855802,28808,461312,93924,3680,246796,77.73209262064488
1791424475,855982,28852,461296,93924,3696,246924,72.17151347909149
1791424481,855634,28812,460984,93924,3696,246928,75.40552389302937
1791424487,856454,29280,461292,93924,3728,246924,72.27467811158799
1791424493,863122,29016,462228,93924,3728,252920,76.22317596566523
1791424499,858114,27808,462396,93924,3728,248952,73.41337907375643
1791424505,857530,27376,462116,93924,3728,249080,80.08574490889603
1791424511,857554,28128,462052,93924,3728,248416,73.93939393939394
1791424517,855850,27852,462244,93924,3728,246796,79.75406236275802
1791424523,855246,27476,462020,93924,3728,246796,84.21962818849978
1791424529,855958,27780,462296,93924,3728,246924,76.00867678958785
1791424534,856026,27676,462468,93924,3728,246924,70.83784368911019
1791424540,857458,27532,463020,93924,3728,247952,74.44659359552976
1791424546,858582,28240,463436,93924,3728,247948,72.91666666666666
1791424552,858570,28248,463412,93924,3728,247952,72.53796095444686
1791424558,859218,28616,463028,93924,3728,248620,76.41025641025641
1791424564,858274,28084,462872,93924,3728,248360,82.8651082993781
1791424570,857306,27468,462524,93924,3728,248360,72.11120764552564
1791424576,857998,27876,462632,93924,3760,248488,72.39740820734342
1791424582,857518,28056,462644,93924,3760,247816,73.99532213480757
1791424588,858114,28708,462708,93924,3760,247692,84.3103448275862
1791424594,858882,29096,462832,93924,3760,247948,71.91589787599227
1791424600,859174,28652,463188,93924,3760,248332,76.99611566681052
1791424605,858974,28612,463000,93924,3784,248332,72.9952319029042
1791424611,859430,28684,463256,93924,3784,248460,74.95086263376282
1791424617,858622,28116,463148,93924,3784,248332,73.50315697801003
1791424623,859322,28796,463164,93924,3784,248332,77.23418134377039
1791424629,859178,28684,463132,93924,3784,248332,72.1425467188179
1791424635,859386,28876,463152,93924,3784,248332,76.09967497291441
1791424641,859838,29176,463468,93924,3672,248332,71.83958151700087
1791424646,859162,28984,462988,93924,3672,248332,74.08041060735671
1791424652,858962,28592,463052,93924,3672,248460,72.71164589600345
1791424658,858998,28596,463208,93924,3672,248332,79.4226984474087
1791424664,858882,28772,463048,93924,3672,248204,77.78738115816768
1791424670,862370,30700,464372,93924,3648,248460,88.40642640034737
1791424676,861118,30052,463328,93924,3664,248876,74.38686287054809
1791424682,858570,27552,463276,93924,3664,248876,80.94285078941516
1791424688,860386,28324,464192,93924,3664,249008,74.51150673035171
1791424694,859062,27664,463528,93924,3664,249008,71.30774235523748
1791424699,858630,27652,463652,93924,3664,248464,69.35622317596567
1791424705,858946,27428,464192,93924,3664,248464,73.10255858955064
1791424711,858938,27456,464164,93924,3664,248460,70.6904038211029
1791424717,858866,27416,464256,93924,3664,248332,72.44231606443186
1791424723,860030,27856,464980,93924,3664,248332,82.49194414607949
1791424729,860338,28020,464996,93924,3664,248460,82.29166666666666
1791424735,863770,27604,464748,93924,3664,252560,71.50259067357513
1791424741,860474,28080,465072,93924,3664,248460,76.16557734204792
1791424747,859930,27848,464932,93924,3632,248336,76.03377354405715
1791424753,859330,27400,464784,93924,3632,248336,74.23035522066739
1791424758,859354,27340,464744,93924,3632,248460,67.72668672110012
1791424764,860346,27696,464836,93924,3656,248976,75.54479418886199
1791424770,860110,27540,464756,93924,3656,248976,73.11920672558742
1791424776,860046,27768,464592,93924,3656,248852,83.56643356643356
1791424782,860026,27760,464720,93924,3476,248976,82.14904679376083
1791424788,859726,27812,464568,93924,3524,248716,76.10697062691801
1791424794,860166,27880,464928,93924,3524,248716,71.46314631463146
1791424799,860042,27804,464520,93924,3600,248980,68.47779215178956
1791424805,860450,27680,465052,93924,3600,248976,83.06486721811058
1791424811,863394,27268,464296,93924,3604,253072,78.57602401887198
1791424818,860314,27984,464724,93924,3604,248848,73.47842124677241
1791424824,864902,28004,465088,93924,3580,253072,77.06497233039558
1791424830,861294,27764,465056,93924,3580,249488,73.5533647663952
1791424836,860722,27348,464900,93924,3580,249488,74.64607464607465
1791424842,862310,28244,465588,93924,3580,249488,71.193589202868
1791424848,861290,27860,464956,93924,3580,249488,78.30070803831737
1791424855,861354,27676,465200,93924,3580,249488,72.46921310791066
1791424861,861054,27624,464956,93924,3580,249488,72.13255863998278
1791424867,865366,27716,465076,93924,3580,253584,68.0421052631579
1791424873,865034,27712,464836,93924,3612,253452,74.8021657642649
1791424879,860718,27472,464852,93924,3612,249360,71.66236003445306
1791424885,860634,27420,464824,93924,3612,249356,73.52941176470588
1791424891,862770,28000,466376,93924,3612,249356,81.98757763975155
1791424897,862426,27712,466188,93924,3612,249488,74.77438762354963
1791424903,863350,28420,466404,93924,3612,249488,71.05921601334445
1791424910,864218,29144,466080,93924,3660,249896,76.4087870105062
1791424916,862474,27592,466008,93924,3660,249768,73.95234182415777
1791424922,862910,27744,466160,93924,3660,249896,74.42244224422441
1791424928,862854,28032,465956,93924,3660,249760,80.61119141028288
1791424934,862282,27624,466060,93924,3660,249488,75.69543147208122
1791424941,862706,28116,466092,93924,3676,249364,81.26340417235328
1791424947,862206,27556,466032,93924,3676,249488,74.9948717948718
1791424953,862278,27576,466080,93924,3676,249492,71.66666666666667
1791424960,863326,27604,466340,93924,3676,250252,71.6630413288511
1791424966,868646,28184,466848,93924,3676,254480,72.9294935451837
1791424972,868322,27980,466596,93924,3676,254612,73.34719334719335
1791424979,867738,29388,466928,93924,3692,252264,72.094468614046
1791424984,865786,27664,466832,93924,3692,252132,79.96553209823351
1791424990,869698,27608,466704,93924,3692,256228,73.65024736502474
1791424996,864914,27580,466848,93924,3692,251328,83.09430682312038
1791425002,863902,27552,466804,93924,3692,250388,73.80901056262125
1791425008,863318,27228,466552,93924,3692,250384,78.5543217940344
1791425014,864458,28036,466752,93924,3692,250512,80.64027687648712
1791425020,864382,27660,466924,93924,3692,250640,79.96538295110341
1791425026,865122,28128,467280,93924,3724,250508,70.93681917211329
1791425032,864142,27292,467008,93924,3724,250640,73.47116430903155
1791425037,864554,27588,466992,93924,3724,250768,72.02572347266882
1791425043,864366,27360,467028,93924,3724,250772,72.25244831338411
1791425049,864746,27500,467264,93924,3724,250772,71.33976420150053
1791425055,864238,27236,467156,93924,3724,250640,77.11882682769031
1791425061,864838,27740,467356,93924,3748,250508,73.16341829085458
1791425067,864750,27656,467092,93924,3748,250768,83.07826847398339
1791425073,868786,27760,467060,93924,3748,254732,72.09705372616985
1791425079,865438,28032,467532,93924,3748,250640,75.59190701678864
1791425085,864550,27564,467112,93924,3748,250640,73.38972023422251
1791425091,865130,27404,467996,93924,3652,250644,80.67517853278511
1791425096,865246,27644,467924,93924,3444,250900,79.57582184517497
1791425102,864826,27368,467912,93924,3444,250768,72.6959517657192
1791425108,864818,27436,467832,93924,3444,250772,72.37122179650916
1791425114,865338,27868,467924,93924,3444,250768,74.25149700598801
1791425120,864802,27456,467804,93924,3444,250768,76.04234175847915
1791425126,866418,28396,468444,93924,3476,250768,84.32900432900433
1791425132,865374,27660,468140,93924,3560,250640,73.53760445682451
1791425138,865150,27676,467996,93924,3564,250508,71.50259067357513
1791425144,865390,27888,468024,93924,3564,250508,70.66353744399403
1791425150,866290,27924,468588,93924,3596,250768,73.17179655097141
1791425156,864998,27412,467940,93924,3596,250640,70.6340618913655
1791425162,869634,27828,468056,93924,3596,254736,69.38239159001314
1791425167,865878,27344,468748,93924,3596,250768,73.25755951104439
1791425173,865894,27480,468632,93924,3596,250768,71.4938030006523
1791425179,866018,27444,468792,93924,3596,250768,70.19982623805386
1791425185,865582,27132,468796,93924,3596,250640,71.06863596872284
1791425191,869646,27280,469956,93924,3596,253392,72.3817749946016
1791425197,869678,27884,469520,93924,3596,253260,74.89063867016623
1791425203,870378,28548,469552,93924,3596,253264,75.83262169086251
1791425209,870382,28404,469568,93924,3596,253396,73.59721618094824
1791425215,870958,28908,469768,93924,3596,253264,74.4739638682253
1791425221,870346,28380,469556,93924,3596,253392,72.60125622698722
1791425226,870478,28512,469560,93924,3596,253392,73.4375
1791425232,870462,28560,469624,93924,3596,253264,78.34696513129575
1791425238,870350,28400,469544,93924,3596,253392,72.7427597955707
1791425244,870794,28188,470200,93924,3596,253392,75.18732605437808
1791425250,870534,27984,470272,93924,3596,253264,74.37800087298123
1791425256,871682,28392,470720,93924,3708,253392,76.30662020905923
1791425262,871246,28680,470248,93924,3708,253136,74.36177176521929
1791425268,871442,28456,470664,93924,3708,253136,76.22362410267566
1791425274,872218,28840,470928,93924,3708,253264,79.93138936535163
1791425279,872454,29048,470956,93924,3708,253264,76.55669652610881
1791425285,872494,29200,470720,93924,3708,253392,75.48470486859112
1791425291,874642,30488,471576,93924,3708,253392,76.16580310880829
1791425297,874450,28388,471252,93924,3772,255544,75.07585609016039
1791425303,874202,27808,471696,93924,3772,255420,79.35153583617748
1791425309,876102,28640,472764,93924,3772,255416,79.26669576604102
1791425315,874170,28268,472152,93924,3772,254468,78.5792589344442
1791425321,872734,28168,471892,93924,3772,253392,79.29978118161925
1791425327,873118,28576,471868,93924,3772,253392,78.30826248092436
1791425332,876238,28960,472580,93924,3772,255416,75.89611504614724
1791425338,874390,27592,471972,93924,3772,255544,76.84301821335646
1791425344,874046,27548,471672,93924,3772,255544,72.22699914015477
1791425350,873186,27556,471996,93924,3788,254336,78.79310344827586
1791425356,871846,27508,471776,93924,3788,253264,77.43589743589745
1791425362,871598,27436,471580,93924,3812,253260,71.49009474590869
1791425368,871710,27556,471564,93924,3812,253268,72.68018990073371
1791425374,875666,27412,471444,93924,3812,257492,73.5351775212372
1791425380,876006,27708,471616,93924,3812,257360,75.10274713389575
1791425386,871494,27536,471496,93924,3812,253136,72.3514211886305
1791425391,871634,27488,471680,93924,3812,253136,79.17489576475751
1791425397,871830,27500,471736,93924,3812,253264,75.72519083969466
1791425403,873974,28192,473316,93924,3812,253136,67.63494472143941
1791425409,871610,27552,471600,93924,3812,253132,79.23159018143011
1791425415,875778,27360,471860,93924,3812,257232,71.77505902554196
1791425421,871714,27372,471876,93924,3812,253136,73.449989198531
1791425427,876722,28104,472208,93924,3788,257104,71.13024757804091
1791425433,871782,27428,471792,93924,3788,253260,72.236727589208
1791425439,874078,27708,473804,93924,3788,253260,73.10614282613415
1791425444,873878,27692,473760,93924,3692,253264,79.31563939460408
1791425450,874730,28420,473888,93924,3692,253260,75.70815450643777
1791425456,874350,28624,473640,93924,3468,253260,73.48173762697212
1791425462,873562,28316,473284,93924,3468,253136,76.46806686669524
1791425468,873538,28304,473276,93924,3468,253136,75.23892267593398
1791425474,873550,28624,472968,93924,3468,253136,73.47994825355757
1791425480,873414,28584,472744,93924,3468,253264,73.74301675977654
1791425486,873682,28584,473016,93924,3468,253260,77.52541639627947
1791425492,873122,28492,472804,93924,3468,253004,74.09021573327522
1791425498,873542,28348,473040,93924,3524,253260,73.29299913569577
1791425503,874030,28660,473188,93924,3532,253264,71.42239515780372
1791425509,874942,29124,473500,93924,3624,253264,74.89658175484433
1791425515,873674,28372,472976,93924,3628,253264,73.8355870358446
1791425521,873342,28220,473052,93924,3628,253004,70.72111207645526
1791425527,874338,28952,473184,93924,3628,253136,73.25383304940375
1791425533,877546,28408,472972,93924,3628,257104,73.43244990303813
1791425539,873618,28460,472960,93924,3628,253136,75.14475659446708
1791425545,873694,28588,472908,93924,3628,253136,76.51416122004358
1791425551,873494,27916,473248,93924,3628,253264,73.92911502500543
1791425557,873294,27576,473388,93924,3628,253264,69.50477845351868
1791425562,873230,27716,473164,93924,3652,253264,74.67362924281984
1791425568,875062,28112,473760,93924,3712,254032,82.74143302180686
1791425574,879242,28192,473736,93924,3716,258128,73.24064171122996
1791425580,874882,27780,473884,93924,3716,254032,70.42617305208782
1791425586,874834,27912,473704,93924,3716,254032,73.81936887921654
1791425592,874214,27524,473472,93924,3716,254032,72.3231459713614
1791425598,874750,27588,474076,93924,3716,253900,74.38231469440832
1791425604,874826,27756,473980,93924,3716,253904,75.18279569892474
1791425610,878686,27732,473640,93924,3716,258128,71.29391602399315
1791425616,874838,28008,473740,93924,3716,253904,78.85117493472585
1791425622,878886,27800,473928,93924,3692,257996,74.39446366782006
1791425628,877990,27724,473240,93924,3692,257868,68.2051282051282
1791425633,873986,27520,473716,93924,3484,253900,71.99657973492945
1791425639,873618,27416,473324,93924,3484,254032,71.23760241483397
1791425645,873618,27416,473324,93924,3484,254032,76.54427645788337
1791425651,873654,27504,473304,93924,3468,254028,67.66428106701366
1791425657,875206,28376,474080,93924,3496,253900,73.50794332331473
1791425663,873750,27596,473268,93924,3496,254032,70.71630742434138
1791425669,873894,27748,473320,93924,3544,253900,72.82073249089741
1791425675,874314,27764,473580,93924,3548,254028,68.16608996539793
1791425681,874550,27676,473740,93924,3668,254028,72.3231459713614
1791425687,878686,27688,473868,93924,3676,258000,70.80260303687635
1791425693,874178,27380,473768,93924,3676,253900,70.7599828252469
1791425699,874598,27416,474016,93924,3676,254032,69.73656029128293
1791425704,875050,27856,474024,93924,3676,254032,77.39711269123035
1791425710,874802,27684,473948,93924,3676,254032,71.48787415337557
1791425716,874578,27564,473972,93924,3676,253904,69.20897799084767
1791425722,874030,27224,473772,93924,3676,253900,67.21524469467302
1791425728,878754,27816,473808,93924,3676,257996,73.66353916648484
1791425734,878694,27464,473964,93924,3676,258128,69.30222510261396
1791425740,874758,27484,474240,93924,3676,253900,70.52722558340537
1791425746,876530,27416,474924,93924,3676,255056,73.3594089526293
1791425751,876906,27696,475040,93924,3660,255056,72.94571980261746
1791425757,876314,27336,474808,93924,3660,255060,71.70138888888889
1791425763,876970,27940,474944,93924,3692,254932,75.93397046046915
1791425769,876886,27760,475040,93924,3692,254932,78.719723183391
1791425775,877874,27576,476344,93924,3692,254804,74.68519322622666
1791425781,877894,27500,476444,93924,3692,254800,70.44133476856835
1791425787,878958,27672,476824,93924,3692,255312,74.6597537265068
1791425793,878942,27392,476952,93924,3692,255440,71.58992180712424
1791425798,879026,27524,476904,93924,3692,255440,71.280276816609
1791425804,879294,27728,476968,93924,3692,255440,79.21635434412265
1791425810,879138,27600,476936,93924,3692,255440,80.87145969498911
1791425816,879314,27776,476936,93924,3692,255440,69.58011996572408
1791425822,878646,27312,476912,93924,3660,255312,75.14575685597063
1791425828,879982,28256,477300,93924,3660,255312,73.76734258271078
1791425834,878582,27592,476564,93924,3660,255316,79.34312878133103
1791425840,882594,27408,476668,93924,3660,259408,71.12264763140817
1791425846,878618,27412,476656,93924,3660,255440,73.49216570079416
1791425852,879022,27660,476808,93924,3660,255444,73.52750809061489
1791425858,879374,27616,477200,93924,3660,255444,76.2481089258699
1791425863,879282,27716,476808,93924,3716,255572,74.40258342303552
1791425869,880142,28028,477360,93924,3716,255568,74.2054054054054
1791425875,879254,27560,476940,93924,3716,255572,70.77794726519939
1791425881,879286,27628,477032,93924,3716,255444,71.95121951219512
1791425887,879830,28140,477040,93924,3732,255444,80.27562446167097
1791425893,885982,29336,477276,93924,3872,259948,76.86342093925033
1791425899,881514,28844,477268,93924,3872,255980,76.54588847906271
1791425905,882110,29204,477764,93924,3876,255716,79.72270363951473
1791425911,880670,28716,476960,93924,3876,255572,73.2261521972133
1791425917,881278,28836,477448,93924,3876,255568,70.3862660944206
1791425922,886126,28372,478176,93924,3852,260180,74.95187165775401
1791425928,882114,28780,477856,93924,3852,256080,82.49780123131046
1791425934,882410,29076,477856,93924,3852,256080,74.8768472906404
1791425940,882222,28556,478184,93924,3852,256080,83.35142174951162
1791425946,881942,28436,478152,93924,3852,255956,72.88540987171123
1791425952,886854,28896,478376,93924,3852,260180,74.08360128617363
1791425958,886982,29088,478440,93924,3852,260052,77.502691065662
1791425964,883866,28580,478080,93924,3852,257808,77.37991266375546
1791425970,888082,28708,478200,93924,3852,261776,76.23931623931624
1791425976,884806,29148,478448,93924,3852,257808,78.43478260869566
1791425981,884734,29252,478148,93924,3852,257936,80.84646944504426
1791425987,884994,29028,478216,93924,3852,258348,78.20457488131204
1791425993,883314,27336,478228,93924,3852,258348,74.83141179029802
1791425999,887758,27732,478312,93924,3852,262316,73.70474745285064
1791426005,883926,27836,478480,93924,3852,258208,71.62891046386191
1791426011,883534,27676,478524,93924,3852,257936,76.6789828298196
1791426017,882990,27500,478284,93924,3852,257808,71.55300616103676
1791426023,883082,27440,478440,93924,3852,257804,81.3763440860215
1791426029,883290,27516,478564,93924,3852,257808,76.47058823529412
1791426035,883382,27488,478560,93924,3852,257936,75.80401467731491
1791426040,883822,27752,478732,93924,3852,257936,82.30165649520488
1791426046,887806,27708,478668,93924,3852,262032,76.62366061666303
1791426052,887950,27744,478772,93924,3852,262032,72.44231606443186
1791426058,884682,27536,479936,93924,3852,257808,79.18029212993241
1791426064,888434,27448,479684,93924,3852,261904,82.18940052128583
1791426070,884586,27428,479820,93924,3852,257936,77.91542076035883
1791426076,884774,27536,479904,93924,3852,257932,74.68052848169808
1791426082,884950,27792,479820,93924,3852,257936,73.36860670194002
1791426087,884706,27572,479800,93924,3852,257936,85.22456064222173
1791426093,884914,27560,480016,93924,3852,257936,81.2937062937063
1791426099,884634,27432,479864,93924,3852,257936,73.60482654600303
1791426105,888574,27420,479852,93924,3852,261904,74.2499460392834
1791426111,884278,27368,479704,93924,3852,257808,72.41379310344827
1791426117,884490,27492,479812,93924,3836,257808,72.04861111111111
1791426123,884042,27444,479864,93924,3452,257936,72.63157894736842
1791426129,883982,27352,479892,93924,3452,257936,72.72727272727273
1791426134,888482,27668,479980,93924,3452,262032,72.19470170148611
1791426140,888914,27800,480140,93924,3568,262032,74.00729770336983
1791426146,884522,28128,479484,93924,3572,257936,67.62993314643089
1791426152,884338,27492,479844,93924,3720,257808,72.83816162056198
1791426158,884114,27212,479900,93924,3720,257808,73.87543252595155
1791426164,884990,28044,479916,93924,3744,257808,75.49125458864177
1791426170,885602,28636,479796,93924,3748,257936,73.11735679038833
1791426176,885082,28520,479648,93924,3748,257680,83.53552859618716
1791426182,885202,28624,479540,93924,3748,257808,74.60420733029711
1791426188,885654,28624,479864,93924,3748,257936,72.89961223610513
1791426193,885270,28344,479760,93924,3748,257936,75.15730093295726
1791426199,885630,28496,479964,93924,3748,257936,80.34858387799564
1791426205,885066,28332,479820,93924,3748,257680,71.84381778741866
1791426211,885770,28528,480328,93924,3748,257680,73.90459745305418
1791426217,885738,28876,480076,93924,3748,257552,77.61194029850746
1791426223,885842,28628,480196,93924,3724,257808,76.40449438202246
1791426229,885862,28584,480260,93924,3724,257808,71.94244604316546
1791426235,885818,28720,480208,93924,3724,257680,72.695500218436
1791426240,886874,28744,480596,93924,3724,258324,70.27843729764732
1791426246,891850,29020,481072,93924,3724,262548,80.92435142794855
1791426252,887182,28880,480768,93924,3724,258324,70.69525666016894
1791426258,886930,28672,480852,93924,3724,258192,74.69670710571924
1791426264,887998,29312,481152,93924,3724,258320,72.38012584074637
1791426270,889318,28584,481288,93924,3740,260216,77.04213241616509
1791426276,888086,27592,480912,93924,3740,260348,80.74185896053483
1791426282,888830,28124,480992,93924,3740,260476,74.85480748548075
1791426288,891702,28040,481060,93924,3740,263364,67.92616720955483
1791426293,886190,27420,481080,93924,3740,258452,71.92182410423453
1791426299,886410,27652,481072,93924,3740,258452,68.89952153110048
1791426305,886578,27404,481468,93924,3764,258448,74.7470398277718
1791426311,886250,27092,481580,93924,3764,258320,72.63226649248857
1791426317,887194,27784,481828,93924,3764,258320,75.31673219746614
1791426323,887310,27748,481852,93924,3764,258452,69.31842614491507
1791426329,887246,27640,481896,93924,3764,258452,81.28807658833769
1791426335,890210,28192,484304,93924,3764,258452,76.39484978540773
1791426341,888994,27540,483872,93924,3764,258320,72.6338329764454
1791426346,889150,27780,483784,93924,3764,258324,73.77224962470513
1791426352,889058,27504,483844,93924,3764,258452,79.62003454231433
1791426358,890222,27608,484392,93924,3764,258964,71.4441298192115
1791426364,890018,27344,484548,93924,3692,258964,76.56822591075662
1791426370,894098,27400,484600,93924,3692,262932,72.1425467188179
1791426376,890342,27684,484648,93924,3704,258836,75.30837481064705
1791426382,895218,28288,484800,93924,3708,262940,72.8213977566868
1791426388,891546,28100,485196,93924,3864,258832,73.66805525104144
1791426394,890694,27592,484848,93924,3864,258836,71.86036611323968
1791426400,890670,27496,484784,93924,3868,258964,73.59307359307358
1791426405,891702,28296,485016,93924,3868,258960,69.16524701873935
1791426411,895562,28768,485996,93924,3868,261368,75.52387124648952
1791426417,894162,27536,485832,93924,3868,261368,80.05220796171416
1791426423,893734,27244,485820,93924,3868,261244,70.0237735033499
1791426429,894374,27712,485736,93924,3868,261500,69.63249516441006
1791426435,892506,27912,485812,93928,3868,259348,75.20915896081021
1791426441,891986,27724,485484,93928,3868,259344,74.81641468682506
1791426447,895802,27480,485440,93928,3788,263572,78.15491731940818
1791426453,891346,27228,485332,93928,3788,259476,68.28639002365082
1791426458,891574,27340,485452,93928,3788,259472,73.66129734436221
1791426464,892474,28096,485588,93928,3788,259476,78.14998919386211
1791426470,895642,27500,485260,93928,3788,263572,78.33260963960052
1791426476,895790,27756,485276,93928,3788,263444,72.94727744165947
1791426482,891458,27520,485152,93928,3788,259476,80.3861342694164
1791426488,891314,27484,485044,93928,3788,259476,70.39586919104991
1791426494,892314,28112,484904,93928,3788,259984,72.58753202391118
1791426500,892778,28592,485016,93928,3788,259860,74.75813544415128
1791426505,892986,28672,485016,93924,3788,259988,87.49728201782996
1791426511,897074,28808,484872,93924,3788,264084,77.57152216641188
1791426517,892814,28672,484844,93924,3788,259988,81.14186851211073
1791426523,893134,28268,485316,93924,3788,260240,88.71493803000652
1791426529,894146,29244,485336,93924,3708,260372,84.11053540587218
1791426535,893306,28672,484944,93924,3708,260500,73.8514383855732
1791426541,893222,28652,485008,93924,3708,260372,72.86821705426357
1791426547,893238,28628,485048,93924,3708,260372,74.37056165267914
1791426553,893162,28344,485256,93924,3708,260372,71.37220517316966
1791426558,893674,28588,485524,93924,3708,260368,76.03305785123968
1791426564,893378,28536,485408,93924,3708,260240,80.4390779363337
1791426570,892858,28008,485420,93924,3708,260240,72.24252848849709
1791426576,893474,28640,485400,93924,3708,260244,74.66435686444348
1791426582,894122,28984,485576,93924,3708,260368,76.22332399223971
1791426588,894506,29412,485400,93924,3708,260500,79.40663176265271
1791426594,896474,30184,485648,93924,3708,261448,79.26988265971316
1791426600,893474,27364,485468,93924,3708,261448,77.17439293598234
1791426605,894694,27964,485932,93924,3732,261580,72.5851964401997
1791426611,894330,27336,486212,93924,3732,261568,73.77969762419006
1791426617,894470,27940,486296,93924,3732,261020,77.15648027741656
1791426623,893418,27284,486028,93924,3732,260892,81.22004357298475
1791426629,894186,28188,486016,93924,3732,260764,77.89745799224472
1791426635,893886,27796,486108,93924,3732,260764,74.19986936642718
1791426641,893750,27596,486044,93924,3732,260896,75.57840616966581
1791426647,893810,27520,486176,93924,3732,260896,76.67676330592818
1791426652,894666,27324,487100,93924,3732,261024,80.83080917351796
1791426658,894466,27364,486996,93924,3732,260892,71.63409920549711
1791426664,894930,27656,487136,93924,3660,261020,77.41375569537861
1791426670,894450,27364,487076,93924,3660,260892,71.18423901277333
1791426676,895078,27528,486896,93924,3660,261536,74.04530744336569
1791426682,894934,27628,486784,93924,3660,261404,74.6920250702399
1791426688,894726,27524,486680,93924,3660,261404,78.48266841072596
1791426694,894886,27648,486680,93924,3692,261408,78.9103690685413
1791426700,894898,27352,486848,93924,3692,261536,73.72247166987384
1791426705,894718,27352,486764,93924,3628,261536,73.81108919570458
1791426711,894614,27324,486692,93924,3628,261536,74.12195647489766
1791426717,899802,28396,486712,93924,3628,265632,78.26657912015759
1791426723,894770,27584,486636,93924,3688,261404,73.96845971052063
1791426729,895874,28332,486948,93924,3708,261408,71.90424374319913
1791426735,895266,27812,486860,93924,3708,261408,69.45282205945713
1791426741,895706,28024,486964,93924,3708,261532,72.69557637829593
1791426747,895154,27540,486896,93924,3708,261536,67.11120671112067
1791426752,895530,27988,486864,93924,3676,261532,71.57534246575342
1791426758,898674,28552,487624,93924,3676,263356,73.74542321774715
1791426764,898142,27960,487680,93924,3676,263356,74.47036165204366
1791426770,902526,28056,487868,93928,3676,267452,73.73029772329247
1791426776,897174,27284,487784,93928,3676,262960,81.86619718309859
1791426782,898530,28968,487732,93928,3676,262684,76.3060914805983
1791426788,898446,28776,487708,93928,3676,262812,71.93174360096259
1791426794,903354,29140,488280,93928,3676,266784,70.87734425522741
1791426799,898758,28680,488112,93928,3676,262816,75.7201646090535
1791426805,898962,29076,487920,93928,3676,262816,71.8716577540107
1791426811,898746,28900,487880,93928,3676,262816,77.0752688172043
1791426817,899210,28844,487888,93928,3676,263328,74.13194444444444
1791426823,899214,28828,488036,93928,3676,263200,76.09029147490686
1791426829,898814,28796,487668,93928,3676,263200,69.24749891257068
1791426835,898422,28820,487500,93940,3676,262940,78.28534314786751
1791426841,898582,28732,487620,93940,3676,263068,72.34873129473
1791426847,898738,28548,487824,93940,3676,263200,72.47507585609017
1791426852,898466,28384,487720,93940,3676,263200,69.53543138514236
1791426858,899122,28836,487924,93940,3676,263196,70.18458197611292
1791426864,898114,28532,487688,93940,3452,263068,69.31842614491507
1791426870,899070,29232,487820,93940,3572,263068,76.42980935875217
1791426876,902030,30020,489548,93940,3740,263200,87.41092636579573
1791426882,906514,30164,489796,93940,3740,267292,86.71755725190839
1791426888,904290,31180,490516,93940,3740,263328,78.93835616438356
1791426894,906434,31996,491972,93940,3740,263200,80.93587521663778
1791426899,902974,29748,490632,93940,3740,263328,71.931330472103
1791426905,905178,30732,490748,93940,3764,264408,81.29088530309639
1791426911,906090,30832,490748,93940,3764,265220,84.3809929682506
1791426917,906230,30296,491428,93940,3764,265220,90.1213171577123
1791426923,906246,30620,491252,93940,3764,265084,89.15819086777755
1791426929,901122,28452,490308,93940,3764,263072,80.6310254163015
1791426935,900834,28220,490212,93940,3796,263072,77.48645720476706
1791426941,900926,28156,490244,93940,3796,263196,79.38663745892661
1791426946,901450,28656,490392,93940,3796,263068,76.22362410267566
1791426952,900926,28200,490200,93940,3796,263196,84.118291347207
1791426958,900810,27988,490420,93940,3796,263068,78.52972972972972
1791426964,901306,28236,490696,93940,3772,263068,78.51915626345243
1791426970,901194,28504,490312,93940,3772,263072,76.89655172413794
1791426976,901370,28716,490280,93940,3772,263068,81.41515614763048
1791426982,901294,28200,490592,93940,3772,263196,75.54098360655738
1791426987,902806,29164,491136,93940,3772,263196,82.52740167633785
1791426993,902054,28700,490848,93940,3772,263196,85.91885441527445
1791426999,903558,28324,492232,93940,3772,263692,80.52401746724891
1791427005,904240,28828,492432,93940,3772,263692,93.35634167385678
1791427011,904664,29188,492492,93940,3772,263696,80.13906996957844
1791427017,904168,28788,492140,93940,3772,263952,81.27594494210182
1791427023,904056,28680,492136,93940,3772,263952,80.0
1791427028,904268,28928,492228,93940,3772,263824,79.55036748811068
1791427034,904386,28760,492364,93940,3772,263952,75.72731220147634
1791427040,904254,28828,492164,93940,3772,263952,85.32188841201716
1791427046,903794,28608,492056,93940,3772,263824,72.66360253884876
1791427052,907802,28476,492100,93940,3772,267920,78.40416305290546
1791427058,903994,28812,492052,93940,3772,263824,80.6896551724138
1791427064,903602,28692,491912,93940,3772,263692,72.21750212404417
1791427070,904290,29120,492040,93940,3772,263824,73.85692408663313
1791427076,904898,29508,492260,93940,3772,263820,71.04919460165434
1791427082,905642,30244,492136,93940,3772,263948,76.17383708233238
1791427087,908114,31908,492940,93940,3772,263952,94.95652173913044
1791427093,909194,31076,493548,93940,3772,265256,92.31442960367856
1791427099,905502,28324,492608,93940,3772,265260,78.74489576617236
1791427105,905406,28332,493032,93940,3772,264732,74.42265795206971
1791427111,908874,28304,492704,93940,3772,268556,74.325500435161
1791427117,907194,28496,494672,93940,3772,264716,78.9127575624726
1791427123,907754,28812,494916,93940,3772,264716,76.58089838639337
1791427129,907262,28840,494648,93940,3772,264464,77.16433941997852
1791427134,911134,28360,494648,93940,3772,268816,75.98442232799654
1791427140,907606,28844,494732,93940,3772,264720,82.52740167633785
1791427146,907578,28712,494836,93940,3772,264720,72.72727272727273
1791427152,907842,29024,494920,93940,3772,264592,77.2425604795547
1791427158,908674,30236,494536,93940,3772,264592,90.53318824809575
1791427164,908674,30036,494736,93940,3772,264588,93.8934603724556
1791427170,906778,28596,494412,93940,3772,264464,78.9439515256438
1791427176,906678,28412,494372,93940,3772,264588,76.52173913043478
1791427182,907058,28616,494544,93940,3772,264588,71.65751920965971
1791427187,907522,28652,494844,93940,3772,264716,71.26436781609196
1791427193,906630,28292,494444,93940,3772,264588,80.68817204301075
1791427199,908230,28228,496100,93940,3772,264592,75.1770006436387
1791427205,908862,28848,496096,93940,3796,264588,72.08602150537634
1791427211,908930,28940,496064,93940,3796,264592,74.72621859566244
1791427217,909234,29136,496044,93940,3796,264720,73.98547629218282
1791427223,909834,29372,496280,93940,3796,264848,74.88192357234865
1791427229,912730,31432,497244,93940,3796,264720,89.35336381450033
1791427234,914014,28872,496992,93940,3796,268816,77.16262975778547
1791427240,909734,28680,497004,93940,3796,264720,77.96830909485566
1791427246,914278,29160,497088,93940,3796,268696,81.81041844577285
1791427252,912470,30016,498140,93940,3796,264976,86.85224839400428
1791427258,911570,28868,498384,93940,3796,264976,83.06878306878306
1791427264,915482,29096,498132,93940,3772,268944,76.47820457488132
1791427270,911214,28868,498316,93940,3772,264720,81.1002661934339
1791427276,911622,29152,498436,93940,3772,264720,84.52302990613403
1791427281,912302,29364,498648,93940,3772,264976,79.75513773502405
1791427287,917278,30216,498676,93940,3772,269072,86.31716336741353
1791427293,911634,28884,498584,93940,3772,264848,85.7454704213054
1791427299,911874,29004,498788,93940,3820,264720,84.93269648284846
1791427305,917234,30060,498856,93940,3824,268944,87.12522045855378
1791427311,912826,29864,498708,93940,3832,264848,82.42632824263283
1791427317,918694,31624,498716,93940,3836,268944,93.6703391661266
1791427323,912286,29440,498712,93940,3836,264720,82.75862068965517
1791427328,911946,28744,498820,93940,3836,264976,80.49426301853487
1791427334,913690,30180,499256,93940,3836,264844,78.24213700990951
1791427340,911442,28576,498616,93940,3836,264844,72.96703296703296
1791427346,915266,28428,498620,93940,3836,268812,74.60144136274296
1791427352,911094,28328,498644,93940,3836,264716,77.07466608276768
1791427358,915798,28688,498888,93940,3836,268812,70.10044881384911
1791427364,914030,30740,499160,93940,3836,264716,95.2339117065671
1791427370,914454,29672,499072,93940,3836,266296,90.85339168490152
1791427375,913818,28896,499088,93940,3836,266424,86.31070094484728
1791427381,912770,28680,498388,93940,3836,266296,74.85380116959064
1791427387,912370,28000,498660,93940,3836,266300,72.42582897033158
1791427393,916194,27864,498400,93940,3836,270524,74.43059733562527
1791427399,913566,29212,498644,93940,3836,266300,75.1157152303284
1791427405,913262,28732,498820,93940,3836,266300,73.49703640982219
1791427411,912698,28348,498640,93940,3836,266300,76.93307342430148
1791427417,913790,28824,499000,93940,3836,266556,76.17391304347827
1791427423,694146,29512,356420,93940,3860,188780,84.3489697501096
1791427428,687586,29228,350032,93940,3860,188908,75.35349140743963
1791427434,683929,28796,351140,93940,3860,184576,80.45474420638391
1791427440,685841,29252,351764,93940,3860,185408,80.15581043064272
1791427446,682929,27588,350388,93940,3860,185536,76.30662020905923
1791427452,683837,27848,350648,93940,3860,185924,74.05812701829925
1791427458,683957,27860,350628,93940,3860,186052,77.84535186794092
1791427464,683581,27828,350284,93940,3860,186052,72.63339070567987
1791427469,683049,27368,350216,93940,3860,186052,78.7027027027027
1791427475,683201,27580,350156,93940,3860,186052,73.73431414971874
1791427481,675581,27792,350684,93940,3836,177712,77.90197764402407
1791427487,675317,27500,350712,93940,3836,177712,69.33333333333334
1791427493,674569,27140,350456,93940,3836,177584,85.02415458937197
1791427499,675217,27676,350564,93940,3836,177584,76.02516814927316
1791427505,675365,27576,350660,93940,3860,177712,75.09213093431606
1791427511,675281,27516,350636,93940,3860,177712,75.6201881950385
1791427517,674725,27260,350464,93940,3860,177584,69.0909090909091
1791427523,674861,27420,350608,93940,3748,177584,72.91311754684838
1791427528,674557,27348,350372,93940,3752,177584,80.08667388949078
1791427534,674977,27752,350416,93940,3736,177584,69.07351022183558
1791427540,683949,27784,350752,93940,3736,186184,72.80606717226435
1791427546,682805,27260,350260,93940,3740,186056,74.3513398553807
1791427552,682949,27280,350508,93940,3740,185928,74.09326424870466
1791427558,682717,27340,350268,93940,3708,185928,70.91460771564803
1791427564,684093,27760,351372,93940,3684,185800,74.60249247958745
1791427570,683781,27420,351144,93940,3684,186056,73.00837449001503
1791427576,687801,27512,351104,93940,3684,190024,73.33619579218549
1791427582,683725,27520,351116,93940,3684,185928,67.52229715031542
1791427587,683477,27264,351000,93940,3684,186056,71.83250593567882
1791427593,683877,27520,351140,93940,3684,186056,79.2233009708738
1791427599,684657,27728,351388,93940,3684,186380,70.47535979066724
1791427605,686213,28504,352296,93940,3684,186252,73.93244104525175
1791427611,685985,29108,351592,93940,3684,186124,83.69283865401208
1791427617,686525,29648,351336,93940,3684,186380,74.89512033561493
1791427623,687217,29140,352664,93940,3684,186252,79.0728187185655
1791427628,689633,29916,354304,93940,3684,186252,76.99406723796967
1791427634,687309,29140,352628,93940,3684,186380,84.24717145343777
1791427640,687457,29076,352840,93940,3684,186380,72.32219365895457
1791427646,686401,28548,352440,93940,3684,186252,79.34170636639237
1791427652,687065,29020,352632,93940,3684,186252,71.59263271939328
1791427658,686981,29052,352264,93940,3684,186508,86.85516943665012
1791427664,686781,28932,352436,93940,3684,186252,77.60808776080877
1791427670,686845,28864,352568,93940,3684,186252,78.14685314685315
1791427675,687225,28896,352788,93940,3684,186380,75.86805555555556
1791427681,686681,28912,352356,93940,3684,186252,74.43463278052982
1791427687,687561,29156,352864,93940,3684,186380,75.98535429679086
1791427693,687037,28640,352856,93940,3684,186380,75.32072189606436
1791427699,688641,29444,353644,93940,3696,186380,88.67720285776142
1791427705,688745,29212,354072,93940,3724,186252,77.15648027741656
1791427711,687513,29012,352888,93940,3732,186380,79.11515940143136
1791427717,687561,28988,352940,93940,3744,186380,78.04024496937882
1791427723,687297,29008,352756,93940,3772,186252,81.83391003460207
1791427728,688553,29276,353744,93940,3772,186252,81.85965674560069
1791427734,688413,29552,352952,93940,3772,186628,73.4341252699784
1791427740,688185,28880,353268,93940,3772,186756,73.76623376623377
1791427746,688449,29044,353368,93940,3772,186756,76.64670658682635
1791427752,688785,29308,353568,93940,3772,186628,77.17154081187255
1791427758,689489,29864,353716,93940,3772,186628,77.25210628645496
1791427764,692513,30356,354084,93944,3772,188784,81.35302932990794
1791427770,691913,29632,354084,93944,3772,188912,78.8683351468988
1791427776,689685,28504,352984,93944,3772,188912,75.46185611823518
1791427781,687817,28624,353304,93944,3748,186628,75.18031395842172
1791427787,688273,29052,353460,93944,3748,186500,78.75108412836079
1791427793,696645,28928,353488,93944,3748,194968,76.2481089258699
1791427799,696941,28960,353752,93944,3748,194968,79.65442764578835
1791427805,696525,28724,353572,93944,3748,194968,75.33477321814254
1791427811,697573,29272,354072,93944,3748,194968,78.23289727643147
1791427817,700077,28668,353212,93944,3748,198936,77.47514051015997
1791427823,696313,28624,353332,93944,3748,195096,73.48173762697212
1791427829,701205,29452,353428,93944,3748,199064,76.29709364908504
1791427835,696953,28700,353896,93944,3748,195096,78.54671280276817
1791427840,697341,28900,354084,93944,3748,195096,74.62300732442912
1791427846,697181,28760,354064,93944,3748,195096,86.69695003244647
1791427852,698349,29452,354540,93944,3748,195096,73.87234042553192
1791427858,701509,28804,354252,93944,3748,199192,77.72717414877467
1791427864,698549,29200,355120,93944,3748,194968,78.21086261980831
1791427870,698225,29084,354912,93940,3748,194968,77.64449291166848
1791427876,708337,30472,355168,93940,3748,203436,79.63486198652467
1791427882,705761,28980,354212,93940,3748,203308,80.24263431542461
1791427888,705781,29344,353872,93940,3748,203308,67.57871878393051
1791427893,706049,29288,354064,93940,3748,203436,84.95575221238938
1791427899,710525,29332,354400,93940,3748,207532,68.79861711322386
1791427905,707645,30328,354620,93940,3748,203436,80.41415012942191
1791427911,705253,28176,354448,93940,3792,203308,73.53324641460235
1791427917,704797,27812,354344,93940,3796,203308,74.19493344783169
1791427923,704493,27692,354160,93940,3796,203308,79.1648542844715
1791427929,704201,27728,353832,93940,3796,203308,81.84588593818025
1791427935,705541,28052,354720,93940,3796,203436,71.64179104477611
1791427940,705665,28212,354664,93940,3808,203436,77.32406602953952
1791427946,704297,27304,354204,93940,3808,203436,71.19155354449472
1791427952,704893,27692,354412,93940,3808,203436,81.31147540983606
1791427958,714069,27508,355268,93940,3808,211940,71.52089616544592
1791427964,706077,27524,355460,93940,3808,203740,73.53132451766746
1791427970,705493,27208,355324,93940,3808,203612,73.5050196420777
1791427976,709513,27276,355308,93940,3808,207580,73.17286652078775
1791427982,705797,27752,355208,93940,3808,203484,79.96515679442508
1791427987,706093,27560,355440,93940,3808,203740,78.34242093784079
1791427993,706045,27752,355196,93940,3812,203740,72.1170395869191
1791427999,710421,27856,355492,93940,3812,207716,70.52198397227637
1791428005,705969,27648,355352,93940,3812,203612,73.14757481940144
1791428011,707085,28108,355880,93940,3812,203740,73.9737621667372
1791428017,706621,27904,355620,93940,3812,203740,69.08462867012089
1791428023,710797,27680,356028,93940,3836,207708,72.20530665506743
1791428029,715269,27768,355908,93940,3836,212212,78.08248758367523
1791428035,716221,28404,356224,93940,3836,212212,76.95321001088139
1791428041,716021,28136,356164,93940,3836,212340,77.20524017467248
1791428047,715277,27616,355940,93940,3836,212340,70.93681917211329
1791428052,715645,27724,356328,93940,3836,212212,71.66738105443635
1791428058,719813,27812,356184,93940,3836,216436,74.33237695872876
1791428064,715009,27496,355920,93940,3836,212212,72.41379310344827
1791428070,714865,27356,355916,93940,3836,212212,81.38228941684666
1791428076,718657,27520,355624,93940,3720,216308,69.52808029041213
1791428082,715285,27636,356256,93940,3696,212212,74.18936446173801
1791428088,717265,29520,356396,93940,3664,212212,80.92435142794855
1791428094,722209,29836,356196,93940,3792,216848,79.05346187554777
1791428099,720981,28568,356236,93940,3792,216848,72.30169050715214
1791428105,716777,28636,355932,93940,3792,212880,77.19451099978218
1791428111,715805,28392,355876,93940,3792,212212,80.4296455424275
1791428117,716061,28484,356036,93940,3792,212212,80.13787160706592
1791428123,716609,28704,356364,93940,3792,212212,68.87417218543047
1791428129,715841,28360,355944,93940,3792,212212,82.41379310344827
1791428135,715993,28600,355980,93940,3792,212084,71.90241814680077
1791428141,716045,28524,355984,93940,3792,212212,75.38361789496435
1791428147,715573,28440,355464,93940,3792,212340,71.80370210934137
1791428153,719317,28236,355316,93940,3792,216436,75.28187337380746
1791428158,716213,28712,355832,93940,3792,212340,82.2332828392123
1791428164,716101,28600,355704,93940,3792,212468,75.86508979413053
1791428170,718913,28300,355116,93940,3616,216436,71.45631067961165
1791428176,718009,29360,357516,93940,3520,212212,78.85117493472585
1791428182,715937,29104,355556,93940,3616,212212,75.17579373535052
1791428188,716241,29436,355656,93940,3616,212084,77.96101949025487
1791428194,715869,29144,355552,93940,3632,212084,83.17349607672189
1791428200,716781,29520,356088,93940,3632,212084,79.91370010787486
1791428206,717017,29612,356104,93940,3632,212212,74.84978540772532
1791428211,717889,29488,357188,93940,3672,212084,79.14163090128756
1791428217,717493,29000,357144,93940,3672,212212,77.29220222793488
1791428223,717533,28988,357324,93940,3672,212084,78.46153846153847
1791428229,717737,29004,357332,93940,3716,212212,75.17946486839243
1791428235,718253,29024,357940,93940,3716,212084,77.12926934716819
1791428241,716941,28552,357228,93940,3716,211956,71.66009636443277
1791428247,721273,28708,357096,93940,3780,216180,76.08463346868989
1791428253,717689,29012,357288,93940,3784,212084,74.24633936261843
1791428259,717709,29152,357168,93940,3784,212084,75.94611930724824
1791428265,718785,29248,357892,93940,3784,212340,74.19147569072607
1791428271,723713,28980,357644,93940,3760,217808,86.79245283018868
1791428277,721037,29736,358180,93940,3760,213840,74.6069351712255
1791428282,721725,27224,357284,93940,3760,217936,69.73280770915463
1791428288,719481,28212,358148,93940,3760,213840,74.16520210896309
1791428294,718793,27908,357764,93940,3760,213840,77.3253321903129
1791428300,718281,27532,357628,93940,3760,213840,73.60482654600303
1791428306,718341,27868,357468,93940,3772,213712,79.21993499458289
1791428312,723333,28456,357768,93940,3772,217808,73.4008184363558
1791428318,718705,28444,357248,93940,3772,213712,81.24459809853069
1791428324,722057,29180,357708,93940,3776,215864,79.91370010787486
1791428330,720937,27904,357736,93940,3776,215992,75.78397212543554
1791428335,721313,28284,357732,93940,3776,215992,74.56445993031359
1791428341,724273,27528,357352,93940,3776,220088,73.07525010874294
1791428347,718353,27372,357292,93940,3776,214384,69.38600257621297
1791428353,718253,27464,357772,93940,3776,213712,73.00771208226222
1791428359,722605,27636,357856,93940,3776,217808,70.49608355091384
1791428365,718645,27468,358032,93940,3776,213840,73.25631151048353
1791428371,718921,27904,357872,93940,3776,213840,73.00970873786407
1791428377,718365,27484,357736,93940,3776,213840,74.63203463203463
1791428383,717985,27224,357748,93940,3776,213712,71.46272549445773
1791428388,718705,27572,357988,93940,3776,213840,70.25151777970513
1791428394,718889,28052,357696,93940,3776,213840,71.52777777777779
1791428400,724545,27700,359736,93940,3776,217808,73.1239092495637
1791428406,722037,28364,361012,93940,3712,213456,74.43850267379679
1791428412,721645,28344,360252,93940,3712,213840,78.0699847859161
1791428418,722677,28448,361312,93940,3712,213712,75.40628385698808
1791428424,723173,28612,361640,93940,3712,213712,77.49730312837109
1791428430,727997,29120,362696,93940,3792,216852,73.18230852211435
1791428435,733777,29676,363156,93940,3792,221616,80.76422058184977
1791428441,731797,28488,362620,93940,3792,221360,78.48210435532556
1791428447,728529,28732,363076,93940,3792,217392,80.44788975021532
1791428453,732185,28552,363608,93940,3792,220948,75.01090274749237
1791428459,726717,28404,362512,93940,3792,216724,79.06482465462274
1791428465,727645,28680,363164,93940,3792,216724,75.7314974182444
1791428471,734021,29356,363784,93940,3792,221804,76.00507829030893
1791428477,729913,28952,364176,93940,3792,217708,78.04459691252144
1791428483,728321,28388,363020,93940,3792,217836,77.53686036426713
1791428489,729065,28788,363236,93940,3792,217964,75.79849946409432
1791428495,727069,27324,362708,93940,3792,217964,80.43715846994536
1791428500,731237,27256,362844,93940,3792,222060,76.11616818378847
1791428506,728401,28200,363288,93940,3792,217836,79.16847119965354
1791428512,727741,27660,363016,93940,3816,217964,77.98523664785063
1791428518,727625,27776,362912,93940,3816,217836,76.72656419138342
1791428524,727677,27616,363124,93940,3816,217836,83.66688185926404
1791428530,729137,27612,364588,93940,3816,217836,76.52774778665515
1791428536,728525,27720,363740,93940,3816,217964,74.4786067512363
1791428542,729141,28124,364080,93940,3816,217836,73.85409941897998
1791428547,727933,27492,363636,93940,3816,217708,74.27701674277016
1791428553,729025,28100,363860,93940,3816,217964,79.01668129938543
1791428559,729149,28204,363880,93940,3816,217964,74.24472940665073
1791428565,728209,27964,363308,93940,3816,217836,77.62101150423268
1791428571,733553,28808,363736,93940,3792,221932,83.35819305348392
1791428577,728677,28412,363504,93940,3776,217708,86.90759575849383
1791428583,732933,28376,363444,93940,3776,222060,81.58347676419966
1791428589,729249,28864,363368,93940,3776,217964,73.58897027143473
1791428595,729249,28600,363760,93940,3776,217836,73.81460914139257
1791428601,729077,28584,363476,93940,3776,217964,74.56445993031359
1791428606,732625,28256,363432,93940,3744,221932,73.15074401552728
1791428612,729321,28648,363752,93940,3712,217964,80.53459797370122
1791428618,728445,28148,363376,93940,3712,217964,84.10078192875761
1791428624,728217,28140,363288,93940,3712,217836,85.28710725893825
1791428630,729269,28992,363612,93940,3712,217708,72.03065134099617
1791428636,730205,29284,363588,93940,3712,218376,75.6546202120753
1791428642,729745,28760,363780,93940,3712,218248,75.14575685597063
1791428648,728877,28156,363784,93940,3712,217980,74.51487710219922
1791428654,729093,28524,363904,93940,3712,217708,72.03954437996991
1791428660,733973,28760,368548,93940,3712,217708,80.77502691065662
1791428665,731565,27472,367300,93940,3712,217836,77.04739025988206
1791428671,736053,27984,367180,93940,3712,221932,73.9655172413793
1791428677,732045,27972,367280,93940,3712,217836,77.07129094412332
1791428683,730597,27132,366676,93940,3712,217836,75.7569250590509
1791428689,731649,27704,367284,93940,3712,217708,72.02239931079045
1791428695,731389,27324,367272,93940,3712,217836,82.71098640189942
1791428701,731873,28200,366620,93940,3712,218092,70.36956991571213
1791428707,731581,27812,366844,93940,3712,217964,73.49036402569592
1791428713,732141,28232,367240,93940,3712,217708,72.64846120502817
1791428719,731765,27836,367132,93940,3712,217836,74.05793944674363
1791428724,731865,27912,367028,93940,3712,217964,75.62273791781988
1791428730,731781,28044,366816,93940,3712,217964,71.33648474430598
1791428736,732501,28456,367120,93940,3712,217964,70.39033858097909
1791428742,731769,27656,367188,93940,3712,217964,71.96040456208307
1791428748,735829,27556,367380,93940,3712,221932,71.01511879049676
1791428754,731517,27504,367216,93940,3712,217836,73.37535318409041
1791428760,732221,28400,366772,93940,3712,218092,72.47386759581882
1791428766,731229,27580,366980,93940,3712,217708,70.24647887323944
1791428771,731041,27524,366724,93940,3712,217836,68.35551738943752
1791428777,730769,27188,366660,93940,3712,217964,74.8302300109529
1791428783,730977,27348,366704,93940,3712,217964,76.1986301369863
1791428789,736145,28072,367056,93940,3712,222060,77.4747691646983
1791428795,731213,27272,367144,93940,3712,217836,68.35117773019273
1791428801,732909,28304,367808,93940,3712,217836,73.92911502500543
1791428807,731097,27556,366744,93940,3712,217836,71.31782945736434
1791428813,731017,27464,366736,93940,3736,217836,74.91289198606272
1791428819,732689,28052,367688,93940,3736,217964,72.17125382262996
1791428824,731425,27532,367148,93940,3684,217836,72.44501940491591
1791428830,732893,28292,367728,93940,3684,217964,77.16602646180111
1791428836,734453,29076,367940,93940,3700,218504,85.18843120070115
1791428842,732573,27544,367720,93940,3700,218376,70.27972027972028
1791428848,737385,27836,368144,93940,3700,222472,84.11790585129785
1791428854,732437,27556,367712,93940,3700,218236,74.25356988316746
1791428860,732049,27612,367796,93940,3700,217708,75.38726333907057
1791428866,731725,27484,367600,93940,3700,217708,69.90124516960068
1791428872,732209,27504,367832,93940,3676,217964,70.90154987993887
1791428877,731677,27296,367636,93940,3676,217836,72.97941495124593
1791428883,732189,27756,367688,93940,3676,217836,83.37684943429069
1791428889,732397,28164,367620,93940,3676,217708,76.93631669535283
1791428895,731977,27828,367536,93940,3676,217708,79.2839991268282
1791428901,732265,28024,367624,93940,3676,217708,69.52032695203269
1791428907,732737,28468,367528,93940,3676,217836,83.17880794701988
1791428913,732809,28240,367696,93940,3676,217964,73.08769661710838
1791428919,733485,28744,368308,93940,3468,217836,80.05266622778143
1791428924,736725,28428,367640,93940,3468,222060,75.57963163596966
1791428930,736737,28508,367576,93940,3468,222060,76.19047619047619
1791428936,732685,28576,367552,93940,3468,217964,68.45199216198563
1791428942,732381,28344,367608,93940,3468,217836,81.36494571238644
1791428948,732829,28744,367472,93940,3516,217964,77.36414206247325
1791428954,732793,28792,367500,93940,3516,217836,76.80841736080667
1791428960,736973,28620,367756,93940,3516,221932,71.18423901277333
1791428965,733201,28428,368116,93940,3540,217964,74.69879518072288
1791428971,733857,28856,368360,93940,3620,217836,72.47203334064488
1791428977,732889,28164,368064,93940,3636,217836,72.29965156794425
1791428983,733549,28472,368404,93940,3636,217836,80.94725511302477
1791428989,733545,28692,368180,93940,3636,217836,89.1961970613656
1791428995,733633,28660,368172,93940,3636,217964,78.45161290322581
1791429001,733701,28588,368312,93940,3636,217964,74.39843919358336
1791429007,738829,29136,368788,93940,3636,222068,71.70383199826802
1791429012,734453,29344,368308,93940,3636,217964,76.22302926725058
1791429018,735989,28624,368400,93940,3652,220116,69.12521440823328
1791429024,734665,27464,368356,93940,3644,219988,74.50980392156863
1791429030,735945,28236,368684,93940,3676,220116,81.154426017661
1791429036,736589,28004,369560,93940,3676,220116,73.08855291576674
1791429042,734401,28164,369364,93940,3676,217964,73.99044724272687
1791429048,733641,27848,368920,93940,3676,217964,70.16622922134734
1791429054,733089,27476,368740,93940,3676,217964,73.3594089526293
1791429060,732681,27328,368740,93940,3676,217708,75.51109177903437
1791429066,736829,27300,368816,93940,3676,221804,68.80987864594422
1791429072,732885,27476,368792,93940,3676,217708,79.3315743183817
1791429077,732393,27124,368528,93940,3676,217836,68.79310344827586
1791429083,733401,27776,368752,93940,3676,217964,69.14893617021278
1791429089,733085,27352,368988,93940,3676,217836,70.95381959430298
1791429095,733361,27684,368808,93940,3676,217964,73.8648707364762
1791429101,737249,27588,368820,93940,3676,221932,70.95801937567276
1791429107,734289,28460,369084,93940,3676,217836,75.79313342025206
1791429113,736757,28540,369128,93940,3724,220116,72.72727272727273
1791429119,736333,27828,369408,93940,3724,220116,73.29665679221328
1791429124,735257,27172,368988,93940,3724,220116,70.46450482033305
1791429130,738769,27552,368828,93940,3724,223408,73.00771208226222
1791429136,733169,27372,368856,93940,3724,217964,70.2172986791649
1791429142,734209,28112,369152,93940,3724,217964,72.33210171701803
1791429148,733805,27788,369076,93940,3724,217964,72.80587980977086
1791429154,733105,27344,368948,93940,3724,217836,77.07295951504655
1791429160,733677,27660,369076,93940,3724,217964,70.11815252416757
1791429166,733825,27884,369128,93940,3724,217836,70.31650983746792
1791429172,733589,27648,369128,93940,3724,217836,77.04462951099723
1791429178,733857,27880,369160,93940,3724,217836,72.36700409218177
1791429184,737589,27500,369176,93940,3724,221932,70.13888888888889
1791429189,733177,27216,369020,93940,3724,217964,69.30779277318241
1791429195,733413,27448,369024,93940,3724,217964,67.50761200521967
1791429201,733717,27236,369540,93940,3724,217964,71.16088735731209
1791429207,733693,27212,369540,93940,3724,217964,71.9449225473322
1791429213,734153,27728,369608,93940,3724,217836,81.61493379639678
1791429219,734053,27464,369772,93940,3724,217836,75.54689192116093
1791429225,734873,28000,370056,93940,3724,217836,71.886586695747
1791429231,735293,28144,370204,93940,3724,217964,71.37355584082157
1791429237,734001,27660,369804,93940,3452,217964,72.64864864864865
1791429242,733761,27684,369564,93940,3436,217964,77.02025702461337
1791429248,733857,27756,369612,93940,3420,217964,79.0547798066595
1791429254,737513,27356,369476,93940,3484,222060,77.03056768558952
1791429260,733681,27404,369692,93940,3484,217964,70.68552774755169
1791429266,733921,27744,369556,93940,3616,217836,68.84531590413944
1791429272,733261,27196,369432,93940,3624,217836,70.52767052767052
1791429278,733349,27380,369292,93940,3644,217836,78.10344827586206
1791429284,733753,27584,369364,93940,3644,217964,77.18993928881179
1791429290,733589,27448,369588,93940,3644,217708,66.68098818474758
1791429295,733677,27700,369300,93940,3644,217836,70.73065283182015
1791429301,733761,27488,369592,93940,3644,217836,70.3727369542066
1791429307,733989,27824,369472,93940,3648,217836,72.01365187713311
1791429313,733617,27548,369380,93940,3648,217836,68.79478827361564
1791429319,732877,27208,369104,93940,3648,217708,78.19679237104464
1791429325,733477,27340,369596,93940,3624,217708,66.5940292002615
1791429331,733561,27832,368932,93940,3624,217964,71.20328364657593
1791429337,734245,27572,369876,93940,3624,217964,71.10726643598616
1791429343,733865,27332,369736,93940,3624,217964,72.6797385620915
1791429348,736241,28956,370596,93940,3644,217836,72.44568724456872
1791429354,735857,27948,370956,93940,3644,218092,75.87842207372279
1791429360,734817,27372,370624,93940,3644,217964,71.4066943775979
1791429366,734653,27316,370644,93940,3644,217836,76.44754026991728
1791429372,734837,27572,370572,93940,3644,217836,71.34528179658821
1791429378,735373,27636,371040,93940,3644,217836,76.81946556593526
1791429384,735753,27816,371112,93940,3644,217964,70.6135629709365
1791429390,734941,27444,370928,93940,3644,217708,76.47562018819504
1791429396,735357,27872,370776,93940,3660,217836,70.56286392063834
1791429401,735641,27892,371028,93940,3660,217836,75.2492414390984
1791429407,735761,27848,371064,93940,3660,217964,72.97941495124593
1791429413,734993,27476,370672,93940,3660,217964,75.02707385748322
1791429419,735069,27460,370888,93940,3660,217836,69.34023285899094
1791429425,735473,27992,370764,93940,3660,217836,77.41935483870968
1791429431,740465,28472,370756,93940,3672,222344,72.56944444444444
1791429437,735841,27612,370828,93940,3672,218504,68.67828304292392
1791429443,735553,27668,370732,93940,3676,218248,70.32779906343126
1791429449,735677,27784,370752,93940,3676,218236,71.08799306458604
1791429454,735157,27524,370760,93940,3676,217964,66.32124352331607
1791429460,735557,27252,371436,93940,3676,217964,78.32650420530516
1791429466,735653,27364,371416,93940,3676,217964,69.3103448275862
1791429472,739861,27300,371592,93940,3676,222060,71.40098691267968
1791429478,735881,27952,371184,93940,3676,217836,69.4750486066105
1791429484,736689,27820,372124,93940,3676,217836,82.92268479184366
1791429490,735925,27584,371596,93940,3676,217836,72.72727272727273
1791429496,736297,28088,371336,93940,3676,217964,73.71134020618557
1791429502,735625,27556,371196,93940,3676,217964,80.96676737160121
1791429508,735757,27628,371256,93940,3676,217964,71.11889643091746
1791429513,735469,27412,371312,93940,3676,217836,73.19810099266293
1791429519,735321,27412,371040,93940,3676,217964,70.85318319618882
1791429525,735461,27492,371096,93940,3676,217964,69.9870073624946
1791429531,735241,27376,371120,93940,3676,217836,73.55531686358754
1791429537,740141,27652,371644,93940,3680,221932,72.67996530789246
1791429543,735409,27392,371268,93940,3680,217836,74.95153995261684
1791429549,736969,28240,371980,93940,3680,217836,74.16648741664874
1791429555,740381,27656,371880,93940,3680,221932,72.00859291084855
1791429561,735625,27408,371468,93940,3680,217836,72.08753486376314
1791429567,735625,27488,371492,93940,3704,217708,71.8148388492321
1791429572,735653,27360,371524,93940,3704,217836,76.31408176508761
1791429578,735321,27120,371432,93940,3704,217836,72.00689061154178
1791429584,739905,27576,371500,93940,3592,222060,70.84870848708486
1791429590,735801,27468,371728,93940,3592,217836,73.8327904451683
1791429596,735921,27664,371844,93940,3464,217836,70.26327147173068
1791429602,738709,28212,372032,93940,3464,219888,71.32191480017566
1791429608,736701,28220,371812,93940,3648,217836,69.23585113411143
1791429613,741201,28348,371480,93940,3684,222472,77.26392772639278
1791429619,737357,28220,371724,93940,3688,218504,70.49215559853857
1791429625,736497,27296,371808,93940,3664,218504,73.92161156119991
1791429631,736285,27436,371704,93940,3680,218236,68.02313129149711
1791429637,737357,27900,372708,93940,3680,217836,74.26233038983416
1791429643,736757,27536,372472,93940,3680,217836,69.06598114824337
1791429649,736597,27624,372228,93940,3680,217836,74.35785807575098
1791429655,736913,27732,372304,93940,3680,217964,69.88944287882073
1791429661,736553,27504,372172,93940,3680,217964,72.66405910473706
1791429667,736277,27388,372144,93940,3680,217836,69.04864399483426
1791429672,736637,27592,372168,93940,3680,217964,70.45211056353118
1791429678,736517,27456,372184,93940,3680,217964,69.44444444444444
1791429684,741065,27464,372628,93940,3680,222060,71.30774235523748
1791429690,736497,27508,372364,93940,3600,217836,74.13793103448276
1791429696,736565,27452,372488,93940,3600,217836,73.40241796200345
1791429702,736265,27304,372336,93940,3600,217836,69.49006050129645
1791429708,737269,27836,372804,93940,3600,217836,74.52339688041594
1791429714,736573,27736,372212,93940,3600,217836,77.48058671268335
1791429720,736473,27488,372484,93940,3600,217708,72.39662264559429
1791429725,736389,27396,372296,93940,3648,217836,71.3475795900567
1791429731,737021,27440,372856,93940,3672,217836,75.18406236466004
1791429737,737705,27732,373224,93940,3688,217836,72.39974265494317
1791429743,737225,27448,372964,93940,3736,217836,72.61750754635618
1791429749,741969,27940,373096,93940,3752,221932,76.529284164859
1791429755,738205,27900,373460,93940,3752,217836,75.92632719393283
1791429761,738577,28140,373464,93940,3752,217964,71.12660710394422
1791429766,737121,27420,372988,93940,3752,217708,73.88092133854846
1791429772,737601,27508,373120,93940,3752,217964,68.17599316531397
1791429778,737749,27468,373304,93940,3752,217964,71.64959686206144
1791429784,737745,27540,373228,93940,3752,217964,68.51255634256277
1791429790,738081,27680,373448,93940,3728,217964,67.41186586414445
1791429796,737729,27684,373220,93940,3728,217836,73.26007326007326
1791429802,738413,27364,374224,93940,3728,217836,68.16143497757847
1791429808,737937,27472,373644,93940,3728,217836,67.81115879828327
1791429814,738073,27492,373628,93940,3728,217964,74.0868070477009
1791429820,737885,27396,373540,93940,3728,217964,79.17205692108668
1791429826,738917,27836,374128,93940,3728,217964,73.30608733060873
1791429832,742865,28188,373756,93940,3728,221932,69.4750486066105
1791429837,739489,28340,373660,93940,3728,218504,74.55012853470437
1791429843,738985,27528,373964,93940,3728,218504,71.99650502402795
1791429849,738761,27584,373688,93940,3728,218504,69.04709748083242
1791429855,738309,27444,373768,93940,3728,218108,73.4711272107394
1791429861,738677,27660,374192,93940,3728,217836,74.63658060316772
1791429867,738977,27592,374536,93940,3752,217836,74.5704467353952
1791429873,743233,27632,374528,93940,3752,222060,79.47136563876653
1791429879,738285,27228,374084,93940,3752,217964,68.34345186470078
1791429884,739757,27860,374920,93940,3752,217964,69.31596091205212
1791429890,738761,27172,374616,93940,3752,217964,68.01831262262917
1791429896,739725,27480,375268,93940,3752,217964,70.22106631989597
1791429902,739613,27560,375332,93940,3752,217708,69.19104991394148
1791429908,739577,27684,375040,93940,3752,217836,73.54144241119484
1791429914,739705,27668,375056,93940,3752,217964,72.86821705426357
1791429920,739225,27396,374976,93940,3752,217836,77.03056768558952
1791429926,739149,27344,374952,93940,3752,217836,74.45813854653633
1791429932,744229,27768,375636,93940,3752,221804,76.10049388018038
1791429938,739769,27544,375372,93940,3752,217836,70.70575461454939
1791429943,740117,27684,375444,93940,3752,217964,73.8648707364762
1791429949,740113,27788,375340,93940,3752,217964,73.39764201500536
1791429955,740041,27460,375592,93940,3752,217964,74.08056042031524
1791429961,739945,27272,375816,93940,3752,217836,79.84445884640311
1791429967,743753,27172,375660,93940,3728,221932,74.23035522066739
1791429973,739641,27224,375592,93940,3728,217836,69.28863099075865
1791429979,741405,28040,376408,93940,3728,217964,76.40352764035276
1791429985,740701,28136,375612,93940,3728,217964,75.35483870967742
1791429991,740537,27608,375972,93940,3728,217964,72.25130890052355
1791429996,745521,28068,376276,93940,3728,221932,73.07195174493752
1791430002,741801,28324,376396,93940,3728,217836,81.54748967615735
1791430008,740297,27332,375888,93940,3728,217836,72.13536089098308
1791430014,740305,27376,375852,93940,3728,217836,74.95153995261684
1791430020,740757,27468,376208,93940,3728,217836,74.66666666666667
1791430026,744777,27576,376024,93940,3728,221932,72.22699914015477
1791430032,741905,28088,376712,93940,3752,217836,69.50537634408602
1791430038,740805,27784,375916,93940,3752,217836,75.11737089201877
1791430044,740501,27420,375932,93940,3780,217836,70.06670970518614
1791430050,741565,28608,375804,93940,3784,217836,74.650612771447
1791430056,740509,27844,375640,93940,3784,217708,76.96593100492822
1791430062,739677,27264,375392,93940,3784,217708,69.60994427775397
1791430067,740557,27580,375824,93940,3784,217836,70.39301310043669
1791430073,744525,27620,375656,93940,3784,221932,79.84344422700586
1791430079,740333,27500,375680,93940,3784,217836,76.85364281108961
1791430085,741025,27680,376320,93940,3784,217708,75.78765645230902
1791430091,741193,27472,376596,93940,3760,217836,79.48936170212765
1791430097,742053,27900,377024,93940,3760,217836,79.03364969801552
1791430103,741629,27824,376680,93940,3760,217836,74.46259673258814
1791430109,745849,27604,376892,93940,3760,222060,72.68018990073371
1791430115,741093,27308,376532,93940,3760,217964,69.56521739130434
1791430120,740961,27184,376524,93940,3760,217964,75.43595263724436
1791430126,745125,27308,376596,93940,3760,221932,74.70817120622569
1791430132,740921,27344,376452,93940,3760,217836,76.38888888888889
1791430138,740869,27288,376456,93940,3760,217836,71.94676969306718
1791430144,740733,27028,376604,93940,3744,217836,77.17932078736752
1791430150,741781,27772,376904,93940,3744,217836,70.40272746643937
1791430156,741541,27760,376676,93940,3744,217836,69.66966966966966
1791430162,741557,27720,376732,93940,3744,217836,70.03891050583657
1791430168,741529,27760,376688,93940,3728,217836,73.34347164892462
1791430174,741561,27540,376940,93940,3728,217836,70.5626765153161
1791430179,741805,27688,376908,93940,3728,217964,72.55117763592341
1791430185,741773,27600,376836,93940,3728,218092,70.7732634338139
1791430191,741505,27648,376648,93940,3728,217964,75.13812154696133
1791430197,741921,27776,376936,93940,3728,217964,70.16024252923343
1791430203,742161,28008,377072,93940,3728,217836,71.25645438898451
1791430209,741177,27408,376664,93940,3752,217836,73.0554361839278
1791430215,746885,28328,377356,93940,3752,221932,82.74067649609714
1791430221,741037,27260,376548,93940,3752,217964,70.66464602727864
1791430227,741889,27852,376932,93940,3752,217836,78.37370242214533
1791430232,741209,27432,376548,93940,3752,217964,67.7056277056277
1791430238,741037,27440,376496,93940,3752,217836,69.91655687307862
1791430244,741437,27424,376908,93940,3752,217836,66.83716965046888
1791430250,742077,28352,376620,93940,3752,217836,70.47252512294206
1791430256,745409,27800,376664,93940,3752,221676,71.24239791485665
1791430262,741105,27540,376464,93940,3752,217836,78.41466013211166
1791430268,746525,28328,377020,93940,3728,221932,72.71145901282887
1791430274,741393,27892,376548,93940,3728,217708,75.86354859472216
1791430280,741965,28216,376588,93940,3696,217964,78.95878524945769
1791430285,745701,27992,376528,93940,3648,222060,77.84066173269481
1791430291,741693,27980,376628,93940,3648,217964,72.66480566888555
1791430297,741569,27836,376648,93940,3648,217964,73.93939393939394
1791430303,742537,28720,376728,93940,3648,217964,72.39662264559429
1791430309,742293,28464,376996,93940,3564,217836,74.98912570682906
1791430315,742985,29084,376656,93940,3564,218248,74.98920086393088
1791430321,746473,28256,376572,93940,3596,222600,79.34170636639237
1791430327,741981,28072,376628,93940,3596,218236,73.80848272846524
1791430332,742109,28240,376728,93940,3596,218092,79.56092206366631
1791430338,741649,27920,376716,93940,3596,217964,70.72488707248871
1791430344,743541,27628,377024,93940,3656,219760,78.294910830796
1791430350,742157,28060,377004,93940,3656,217964,71.26833477135462
1791430356,741597,28040,376588,93940,3656,217836,72.13973799126637
1791430362,744309,29492,377836,93940,3660,217836,79.47712418300654
1791430367,742181,27972,377104,93940,3660,217964,74.3131269079808
1791430373,744545,27516,377768,93940,3660,220116,73.92232180964575
1791430379,744481,27520,377704,93940,3660,220116,74.62751025696393
1791430385,745705,28188,378256,93940,3660,220116,73.72013651877133
1791430391,744153,28140,377828,93940,3660,219040,79.7583081570997
1791430397,742209,27596,377636,93940,3660,217836,75.59601213697442
1791430403,742985,28208,377796,93940,3660,217836,74.02376910016977
1791430409,742293,27864,377452,93940,3660,217836,73.23943661971832
1791430415,742045,27596,377472,93940,3660,217836,75.35483870967742
1791430421,746289,27632,377456,93940,3660,222060,72.22935387248609
1791430427,742837,27920,377936,93940,3660,217836,74.36177176521929
1791430433,742009,27524,377508,93940,3660,217836,69.69367803606343
1791430438,741869,27316,377448,93940,3660,217964,70.62937062937063
1791430444,741921,27372,377444,93940,3660,217964,67.74193548387096
1791430450,742221,27612,377504,93940,3660,217964,77.43611953226505
1791430456,741729,27172,377452,93940,3660,217964,68.63130320890635
1791430462,742633,28012,377468,93940,3692,217964,82.06451612903226
1791430468,742361,27884,377452,93940,3692,217836,77.13546160483176
1791430474,742641,28256,377360,93940,3692,217836,74.12796918467794
1791430480,743861,29264,377564,93940,3696,217836,80.13640238704177
1791430486,742285,27912,377344,93940,3696,217836,78.9079700572435
1791430492,742557,28108,377292,93940,3696,217964,78.33622183708839
1791430497,741773,27344,377272,93940,3696,217964,71.73489278752436
1791430503,742317,27512,377644,93940,3696,217964,67.82911944202267
1791430509,741973,27444,377348,93940,3720,217964,70.90791459995687
1791430515,742673,27336,378152,93940,3720,217964,68.52759428936714
1791430521,746405,27264,377992,93940,3720,221932,72.34873129473
1791430527,743525,27764,378704,93940,3720,217836,68.70953819594303
1791430533,743409,27844,378508,93940,3720,217836,74.35071903842027
1791430539,742797,27684,377928,93940,3720,217964,71.20418848167539
1791430545,742205,27320,377704,93940,3720,217964,69.77340743907654
1791430551,742897,27636,377948,93940,3720,218092,69.3482469348247
1791430556,742573,27592,377800,93940,3720,217964,75.73756054601498
1791430562,742569,27564,377824,93940,3720,217964,70.55793991416309
1791430568,745693,27128,377312,93940,3696,222060,71.9585849870578
1791430574,741773,27416,377328,93940,3696,217836,78.92220773576706
1791430580,742405,27272,377976,93940,3696,217964,84.20127444517689
1791430586,742761,27964,377640,93940,3696,217964,70.51198963058975
1791430592,741953,27456,377936,93940,3468,217708,71.41630901287553
1791430597,741893,27252,377952,93940,3468,217836,68.5912741480356
1791430603,742173,27432,377956,93940,3564,217836,75.6123997398656
1791430609,742417,27424,378032,93940,3564,217964,69.9870073624946
1791430615,742081,27344,377904,93940,3564,217836,76.50510758530754
1791430621,741977,27196,377948,93940,3564,217836,71.10347788750536
1791430627,742557,27720,378004,93940,3564,217836,72.46252676659529
1791430633,742389,27512,378044,93940,3564,217836,71.78378378378379
1791430639,742273,27292,378076,93940,3612,217836,82.28176318063959
1791430645,747183,27716,378260,93940,3676,222060,71.4410480349345
1791430650,742705,27444,378132,93940,3676,217964,81.4412850010853
1791430656,742605,27316,378160,93940,3676,217964,69.31470973374073
1791430662,746437,27228,378112,93940,3676,221932,70.995670995671
1791430668,742697,27556,378140,93940,3676,217836,75.37473233404711
1791430674,742777,27624,378080,93940,3724,217836,73.2943469785575
1791430680,743677,28448,378140,93940,3736,217836,78.6970684039088
1791430686,742577,27564,378044,93940,3740,217708,75.02160760587728
1791430692,747105,27632,378276,93940,3740,221932,72.44434838988546
1791430697,747021,27732,378096,93940,3740,221932,71.84507341987657
1791430703,747281,27468,378620,93940,3740,221932,70.74946466809422
1791430709,743349,27732,378520,93940,3740,217836,72.8685516943665
1791430715,744913,27996,379688,93940,3740,217964,73.78979502834714
1791430721,743949,27592,379256,93940,3740,217836,73.59513994358863
1791430727,748837,27972,379664,93940,3740,221932,72.69609944277754
1791430733,744409,27820,379460,93940,3756,217836,82.8073273008166
1791430739,744089,27716,379248,93940,3756,217836,71.82608695652173
1791430745,744525,27988,379536,93940,3756,217708,77.60416666666666
1791430750,743765,27624,379144,93940,3756,217708,70.97480832420592
1791430756,744609,28236,379244,93940,3756,217836,75.0984682713348
1791430762,744393,28100,379292,93940,3756,217708,69.43071965628357
1791430768,744765,28016,379212,93940,3756,218248,73.78807378807379
1791430774,744181,27436,379208,93940,3756,218248,69.48234784492094
1791430780,744873,28092,379244,93940,3756,218248,75.54395126196692
1791430786,744309,27412,379628,93940,3756,217980,75.1099384344767
1791430791,745393,28140,380124,93940,3756,217836,72.89839572192514
1791430797,744077,27272,379680,93940,3756,217836,71.76368375325804
1791430803,745765,28132,380376,93940,3756,217964,73.18557149065623
1791430809,744661,27464,380044,93940,3780,217836,68.07767837660921
1791430815,744681,27428,380100,93940,3780,217836,74.92394611038678
1791430821,744861,27700,380008,93940,3780,217836,71.82344118277267
1791430827,748569,27452,379868,93940,3780,221932,78.94166124484927
1791430833,749509,27736,380396,93940,3780,222060,68.14044213263979
1791430838,744893,27508,380108,93940,3780,217964,72.06582936336076
1791430844,744897,27520,380096,93940,3780,217964,71.13380131886832
1791430850,748981,27444,380164,93940,3780,222060,73.87270765911542
1791430856,744813,27572,379964,93940,3780,217964,70.73170731707317
1791430862,744013,27216,379520,93940,3780,217964,67.70944932504821
1791430868,744129,27408,379596,93940,3756,217836,69.85230234578627
1791430874,744237,27512,379592,93940,3756,217836,72.15958369470945
1791430880,748581,27624,379600,93940,3756,222060,68.56649395509498
1791430886,744109,27324,379524,93940,3756,217964,73.17697228144989
1791430892,748537,27468,379836,93940,3756,221932,67.05754614549403
1791430897,744621,27456,379900,93940,3756,217964,83.19860170417303
1791430903,744477,27308,379908,93940,3756,217964,66.49305555555556
1791430909,744841,27424,380280,93940,3756,217836,69.28048255062474
1791430915,744217,27168,380396,93940,3436,217836,66.89595872742906
1791430921,744445,27524,380292,93940,3420,217836,72.09403569873749
1791430927,744737,27564,380412,93940,3420,217964,69.32528562190127
1791430933,744621,27256,380736,93940,3420,217836,73.49216570079416
1791430939,745945,28080,381080,93940,3436,217964,73.70441458733205
1791430945,745001,27492,380980,93940,3436,217708,71.20597652081109
1791430950,745029,27504,380872,93940,3436,217836,70.26675341574496
1791430956,745833,27780,381268,93940,3436,217964,73.25631151048353
1791430962,745125,27396,380944,93940,3436,217964,69.27763272410792
1791430968,749477,27752,380848,93940,3436,222060,73.65511375717627
1791430974,746813,27480,382552,93940,3436,217964,71.8148388492321
1791430980,747413,27672,382912,93940,3560,217836,74.06457130639299
1791430986,751141,27528,382672,93940,3564,221932,74.36619718309859
1791430992,747065,27472,382748,93940,3564,217836,82.865774708675
1791430998,747853,27960,383044,93940,3564,217836,71.48645766687993
1791431004,751097,27428,382656,93940,3612,221932,72.72727272727273
1791431010,747597,27880,382640,93940,3644,217964,70.30091583078935
1791431015,748021,27836,383088,93940,3644,217964,75.82608695652175
1791431021,749493,27500,384480,93940,3644,218384,77.53607581305191
1791431027,749525,27888,384124,93940,3644,218384,75.81643543223052
1791431033,749949,28304,384132,93940,3644,218384,70.62378588387654
1791431039,750073,28132,384148,93940,3644,218664,78.88062964582421
1791431045,750189,27804,384464,93940,3644,218792,80.55315471045809
1791431051,749681,27616,384120,93940,3660,218792,74.83372666809697
1791431057,749733,27844,384060,93940,3676,218652,73.1537793223284
1791431063,749521,27620,384464,93940,3676,218256,75.51109177903437
1791431068,750177,27920,384692,93940,3676,218384,77.81629116117851
1791431074,754989,28284,384972,93940,3724,222480,72.56982030742584
1791431080,749677,27540,384500,93940,3724,218384,67.26419120785317
1791431086,750001,27564,384928,93940,3724,218256,77.82571182053495
1791431092,751037,28364,385160,93940,3724,218256,71.96221554315156
1791431098,749941,27616,384812,93940,3724,218256,82.6982041173894
1791431104,754465,27964,384892,93940,3724,222352,77.67991407089151
1791431110,754813,27868,385440,93940,3748,222224,77.75340061430452
1791431115,750861,27896,385428,93940,3748,218256,72.8688879273042
1791431121,750545,27688,385320,93940,3748,218256,80.0172080017208
1791431127,750601,27864,385200,93940,3748,218256,74.34689507494646
1791431133,750137,27416,385056,93940,3748,218384,74.4739638682253
1791431139,750265,27580,385020,93940,3748,218384,69.5727233491584
1791431145,749885,27320,384904,93940,3748,218384,77.20351704911002
1791431151,751117,27456,385996,93940,3748,218384,78.23834196891191
1791431157,751109,27736,385840,93940,3748,218256,77.21739130434783
1791431163,750437,27284,385620,93940,3748,218256,70.5073086844368
1791431169,754805,27404,385668,93940,3724,222480,84.99566348655681
1791431175,752665,28548,386348,93940,3724,218512,71.1968434896975
1791431180,751065,27488,385936,93940,3724,218384,74.38656909169178
1791431186,750985,27508,385836,93940,3724,218384,77.26879861711322
1791431192,751141,27792,385712,93940,3724,218384,75.71305099394988
1791431198,751601,28108,385980,93940,3724,218256,71.72175415856556
1791431204,751965,28444,386008,93940,3724,218256,76.72413793103449
1791431210,755229,29348,386296,93940,3764,220280,76.61204511598211
1791431216,753953,27960,386156,93940,3764,220536,72.61724659606656
1791431222,753613,27912,385860,93940,3764,220536,80.82191780821918
1791431228,751905,27624,385648,93940,3764,219332,78.89273356401384
1791431234,750865,27960,385344,93940,3764,218256,76.31241997439182
1791431239,750921,27884,385336,93940,3776,218384,76.25649913344887
1791431245,750617,27488,385428,93940,3776,218384,73.4622144112478
1791431251,755201,28108,385412,93940,3780,222352,85.4895104895105
