timestamp,total_memory,java_heap,native_heap,code,stack,graphics,cpu_usage
1791431280,381327,29452,113268,90836,3160,128772,0.0
1791431285,497008,24772,203736,92308,3416,155868,161.10124333925398
1791431291,710276,26900,364528,93556,3476,204396,246.58865091631705
1791431297,685580,45216,350384,94008,3508,174868,183.4540267719991
1791431303,544531,46744,314724,94236,3528,67544,103.0103274005713
1791431309,512935,22916,306940,94236,3532,67544,9.70231532524807
1791431314,512091,22748,306408,94144,3532,67544,8.906352324819908
1791431320,512075,22736,306408,94144,3532,67544,9.300285150252249
1791431326,686199,30796,384480,94596,3572,154440,197.6734166307626
1791431332,678061,26796,378648,94656,3704,155492,81.86528497409327
1791431338,712068,34224,390636,94716,3800,169780,151.8987341772152
1791431344,701636,30552,387476,94720,3856,166068,73.68194534108027
1791431350,700803,29848,387548,94728,3796,165860,77.08964919878736
1791431355,697795,28212,386904,94720,3832,165060,78.6411889596603
1791431362,698971,28940,387300,94788,3800,165064,84.84355952864689
1791431368,704651,28264,385196,94788,3804,173492,79.39609236234459
1791431373,706775,28564,387060,94788,3776,173488,72.17021276595744
1791431379,706815,29432,385800,94788,3780,173896,68.84531590413944
1791431385,736251,29004,388236,94784,3760,201312,77.20060856335579
1791431391,707563,28192,387344,94776,3772,174288,77.81897491821155
1791431397,718207,30620,387252,94792,3720,182620,84.43179329975914
1791431403,714967,28696,385808,94792,3720,182748,78.40446064765173
1791431409,716767,28444,387972,94792,3720,182624,77.98634812286689
1791431415,713083,27896,384808,94792,3720,182624,80.26286966046003
1791431420,715847,28508,386956,94792,3724,182624,84.12869790542
1791431426,716723,28764,387444,94792,3724,182752,70.72111207645526
1791431432,718775,29496,387536,94788,3724,183968,74.42673072723302
1791431438,730099,28696,390996,94784,3724,192568,76.96996081845886
1791431444,726623,28468,388276,94784,3724,192028,75.85906916050456
1791431450,754751,28936,389972,94788,3724,217984,75.9374330404971
1791431456,726807,28912,388656,94784,3724,191364,72.58417140358549
1791431461,730215,29788,391172,94796,3728,191360,105.47737605542325
1791431467,743099,29436,394512,94796,3728,201252,89.68064305887464
1791431473,745339,29792,396256,94788,3728,201376,76.99611566681052
1791431479,741251,29048,392752,94788,3728,201508,60.792379302879404
1791431485,768883,29656,393276,94788,3728,228000,63.326827152461505
1791431491,741339,29028,392848,94788,3728,201508,62.34887737478411
1791431497,740723,28348,392900,94788,3728,201508,62.35774103500107
1791431503,742999,28768,394872,94788,3728,201380,66.26609442060087
1791431508,768179,29108,393068,94788,3728,228004,64.66230936819171
1791431514,743559,29712,394436,94788,3728,201384,61.847564970517574
1791431520,746083,29932,396740,94788,3728,201380,71.04451300132217
1791431526,744239,30024,394868,94788,3788,201248,69.32409012131716
1791431532,745431,28608,397248,94788,3852,201380,70.0022040996253
1791431538,743479,27680,396220,94788,3852,201376,68.08510638297872
1791431544,740991,27492,394040,94788,3852,201248,74.19840757477942
1791431549,684499,28764,387104,94788,3852,150404,73.54144241119484
1791431555,715215,29160,390368,94792,3868,177436,76.79582063561166
1791431561,688283,28840,390520,94800,3840,150684,78.61471861471861
1791431567,711423,27936,387680,94800,3840,177564,72.6331679965495
1791431573,684855,27788,387876,94800,3840,150940,68.9299527288354
1791431579,723675,27132,427212,94800,3840,151068,91.39362166885103
1791431585,691271,26836,391648,94800,3808,154556,73.43650625397498
1791431591,699223,27936,389972,94800,3808,163072,68.06327490380505
1791431597,698875,28352,389332,94800,3808,162944,73.08684436801376
1791431602,699567,28736,389504,94788,3808,163072,74.0355439965323
1791431608,699731,28700,389680,94796,3808,163072,70.02561912894961
1791431614,699343,28544,389432,94788,3808,163072,66.34824142422927
1791431620,699255,28216,389536,94788,3808,163200,65.38461538461539
1791431626,698947,28804,388732,94792,3832,163072,76.1986301369863
1791431632,702159,29824,390488,94788,3832,163504,78.32764505119454
1791431638,700067,28716,389756,94788,3832,163248,79.26186291739896
1791431643,705487,30692,392584,94788,3832,163864,81.94444444444444
1791431649,728423,29236,390088,94788,3832,190744,77.06896551724138
1791431655,701227,28592,390148,94792,3832,164120,66.25052018310446
1791431661,700803,28200,390104,94792,3832,164120,68.10740013097578
1791431667,703675,29508,391532,94788,3832,164248,75.06561679790026
1791431673,701847,28664,390532,94788,3832,164248,67.15707485936824
1791431679,702043,28844,390672,94788,3832,164120,73.449989198531
1791431685,702243,28768,390840,94788,3808,164248,72.33398226260005
1791431691,702259,28652,390972,94788,3808,164248,65.68564725954361
1791431697,701487,28244,390732,94788,3808,164120,65.72286572286572
1791431702,712607,29024,392724,94788,3808,172464,97.10680878834023
1791431708,738791,29000,392296,94788,3808,199088,76.59947414548641
1791431714,711423,28864,391560,94788,3808,172592,78.81687690300132
1791431720,711735,28564,392172,94788,3808,172592,64.43532714316562
1791431726,740127,29512,392924,94788,3868,199216,65.24639552399397
1791431732,714855,29640,394136,94788,3868,172592,71.75275556516101
1791431738,744247,28916,393520,94792,3868,203320,81.75054704595186
1791431743,722287,29808,393044,94788,3868,180936,71.64440551784541
1791431749,746255,28468,391456,94800,3868,207816,63.417803768680955
1791431755,721211,29320,392184,94800,3868,181192,63.793103448275865
1791431761,722171,28808,393680,94800,3840,181192,66.6235167206041
1791431767,726399,26880,393628,94800,3840,187404,66.36264929424539
1791431773,754387,27992,393876,94800,3840,214028,67.13765788910297
1791431779,727295,28084,393312,94800,3840,187404,66.1328716727981
1791431785,726503,27144,393492,94800,3808,187404,68.79691185931803
1791431791,725291,27168,392504,94800,3808,187148,69.24398625429554
1791431796,733971,27496,392256,94800,3808,195748,69.7594501718213
1791431802,735055,28068,392636,94804,3808,195876,68.25703846980443
1791431808,760923,27728,392344,94800,3808,222372,69.01960784313725
1791431814,735239,27816,392940,94800,3808,196004,69.35413957520589
1791431820,765227,27676,422476,94804,3808,196588,84.87741375569537
1791431826,735775,27860,392836,94800,3808,196588,68.18181818181817
1791431832,739007,29360,394548,94788,3808,196588,69.07085277895631
1791431838,745831,27892,394368,94788,3808,205060,69.72318339100346
1791431843,746103,28676,393652,94788,3860,205188,64.71095772217429
1791431849,745319,28156,393388,94788,3860,205188,61.99390509360035
1791431855,743867,27824,392256,94788,3860,205188,64.42013129102845
1791431861,770529,27752,392232,94788,3860,231940,64.17391304347827
1791431867,746013,28860,393360,94788,3860,205188,65.16998075689544
1791431873,747573,28972,394740,94848,3860,205188,68.66579747935681
1791431879,749637,29720,395916,94848,3864,205316,71.66009636443277
1791431884,760029,33824,395164,94848,3924,212284,105.49641538127308
1791431890,791553,33696,400140,94860,3924,238908,119.53023053501522
1791431896,753577,28284,394456,94860,3924,212028,74.33318758198514
1791431902,754941,28748,395896,94860,3924,211484,73.66387636831938
1791431908,752165,28388,394288,94860,3924,210672,70.55280705528071
1791431914,779041,28468,394196,94860,3924,237552,68.87645286267757
1791431920,753769,28572,394872,94860,3956,211468,67.7995642701525
1791431926,752417,27600,394464,94860,3980,211468,62.66226622662266
1791431931,752573,27920,394692,94860,3980,211068,64.27645788336933
1791431937,751977,27736,394280,94860,3980,211060,60.475161987041034
1791431943,780873,29100,395320,94860,3980,237556,67.84699453551912
1791431949,752373,27900,394516,94860,3980,211056,69.22576447625244
1791431955,751501,27360,394056,94860,3980,211184,59.150679025652074
1791431961,752757,28140,394820,94860,3952,210928,67.67895878524945
1791431967,752485,28212,394604,94860,3952,210800,66.00086843247938
1791431973,753041,27972,395140,94864,3952,211056,67.26881720430107
1791431978,752957,28512,394680,94864,3920,210928,58.48609014448998
1791431984,779441,28540,394544,94852,3888,237552,61.91517271534762
1791431990,757053,30500,396704,94852,3864,211056,80.28293545534925
1791431996,795345,34760,402192,94852,3924,239532,136.13298337707786
1791432002,755397,27264,396488,94852,3924,212780,65.81066376496192
1791432008,755985,27332,397304,94852,3924,212480,71.79709516583569
1791432014,756993,28028,398284,94852,3924,211812,79.15499029963354
1791432019,755265,27264,397320,94852,3924,211812,76.22317596566523
1791432025,754733,27224,396828,94852,3924,211812,60.64855390008764
1791432031,754697,27484,397448,94852,3896,210928,62.896315338474714
1791432037,754257,27564,396928,94852,3896,210928,61.94111232279171
1791432043,753965,27500,396700,94852,3896,210928,61.31449368443588
1791432049,754429,27532,397132,94852,3896,210928,65.44974708599077
1791432055,753077,27032,396444,94852,3864,210800,72.39583333333334
1791432060,756241,28588,397916,94852,3864,210928,72.10824967263204
1791432066,781169,27864,397068,94852,3864,237424,62.198861147612796
1791432072,753993,27708,396800,94852,3864,210672,75.01082719792119
1791432078,781665,28144,397152,94852,3864,237552,61.801109688433634
1791432084,754981,27844,397392,94852,3864,210928,60.52460437892911
1791432090,753781,27320,396840,94848,3864,210800,57.765434736167485
1791432096,754341,27568,397008,94860,3864,210928,61.774744027303754
1791432102,754825,27780,397268,94860,3864,210928,57.73373545885394
1791432108,754381,27436,397168,94860,3864,210928,58.172346429346646
1791432114,753225,26828,396748,94860,3864,210800,57.488131204143286
1791432119,754829,27688,397492,94860,3864,210800,87.090389267649
1791432125,758037,29424,398756,94848,3924,210928,57.37669610165841
1791432131,757625,29660,398228,94848,3924,210800,74.41457068516912
1791432137,757129,28848,398004,94848,3924,211340,70.45746045318512
1791432143,769033,34832,402408,94848,3924,212824,100.57729313662604
1791432149,760229,28536,399900,94852,3924,212824,69.62546005628924
1791432155,758309,28004,399724,94848,3924,211612,66.89774696707106
1791432161,757033,27684,399564,94848,3940,210800,58.21313240043057
1791432166,756389,27584,399020,94848,3940,210800,55.1543007222587
1791432172,757381,28016,399448,94848,3940,210928,57.243195785777004
1791432178,757237,28148,399192,94852,3912,210928,57.18021355415123
1791432184,759017,29084,400156,94848,3912,210800,76.3986013986014
1791432190,765245,30396,403140,94864,3940,212680,89.88962472406182
1791432196,766357,30500,404396,94864,3944,212424,78.2646420824295
1791432201,760137,27448,402036,94864,3944,211612,69.16970607165844
1791432207,759486,27512,402000,94864,3944,210928,63.339070567986234
1791432213,759158,27284,401776,94864,3944,211056,62.81352235550709
1791432219,761146,28352,402692,94864,3944,211056,61.53846153846154
1791432225,760750,28160,402524,94864,3916,211056,60.634852083783194
1791432231,759398,27340,402092,94864,3940,210928,68.9745264532985
1791432237,760242,27924,402908,94864,3940,211056,62.18524195314211
1791432243,758978,27648,402176,94868,3940,210800,59.40766550522648
1791432248,759114,27872,402088,94864,3940,210800,61.40427387701701
1791432254,758842,27684,402052,94864,3908,210800,55.81395348837209
1791432260,758434,27336,401992,94864,3908,210800,57.8125
1791432266,758650,27320,402092,94864,3908,210928,56.8935427574171
1791432272,758930,27488,402204,94864,3908,210928,67.32068890342272
1791432278,757634,26948,401708,94864,3908,210672,54.16301489921121
1791432284,758450,27364,401816,94864,3908,210800,57.49521581968956
1791432289,785434,27460,402104,94864,3884,237424,55.48741805878621
1791432295,758822,27804,401768,94864,3888,210800,54.91042521044679
1791432301,787502,28416,403080,94864,3888,237552,68.34256497656584
1791432307,774914,32216,410996,94848,3948,213180,131.4996725605763
1791432313,767934,29428,407144,94860,3964,212796,69.55771305285869
1791432319,765510,27812,406920,94860,3964,212212,62.21267454350161
1791432325,765362,27856,406976,94860,3964,211944,65.90860330401202
1791432331,763694,27096,406072,94860,3964,211944,60.09721608484313
1791432337,765834,28044,407384,94860,3968,211816,63.93088552915766
1791432343,764438,27852,407064,94860,3968,210932,57.86649495599914
1791432348,762938,27136,406276,94860,3968,210932,57.2642310960068
1791432354,762718,27112,406080,94860,3968,210932,58.7853901015777
1791432360,789450,27348,406112,94864,3940,237428,54.94600431965443
1791432366,762578,26900,406184,94860,3940,210932,57.2894399315947
1791432372,790790,27812,406724,94860,3940,237684,59.594450373532545
1791432378,762926,27376,406048,94860,3940,210932,58.35565629507521
1791432384,763054,27496,406088,94860,3924,210932,56.542669584245075
1791432390,763710,27788,406336,94860,3908,211060,58.37651122625216
1791432396,764342,27920,406832,94860,3908,211060,56.81718544498027
1791432402,764110,28396,406128,94860,3908,211060,58.316766070245194
1791432408,764102,28344,406300,94860,3908,210932,61.83074265975821
1791432413,776082,31792,412864,94860,3968,212816,107.24890829694323
1791432419,771066,29776,410240,94856,3968,212432,67.87985090988819
1791432425,766778,27540,408748,94860,3968,211872,61.127851915626344
1791432431,767782,28180,409092,94864,3968,211872,59.2528982395878
1791432437,765558,27508,408476,94864,3968,210932,56.28403397952516
1791432443,765762,27400,408660,94864,3968,211060,59.91726540387546
1791432449,766177,27620,408888,94864,3940,211060,58.51132686084143
1791432455,765769,27112,409112,94864,3940,210932,56.22947230129187
1791432461,766233,27676,409140,94864,3940,210804,58.553337626100024
1791432466,766233,27748,408940,94864,3940,210932,57.36773065150853
1791432472,765197,27160,408488,94864,3940,210932,56.59388646288209
1791432478,765657,27452,408560,94864,3908,211060,58.31744013562196
1791432484,766445,27808,409120,94864,3908,210932,66.2387676508344
1791432490,766821,28240,409092,94864,3888,210932,64.86486486486487
1791432496,767337,28808,409032,94864,3888,210932,56.05762933857237
1791432502,765697,27748,408452,94864,3888,210932,56.849315068493155
1791432508,765009,27440,408204,94864,3888,210804,56.23387790197765
1791432514,794073,29068,408676,94864,3964,237684,65.98114824335904
1791432519,768045,29536,408928,94864,3964,210932,70.78405606657905
1791432525,780357,34856,414488,94864,4024,212300,99.74070872947277
1791432531,772077,28920,411876,94864,4024,212556,61.246495579038175
1791432537,771569,28828,411748,94864,4024,212268,60.66511332344843
1791432543,769781,28228,411640,94864,4024,211188,63.00839251129761
1791432549,770301,28452,411932,94864,4024,211188,60.24518388791593
1791432555,770021,28232,411872,94864,4024,211188,65.37709193653554
1791432561,772741,29660,413316,94860,3996,211060,67.19656283566057
1791432567,771397,29044,412588,94860,3996,211060,64.80494564058836
1791432572,770621,28612,412244,94860,3996,211060,58.61624409110443
1791432578,769833,28100,411968,94860,3996,211060,60.572166057216606
1791432584,770457,28680,412044,94860,3964,211060,65.22576503316927
1791432590,770509,28632,412172,94860,3940,211060,63.91090169201114
1791432596,770325,28492,412000,94860,3940,211188,64.5468310620809
1791432602,770265,28616,411816,94860,3940,211188,69.02232820290483
1791432608,771069,28792,412444,94860,3940,211188,62.10204971652856
1791432614,770549,28220,412492,94860,3940,211188,62.29007633587786
1791432620,769793,27340,412744,94860,3940,211060,62.99212598425197
1791432625,769825,27568,412540,94860,3940,211060,63.6106886812948
1791432631,795305,26884,412080,94860,3940,237684,64.95726495726495
1791432637,769653,27500,412436,94860,3940,211060,66.2822976724322
1791432643,782709,27120,425744,94860,3940,211188,78.20343461030383
1791432649,769517,26936,412736,94860,3940,211188,89.06352324819909
1791432655,769321,26808,412664,94860,3940,211188,68.0161943319838
1791432661,768813,26560,412532,94860,3940,211060,70.75064710957723
1791432666,769697,27188,412788,94860,3940,211060,71.84801381692574
1791432672,768637,26636,412412,94860,3940,210932,68.21436320243002
1791432678,769565,27060,412744,94860,3868,211188,60.68137990143562
1791432684,769581,27264,412556,94860,3868,211188,62.13258957305299
1791432690,771085,27580,413872,94860,3868,211060,65.68201563857515
1791432696,769381,27264,412472,94860,3880,211060,63.92294220665499
1791432702,771877,27748,414344,94860,3880,211188,60.36756756756757
1791432708,770161,27352,412604,94860,3884,211604,60.746236089897444
1791432713,770397,27308,412884,94860,3884,211604,56.45230902028485
1791432719,772593,27716,414672,94860,3884,211604,60.965576964710976
1791432725,770077,26712,413372,94860,3944,211332,60.055926005592596
1791432731,770173,27208,413100,94864,3944,211188,58.78043525102349
1791432737,769709,26836,413008,94848,3944,211188,59.568909209666884
1791432743,769513,26848,412780,94848,3944,211188,57.34084019055869
1791432749,796225,26740,412972,94848,3944,237812,58.169375534645
1791432755,769413,26672,412980,94848,3944,211060,56.43153526970954
1791432760,770177,27272,413180,94848,3916,211060,56.94564279551337
1791432766,776261,27196,419468,94848,3916,210932,81.31204143288736
1791432772,795733,26768,412872,94848,3916,237428,58.89777029869584
1791432778,797049,27444,413384,94848,3916,237556,58.407833120476795
1791432784,770349,27064,413816,94848,3916,210804,57.37669610165841
1791432790,770789,27448,413940,94848,3884,210932,55.46436285097192
1791432796,770233,26884,413820,94848,3884,211060,54.50662110209312
1791432802,770641,27352,413632,94848,3884,211188,57.73015525912968
1791432808,769397,26560,413176,94848,3884,211192,56.36998254799301
1791432814,773049,27400,416224,94848,3908,210932,64.25279789335089
1791432819,771177,26948,414676,94848,3908,211060,59.082177161152615
1791432825,774085,28456,416204,94848,3908,210932,60.09065400388517
1791432831,772205,27484,415040,94848,3908,211188,60.46811251878892
1791432837,772301,27260,415360,94848,3908,211188,62.16450216450217
1791432843,773533,27792,416060,94848,3908,211188,63.45657781599312
1791432849,773785,27288,416944,94848,3908,211060,63.70597243491577
1791432855,772365,26700,415940,94848,3908,211060,63.40082734596124
1791432861,774349,27260,417360,94848,3908,211060,63.52485474499677
1791432866,773205,27164,416312,94848,3908,211060,61.13127001067235
1791432872,773149,27272,416172,94848,3884,211060,65.16226090694175
1791432878,772653,26848,416228,94848,3884,210932,63.8015822108189
1791432884,772497,26844,415948,94848,3884,211060,61.39130434782609
1791432890,775737,28176,417724,94848,3888,211188,83.34405144694533
1791432896,774057,27240,416908,94848,3936,211188,64.56384598651294
1791432902,773473,27020,416540,94848,3940,211188,56.196943972835314
1791432908,773921,27404,416604,94848,3940,211188,57.56013745704467
1791432914,800109,27292,416408,94848,3940,237684,58.52813852813853
1791432920,772861,26832,416244,94848,3940,211060,58.48156182212582
1791432925,773121,27168,416168,94848,3940,211060,57.265692175408425
1791432931,773561,27288,416416,94848,4000,211060,55.536332179930795
1791432937,773605,27360,416388,94848,4000,211060,54.92537313432836
1791432943,773621,27440,416324,94848,4000,211060,57.16768027801912
1791432949,774609,27840,416752,94848,4032,211188,56.458287954693965
1791432955,774385,27996,416584,94848,3964,211060,64.49103090555435
1791432961,774281,27600,416784,94848,3936,211188,60.111635895234
1791432967,774425,27560,417096,94848,3936,211060,61.59139784946237
1791432973,775701,28512,417524,94848,3856,211060,58.26906598114824
1791432978,774125,27456,416876,94848,3856,211188,62.23381138635376
1791432984,774565,27372,417528,94848,3856,211060,61.18350779747917
1791432990,773725,27464,416628,94848,3824,211060,58.7012987012987
1791432996,773281,27376,416268,94848,3824,211060,58.075601374570454
1791433002,773709,27572,416244,94848,3824,211316,59.947871416159856
1791433008,779317,27352,422240,94848,3792,211188,80.06902502157031
1791433014,773745,27612,416404,94848,3792,211188,55.838225701239395
1791433020,773373,27528,416172,94848,3756,211188,56.65573770491803
1791433025,773141,27408,416188,94848,3756,211060,55.54095488392466
1791433031,774509,28280,416680,94848,3756,211060,55.20810869096399
1791433037,775333,28608,416852,94848,3800,211316,63.371465573062814
1791433043,801021,27844,416788,94860,3808,237812,71.63136055907403
1791433049,786373,33020,422040,94860,3872,212660,133.47557072754427
1791433055,777869,27268,419288,94860,3872,212660,62.911611785095324
1791433061,777725,27256,419724,94860,3872,212088,63.24453108078839
1791433067,802953,26576,419272,94860,3872,238444,61.14432109308283
1791433073,776761,26860,419548,94860,3872,211692,61.868958109559614
1791433078,776809,26816,419640,94860,3872,211692,57.90930381094316
1791433084,775993,26776,419532,94860,3844,211060,60.238907849829346
1791433090,775853,26720,419452,94860,3844,211060,59.50840879689522
1791433096,775853,26712,419460,94860,3844,211060,59.683625480974776
1791433102,776981,27232,420064,94860,3844,211060,59.05245346869712
1791433108,777217,27524,420040,94860,3812,211060,64.89778164419313
1791433114,776457,26996,419652,94860,3836,211188,62.37406920718354
1791433120,776185,27024,419352,94860,3836,211188,60.706498037505455
1791433126,777881,27712,420428,94860,3896,211060,60.66927422859626
1791433132,776273,26792,419732,94860,3896,211060,58.909403177329324
1791433137,775693,26552,419420,94860,3876,211060,60.475161987041034
1791433143,776129,26856,419552,94860,3876,211060,60.357835740461304
1791433149,802857,26872,419640,94860,3876,237684,58.078414476518745
1791433155,775173,26320,419136,94860,3876,211060,59.297789336801046
1791433161,775725,26620,419420,94860,3848,211060,59.538784067085956
1791433167,779101,28464,420824,94860,3848,211188,57.467248908296945
1791433173,804197,26864,421048,94860,3824,237684,98.89173060528559
1791433179,778697,27544,421360,94860,3824,211188,76.7791077257889
1791433185,777413,26820,420792,94860,3824,211188,60.310044595455516
1791433191,779645,28120,421880,94860,3796,211060,70.39301310043669
1791433197,778305,27424,421236,94860,3796,211060,62.55562619198983
1791433203,777421,26876,420896,94860,3796,211060,60.0
1791433208,777381,26956,420780,94860,3796,211060,59.85338507977577
1791433214,779295,28044,421604,94860,3796,211060,61.34020618556701
1791433220,779215,27452,421988,94860,3796,211188,67.19930900453465
1791433226,804219,27068,420880,94860,3796,237684,58.53242320819113
1791433232,804511,27284,420828,94860,3796,237812,68.03770351328193
1791433238,781343,28340,423228,94860,3796,211188,69.32646932646934
1791433244,777271,27120,420508,94860,3796,211060,68.68072158226472
1791433250,783051,27692,421480,94860,3796,215292,72.07207207207207
1791433256,805163,27380,421512,94860,3796,237684,65.46080964685615
1791433262,777411,26744,421020,94860,3796,211060,57.301215092730764
1791433267,777703,26924,421132,94860,3796,211060,61.604278074866315
1791433273,777539,27208,420688,94860,3796,211060,60.20386033398395
1791433279,779387,27940,421800,94860,3796,211060,57.61047463175123
1791433285,779363,27680,421492,94860,3796,211604,58.55758880516685
1791433291,784107,26888,426916,94860,3880,211604,82.14742224115894
1791433297,778395,26924,421032,94860,3880,211732,55.74550962995023
1791433303,779623,27928,421924,94860,3880,211060,57.204955444468595
1791433309,777555,26828,420824,94860,3880,211188,58.23491518144729
1791433315,804755,27172,421056,94860,3880,237812,55.107296137339056
1791433321,777867,26972,420992,94860,3880,211188,59.07099035933392
1791433327,778087,26672,421452,94860,3940,211188,55.47945205479452
1791433333,777103,26296,420968,94860,3940,211060,54.62744255958771
1791433338,804579,26752,421356,94860,3944,237684,53.23030693281821
1791433344,777539,26720,420976,94860,3944,211060,49.26486256126145
1791433350,805631,27268,421888,94860,3944,237684,50.21204410517388
1791433356,779047,26876,422320,94860,3944,211060,56.384598651294326
1791433362,778475,27020,421512,94848,3916,211188,53.86275356063875
1791433368,780215,27632,422632,94848,3920,211188,57.92326035118145
1791433374,806123,27260,422288,94848,3920,237812,59.29108485499462
1791433380,778891,27076,421868,94848,3920,211188,65.24271844660194
1791433386,778195,26748,422140,94848,3396,211188,55.62406974271742
1791433392,778147,26520,422320,94848,3396,211188,58.59543300301594
1791433398,777711,26676,421940,94848,3336,211060,56.872037914691944
1791433403,777807,26784,421928,94848,3336,211060,56.433703461789676
1791433409,778175,27048,422028,94848,3336,211060,56.10434038913834
1791433415,779259,27412,422828,94868,3364,210932,80.65630397236615
1791433421,777707,26836,421820,94868,3392,210932,58.09092867916398
1791433427,778351,27032,421976,94868,3512,211060,59.813084112149525
1791433433,779031,27356,422292,94868,3524,211060,57.71058315334773
1791433439,778687,26932,422364,94868,3524,211060,58.01393728222997
1791433445,805651,27224,422280,94868,3524,237812,61.56477126977341
1791433451,777763,26568,421804,94868,3524,211060,58.90615024473293
1791433456,778279,26888,421988,94868,3532,211060,58.262350936967636
1791433462,780151,27696,423048,94868,3536,211060,58.01592425220572
1791433468,779067,27448,422208,94868,3536,211060,59.60378983634798
1791433474,778247,27324,421512,94868,3536,211060,57.758620689655174
1791433480,780119,27984,422552,94868,3568,211188,59.59095801937567
1791433486,779983,27944,422448,94868,3568,211188,60.54806437581557
1791433492,779787,28088,422376,94868,3548,210932,56.1222293953088
1791433498,778683,27216,422144,94868,3548,210932,59.04761904761905
1791433504,779847,27856,422668,94868,3548,210932,57.687310524036384
1791433509,806463,28052,422464,94868,3548,237556,59.39833582248774
1791433515,780427,28476,422496,94868,3548,211060,68.90361188288095
1791433521,778683,27496,421864,94868,3548,210932,60.828705681332764
1791433527,805367,27684,421672,94868,3612,237556,58.14406229720961
1791433533,787039,28808,428936,94868,3632,210804,84.34726131197229
1791433539,779939,27972,422416,94868,3632,211060,60.63738156761412
1791433545,779431,27560,422320,94868,3632,211060,55.73344872349632
1791433551,779751,27676,422396,94868,3632,211188,54.85122897800776
1791433557,780479,27936,422864,94868,3632,211188,55.40308747855918
1791433563,778843,27020,422308,94868,3604,211060,53.81944444444444
1791433568,779667,27768,422384,94868,3608,211060,53.239929947460595
1791433574,779939,28164,422372,94868,3620,210932,51.63496473605471
1791433580,779947,27684,422736,94868,3620,211060,55.96075922371507
1791433586,780715,28196,423272,94868,3588,210804,63.81322957198443
1791433592,781915,28736,423664,94868,3592,211060,60.10672358591249
1791433598,782099,28848,423608,94868,3592,211188,69.14003860175852
1791433604,794871,32468,431480,94868,3652,212400,105.16515185103081
1791433610,781931,26904,424232,94868,3652,212272,61.35234391877296
1791433615,781851,26680,424500,94868,3652,212144,55.19042437431991
1791433621,781603,27428,424576,94860,3652,211060,56.83623095084782
1791433627,781651,27196,424856,94860,3652,211060,54.490760636012034
1791433633,780891,26832,424452,94860,3660,211060,56.62805662805663
1791433639,781699,27156,424840,94860,3632,211188,55.685257241677476
1791433645,780363,26648,424140,94860,3632,211060,57.11805555555556
1791433651,781499,26936,424860,94860,3632,211188,55.7161629434954
1791433657,780687,26476,424636,94860,3632,211060,55.56499575191164
1791433663,807539,26772,424472,94860,3600,237812,59.04761904761905
1791433669,780387,26396,424448,94860,3600,211060,58.499037844772296
1791433674,781223,27024,424656,94860,3600,211060,60.58759521218716
1791433680,780887,26936,424408,94860,3600,211060,56.57981169257719
1791433686,782463,27988,425248,94860,3388,211060,58.01592425220572
1791433692,779451,26544,423492,94860,3408,211188,54.149601207156714
1791433698,779555,26644,423496,94860,3408,211188,53.391115926327195
1791433704,779755,26672,423664,94860,3412,211188,53.36787564766839
1791433710,781915,27612,425012,94860,3412,211060,55.782021025531
1791433716,779479,26476,423688,94860,3436,211060,55.667022411953035
1791433721,780155,26748,424092,94860,3436,211060,60.47813913418049
1791433727,783123,27096,426652,94860,3496,211060,86.31267188491644
1791433733,807571,26856,424700,94860,3496,237684,57.9185520361991
1791433739,780975,27004,424552,94860,3516,211060,58.295380611581
1791433745,781443,27160,424856,94860,3520,211060,59.53248981342484
1791433751,780775,26888,424456,94860,3524,211060,59.01497070948145
1791433757,785491,28908,427020,94860,3524,211188,63.868455214192984
1791433763,807163,26628,424380,94860,3500,237812,59.469941822883
1791433769,780659,26592,424536,94860,3500,211188,57.60822974710673
1791433775,782023,27620,425000,94860,3500,211060,55.13720485003191
1791433780,781619,27032,425184,94860,3500,211060,56.04986030517946
1791433786,780815,26876,424568,94860,3468,211060,55.70165984048286
1791433792,782751,27716,425824,94860,3444,210932,61.33739925942061
1791433798,782003,27188,425476,94860,3444,211060,56.79862306368331
1791433804,782339,27512,425616,94860,3444,210932,57.340241796200345
1791433810,781403,26948,425116,94860,3444,211060,55.72401669962645
1791433816,781399,26900,424968,94860,3492,211188,58.20060266896255
1791433822,780887,26440,424904,94860,3492,211188,58.338727076591155
1791433828,781491,26884,425188,94860,3496,211060,69.60994427775397
1791433833,782603,27344,425840,94860,3496,211060,58.833768494342905
1791433839,809223,27388,425792,94860,3496,237684,59.948761742100764
1791433845,799811,26728,443524,94860,3508,211188,71.68334058286212
1791433851,782319,26760,426112,94860,3512,211060,72.00173498156582
1791433857,781619,26792,425248,94860,3516,211188,57.2293062459477
1791433863,780927,26416,424936,94860,3516,211188,60.48822639879023
1791433869,782687,27304,425804,94860,3516,211188,58.89464594127807
1791433875,781963,26804,425708,94860,3516,211060,60.42978076839592
1791433880,782151,27172,425476,94860,3568,211060,65.40880503144653
1791433886,783227,27316,426280,94860,3568,211188,58.36761203723749
1791433892,781791,26964,425324,94860,3568,211060,57.36568457538995
1791433898,809107,27332,425620,94860,3596,237684,58.08409189423494
1791433904,783019,27544,425928,94860,3596,211060,61.525204653166746
1791433910,783095,27280,426260,94860,3604,211060,60.950727154330366
1791433916,808647,26984,425480,94860,3604,237684,60.6943849121303
1791433922,781463,26608,425296,94860,3604,211060,60.720411663807894
1791433927,809431,27296,425888,94860,3668,237684,60.850880962612806
1791433933,781211,26712,424864,94860,3672,211060,59.921841076856275
1791433939,782407,27148,425664,94860,3628,211060,60.904996783186796
1791433945,783587,27772,426092,94860,3628,211188,61.234143195011825
1791433951,782111,27060,425328,94860,3628,211188,57.692307692307686
1791433957,809307,27184,425776,94848,3628,237812,55.7006092254134
1791433963,787151,26840,426520,94848,3600,215292,59.73008271658685
1791433968,788487,26704,432220,94848,3600,211060,80.25668449197862
1791433974,782739,26980,426308,94864,3600,210932,59.036144578313255
1791433980,809087,26952,425928,94864,3600,237684,58.50667834464638
1791433986,784075,27688,426708,94864,3568,211188,66.96871628910463
1791433992,782891,26884,426328,94864,3568,211188,57.216716932356746
1791433998,782467,26768,426020,94864,3568,211188,56.731583403895
1791434004,784031,27496,426856,94864,3568,211188,60.985761226725074
1791434010,782787,26932,426176,94864,3568,211188,58.60424794104898
1791434016,783743,27444,426748,94864,3568,211060,58.28621139625925
1791434021,782599,26636,426416,94864,3568,211060,59.72967174426089
1791434027,783439,27024,426736,94864,3568,211188,58.97435897435898
1791434033,783775,27404,426516,94864,3744,211188,56.4786913473956
1791434039,782831,26752,426104,94864,3768,211188,60.720411663807894
1791434045,782695,26892,425952,94864,3772,211060,56.589980649322726
1791434051,783259,27012,426264,94864,3772,211188,60.80880796104171
1791434057,783751,27276,426488,94864,3776,211188,61.49848419229104
1791434063,782875,26712,426172,94864,3780,211188,58.98937323790935
1791434069,783463,26928,426544,94864,3780,211188,54.39584235599827
1791434075,783079,26788,426552,94864,3784,210932,56.83344162876327
1791434080,782751,26516,426368,94864,3784,211060,57.577734290063056
1791434086,809127,26676,425960,94864,3784,237684,55.40453074433657
1791434092,783567,26984,426712,94864,3784,211060,80.79930495221546
1791434098,784007,27504,426680,94864,3752,211060,56.81479906442696
1791434104,782839,26780,426236,94864,3752,211060,57.15522840441653
1791434110,782735,26792,426120,94864,3752,211060,56.855455937021645
1791434116,782327,26408,425972,94864,3752,211188,58.63418877772945
1791434121,781939,26160,425960,94864,3752,211060,58.23554976097349
1791434127,783247,27224,426136,94864,3812,211060,55.07057546145494
1791434133,783495,26808,426792,94864,3812,211060,68.32432432432432
1791434139,783767,26660,427080,94864,3812,211188,61.49870801033591
1791434145,783127,26428,426676,94864,3812,211188,62.13760276936391
1791434151,810027,26760,426740,94864,3812,237684,59.17714772969516
1791434157,783019,26500,426740,94864,3816,210932,54.90533562822719
1791434163,782983,26348,426768,94864,3788,211060,56.20406398616515
1791434168,782911,26276,426892,94864,3788,210932,55.338345864661655
1791434174,783675,26808,426996,94864,3788,211060,53.54058721934369
1791434180,783583,26668,427016,94864,3816,211060,55.23809523809524
1791434186,783107,26452,426868,94864,3732,211060,54.89352548935255
1791434192,784187,26956,427312,94864,3732,211188,58.35706462212487
1791434198,783135,26492,426856,94864,3732,211060,53.82790597368988
1791434204,810575,26904,427256,94864,3732,237684,55.91116917047682
1791434210,814591,26124,432056,94864,3732,237684,79.70350991933725
1791434215,783611,26944,427292,94864,3428,211060,54.99238633891669
1791434221,782935,26444,427120,94864,3428,211060,54.054054054054056
1791434227,783935,26968,427464,94864,3428,211188,57.56013745704467
1791434233,783419,26484,427180,94864,3428,211444,55.49427238014425
1791434239,810483,26852,427368,94864,3428,237940,54.76603119584056
1791434245,783939,26832,427344,94864,3424,211444,55.81791108274835
1791434251,784147,26912,427464,94864,3424,211444,56.66162815806521
1791434257,783536,26612,427172,94864,3424,211444,54.23728813559322
1791434263,784264,26872,427764,94864,3424,211316,57.908383751080386
1791434269,783307,26332,427332,94864,3424,211316,55.890648730744196
1791434274,783539,26524,427372,94864,3424,211316,56.18267987936234
1791434280,810455,26756,427428,94864,3428,237940,54.3473616748558
1791434286,810811,26800,427740,94864,3428,237940,52.96045444614377
1791434292,783559,26592,427196,94864,3428,211444,53.84780278670954
1791434298,785171,26680,428200,94864,3432,211956,56.555269922879184
1791434304,785587,27088,428208,94864,3432,211956,57.5441583315599
1791434310,784887,26516,428084,94864,3432,211956,60.86384564788424
1791434316,785139,26620,428100,94864,3432,212084,55.37403267411866
1791434322,784339,26088,428088,94864,3432,211828,55.70165984048286
1791434328,784975,26600,428148,94864,3492,211828,57.19192786603693
1791434333,786551,26692,429624,94864,3492,211828,80.57428757885577
1791434339,785343,26792,428316,94864,3492,211828,55.51941010626762
1791434345,785067,26704,428256,94864,3492,211700,59.0093013194895
1791434351,785495,26848,428284,94864,3492,211956,56.83714958270918
1791434357,784923,26528,428036,94864,3492,211956,55.201879940183716
1791434363,785147,26692,428128,94864,3464,211956,57.0099386762529
1791434369,785603,26960,428316,94864,3464,211956,55.826201448321264
1791434375,784163,26132,427836,94864,3464,211828,54.20479302832244
1791434380,811871,26748,428428,94864,3464,238324,55.35791757049891
1791434386,785719,26900,428524,94864,3432,211956,56.4786913473956
1791434392,785075,26820,427960,94864,3432,211956,56.68629100084104
1791434398,784955,26808,427832,94864,3448,211956,54.80851063829787
1791434404,812047,26876,428232,94864,3448,238580,53.72745055422734
1791434410,812363,27052,428372,94864,3448,238580,54.92227979274611
1791434416,785195,26704,428048,94864,3448,212084,56.35263612791702
1791434422,785087,26752,427896,94864,3448,212084,57.74436090225564
1791434428,785927,27000,428476,94864,3448,212084,58.427928892696514
1791434434,786363,27252,428612,94864,3488,212084,57.46333045729077
1791434440,785691,26640,428660,94864,3500,211956,57.093574816731355
1791434445,785875,27064,428408,94864,3504,211956,58.094831268688594
1791434451,824731,26888,466928,94864,3504,212468,82.90972830850131
1791434457,785879,26876,428076,94864,3516,212468,56.36481521504214
1791434463,812815,26916,428332,94864,3520,239092,58.21025195482189
1791434469,785939,26508,428356,94864,3524,212596,55.52961154744216
1791434475,786227,26664,428360,94864,3528,212724,59.297343616109686
1791434481,787283,27028,429024,94864,3552,212724,57.06984667802385
1791434487,787595,27052,429312,94864,3552,212724,57.533642179572034
1791434493,813079,26416,429124,94864,3552,239220,58.452967645168194
1791434499,786683,26736,429032,94864,3552,212596,57.22983257229832
1791434504,786351,26672,428764,94864,3552,212596,54.68916898098697
1791434510,786143,26540,428692,94864,3552,212596,56.821134690342134
1791434516,787119,26796,429280,94864,3552,212724,57.538994800693246
1791434522,786023,26616,428644,94864,3356,212724,56.080359051079284
1791434528,786155,26632,428696,94864,3416,212724,54.25170068027211
1791434534,786335,26712,428788,94864,3416,212724,56.523623753792805
1791434540,785987,26392,428760,94864,3416,212724,53.92284351972258
1791434546,812503,26224,429096,94860,3392,239092,56.55862519034153
1791434551,786667,26872,429104,94860,3392,212596,55.21419299004759
1791434557,786491,26760,428836,94848,3392,212596,54.28387373845823
1791434563,786207,26640,428712,94848,3364,212596,53.98248985692932
1791434569,786783,26948,428928,94848,3396,212596,56.92041522491349
1791434575,787411,26580,429796,94848,3396,212724,77.46867700148653
1791434581,786383,26548,428804,94848,3396,212724,57.09401709401709
1791434587,786811,26724,429084,94848,3364,212724,63.18073334779779
1791434593,787355,26828,429392,94852,3364,212852,56.12510860121633
1791434599,787247,26660,429576,94848,3364,212724,57.13052858683927
1791434605,786783,26772,429104,94848,3388,212596,57.67482138991124
1791434610,787039,27164,428964,94848,3392,212596,54.382214621633175
1791434616,786559,26704,428944,94848,3392,212596,54.553453585569734
1791434622,786459,26604,428944,94848,3392,212596,53.79310344827586
1791434628,787715,26904,429768,94848,3392,212724,53.744116388532305
1791434634,813039,26636,428972,94848,3316,239220,55.26770293609672
1791434640,786475,26452,429216,94848,3316,212596,55.662862159789285
1791434646,786063,26136,429252,94848,3316,212468,53.83112654655958
1791434651,787527,26916,429804,94848,3316,212596,57.36636245110821
1791434657,786231,26396,429028,94848,3316,212596,54.019292604501615
1791434663,786983,26744,429328,94848,3292,212724,55.53889007928006
1791434669,786903,26636,429356,94848,3392,212596,58.09199318568995
1791434675,787595,27004,429520,94848,3404,212724,57.47775124810072
1791434681,786727,26464,429176,94848,3416,212724,51.5628368182798
1791434687,788807,27212,430500,94848,3420,212724,57.47775124810072
1791434693,813511,26800,455616,94848,3420,212724,69.78574551814604
1791434698,786491,26268,429256,94848,3424,212596,61.33625410733844
1791434704,786727,26760,428996,94848,3424,212596,56.36481521504214
1791434710,786631,26456,429336,94848,3424,212468,59.87454034176941
1791434716,814279,26676,429372,94848,3424,239860,56.15532323447835
1791434722,788051,26704,429584,94848,3440,213364,57.91539467945922
1791434728,787891,26604,429464,94848,3500,213364,54.63162429987074
1791434734,787259,26132,429296,94852,3500,213364,57.53779697624191
1791434740,788051,26600,429616,94848,3500,213364,56.64320750693111
1791434746,787699,26536,429584,94848,3500,213108,57.79402279079768
1791434751,787787,26552,429528,94848,3500,213236,54.77070202129972
1791434757,814431,26720,429384,94848,3500,239860,55.88993981083406
1791434763,787455,26440,429348,94848,3472,213236,54.58823529411765
1791434769,788931,27228,430032,94848,3472,213236,57.25405405405405
1791434775,788415,26692,429920,94848,3472,213364,56.77530017152659
1791434781,788715,27032,429908,94848,3460,213364,58.8031222896791
1791434787,787563,26424,429396,94848,3432,213364,55.1484933882506
1791434793,788691,26984,429960,94848,3432,213364,56.717724288840266
1791434799,788255,26436,429944,94848,3436,213492,56.45645645645646
1791434804,788663,26704,430080,94848,3436,213492,60.720411663807894
1791434810,788951,26812,430260,94848,3436,213492,57.58487322733132
1791434816,790079,27108,431036,94848,3484,213492,80.24003429061295
1791434822,788495,26684,429856,94848,3492,213492,54.841473864610116
1791434828,815795,26836,430244,94848,3496,240244,54.89000217817469
1791434834,789079,26856,430132,94848,3496,213620,57.0694087403599
1791434840,788731,26580,430084,94848,3472,213620,57.81659388646288
1791434846,788335,26352,429920,94848,3472,213620,54.878568385172564
1791434852,788839,26568,430204,94848,3472,213620,58.407833120476795
1791434857,788835,26632,430264,94848,3472,213492,57.640400522420556
1791434863,788623,26664,429860,94848,3500,213620,54.3855886768175
1791434869,788507,26592,429808,94848,3504,213620,55.90851334180432
1791434875,815423,26708,430112,94848,3504,240116,55.32840365376251
1791434881,788363,26700,429636,94848,3552,213492,54.14697034808766
1791434887,788551,26668,429732,94848,3552,213620,57.19237435008665
1791434893,789423,26848,430420,94848,3552,213620,53.31062380242708
1791434899,788959,26816,430116,94848,3552,213492,54.825417479939276
1791434905,814691,26332,429688,94848,3560,240116,53.64891518737672
1791434910,788087,26324,429716,94848,3560,213492,54.97507045306742
1791434916,788599,26576,430100,94848,3560,213364,53.151036103396706
1791434922,788331,26748,429828,94848,3440,213364,56.09808560980856
1791434928,788231,26684,429600,94848,3500,213492,57.278004730165556
1791434934,802835,26548,444204,94848,3500,213620,64.82247876279678
1791434940,788731,26440,430212,94848,3500,213620,69.2223439211391
1791434946,788671,26416,430200,94848,3476,213620,54.7112462006079
1791434952,788115,26376,429812,94848,3476,213492,51.34611242730993
1791434957,788395,26572,429868,94848,3504,213492,54.360528024237176
1791434963,816211,26988,430820,94848,3452,239988,54.50698264917477
1791434969,815479,26536,430416,94848,3452,240116,51.20416576263832
1791434975,789195,26660,430624,94848,3452,213492,53.25238508239376
1791434981,789231,26592,430604,94848,3452,213620,54.88673139158576
1791434987,789375,26704,430664,94848,3420,213620,53.08379413015738
1791434993,789675,26768,430900,94848,3420,213620,58.687943262411345
1791434999,815747,26352,430764,94848,3420,240244,58.932814862821346
1791435004,789403,26616,430908,94848,3420,213492,56.20689655172414
1791435010,789971,27288,430800,94848,3424,213492,56.04656175899978
1791435016,789183,26540,430764,94848,3424,213492,59.7170837867247
1791435022,789919,27004,431104,94848,3472,213364,58.11013499035783
1791435028,790947,26904,431408,94848,3512,214132,57.899231426131514
1791435034,790803,26836,431452,94848,3520,214004,54.07486631016043
1791435040,790431,26524,431268,94848,3520,214132,56.12529500107273
1791435046,817075,26572,431204,94848,3552,240756,57.15541877335678
1791435052,789767,26280,431064,94848,3552,213876,56.0853472675811
1791435057,793711,27068,434072,94848,3552,214004,76.10993657505286
1791435063,817167,26680,431292,94848,3552,240628,56.08283002588438
1791435069,790403,26640,431192,94848,3552,214004,64.98503634031637
1791435075,791111,27156,431240,94864,3552,214132,56.298870547350134
1791435081,790207,26512,431112,94864,3552,214004,57.79135748581405
1791435087,790823,26804,431428,94864,3556,214004,58.79539030223961
1791435093,791439,26868,431852,94864,3556,214132,55.20879120879121
1791435099,790447,26444,431408,94864,3556,214004,53.06998711893517
1791435104,790807,26568,431644,94864,3556,214004,53.874379451759125
1791435110,790823,26504,431724,94864,3556,214004,54.51826532792139
1791435116,791067,26852,431656,94864,3524,214004,53.5059331175836
1791435122,819239,27464,432336,94864,3524,240884,57.82312925170068
1791435128,791747,26976,431888,94864,3588,214264,58.468878768163094
1791435134,792987,27208,432892,94864,3588,214260,59.763186221743815
1791435140,819059,27220,432200,94864,3588,241012,57.6981213560786
1791435146,793743,27616,433108,94864,3588,214392,59.769113482901325
1791435152,792091,26704,432368,94864,3588,214392,57.20533566586485
1791435158,818587,26684,432376,94864,3604,240884,57.34084019055869
1791435163,792039,26892,432268,94864,3576,214264,56.541859486748
1791435169,792795,27252,432664,94864,3576,214264,58.94195759263226
1791435175,792679,26700,432328,94864,3576,215036,58.94195759263226
1791435181,793491,26964,432848,94864,3600,215040,81.6573154941735
1791435187,793839,27264,432932,94864,3568,215036,55.172413793103445
1791435193,795039,27504,433760,94864,3568,215168,62.19747269222532
1791435199,794639,27312,433676,94864,3568,215040,60.69295101553166
1791435205,793899,27056,433064,94864,3568,215168,59.18323711781056
1791435211,793187,26484,433056,94864,3568,215040,59.49119373776908
1791435217,793787,26688,433572,94864,3572,214912,59.7496286866115
1791435223,795083,27464,433960,94868,3572,215036,58.925476603119584
1791435229,794363,27036,433536,94868,3572,215168,62.2508038585209
1791435235,794511,26920,433800,94868,3572,215168,59.393156875403484
1791435241,794575,27040,433712,94864,3596,215168,59.50413223140496
1791435247,794267,26708,433728,94864,3596,215168,58.10250817884406
1791435252,794919,27048,434168,94864,3596,215040,57.31549417350021
1791435258,794859,27112,434040,94864,3600,215040,56.90021231422505
1791435264,795331,27044,434580,94864,3600,215040,57.7580747308423
1791435270,793915,26836,433376,94864,3600,215040,56.26598465473146
1791435276,794483,26748,433896,94864,3604,215168,56.161442679261484
1791435282,793859,26696,433456,94864,3604,215040,55.408294142796066
1791435288,793927,26644,433564,94864,3604,215040,59.03743315508021
1791435294,793871,26708,433444,94864,3604,215040,56.665953349026324
1791435300,795187,26632,434732,94864,3588,215168,78.22909950569526
1791435306,794043,26560,433664,94864,3588,215164,53.565217391304344
1791435312,821439,27104,433892,94864,3588,241788,55.261459005810195
1791435318,794195,26300,434076,94864,3588,215164,55.07862303442413
1791435324,794167,26380,434092,94864,3588,215040,52.92972972972972
1791435330,795587,26776,434928,94864,3648,215168,53.32211942809083
1791435336,794295,26460,433948,94864,3648,215168,55.98463836142522
1791435342,793939,26156,434024,94864,3648,215040,54.638297872340424
1791435347,794651,26568,434316,94864,3648,215040,56.6053869174861
1791435353,794371,26516,434088,94864,3648,215040,57.90149892933619
1791435359,794655,26768,434120,94864,3648,215040,57.04407951598963
1791435365,820991,26432,434204,94864,3620,241664,56.89580631214872
1791435371,793995,26400,433740,94864,3620,215168,56.43010752688172
1791435377,794995,26788,434476,94864,3620,215040,57.960954446854664
1791435383,794003,26288,433860,94864,3620,215168,56.35005336179295
1791435389,794383,26516,434044,94864,3588,215164,54.702329594477995
1791435395,794463,26500,434140,94864,3588,215164,54.33701059917803
1791435401,794579,26672,434084,94864,3588,215164,55.00000000000001
1791435407,793967,26348,433928,94864,3588,215036,56.43858903527412
1791435413,794499,26824,434104,94864,3496,215036,55.87676725047478
1791435418,816819,26664,456580,94864,3496,215040,70.78872623989513
1791435424,795455,26956,434852,94864,3544,215040,67.8113453597044
1791435430,795911,27140,435124,94864,3544,215040,55.266524520255864
1791435436,796239,27652,434816,94864,3544,215164,51.71366594360087
1791435442,795647,27384,434492,94864,3544,215164,53.61884368308352
1791435448,795635,27300,434560,94864,3544,215168,53.37925096857512
1791435454,795619,27060,434780,94868,3544,215168,54.272667971298105
1791435460,799931,27068,435108,94864,3544,219144,56.86063989692936
1791435465,798187,28520,436016,94864,3544,215040,59.54525954525954
1791435471,795779,27460,434672,94864,3544,215040,56.79442508710801
1791435477,795871,27520,434828,94864,3544,214912,57.216716932356746
1791435483,797531,27872,435316,94864,3572,215704,59.081150708458566
1791435489,796539,27108,435084,94864,3572,215708,58.22894168466522
1791435495,796863,27428,435220,94864,3572,215576,59.74025974025974
1791435501,822791,26884,435208,94864,3572,242060,56.946236559139784
1791435507,796355,26892,435656,94864,3572,215168,54.863058011645464
1791435513,795675,26700,435292,94864,3572,215040,55.82978723404255
1791435519,798355,27580,436068,94864,3572,216064,55.36507936507936
1791435524,796383,26696,434988,94864,3572,216060,55.35675792196594
1791435530,798067,27368,435936,94864,3632,216060,52.756756756756765
1791435536,796375,26536,435068,94864,3632,216060,52.43055555555556
1791435542,799215,27236,437232,94864,3608,216060,78.09935205183585
1791435548,796603,26532,435328,94864,3608,216060,55.01084598698481
1791435554,797543,27000,435664,94864,3608,216192,54.04227500544781
1791435560,800095,26900,436268,94864,3608,218240,56.84843280377845
1791435566,797771,26872,436056,94864,3580,216192,54.93413949470957
1791435572,797547,26772,436060,94864,3580,216064,55.349135169762974
1791435577,797075,26584,435776,94864,3580,216064,52.76047261009666
1791435583,797791,27032,436044,94864,3580,216064,53.990914990266056
1791435589,798079,27276,436124,94864,3548,216060,53.62749257530759
1791435595,797163,26876,435604,94864,3548,216064,53.92872477458136
1791435601,797663,26828,436024,94864,3548,216192,53.54330708661418
1791435607,799851,27984,437052,94864,3552,216192,55.80997218061202
1791435613,828051,28696,437900,94864,3568,242812,60.12058570198106
1791435619,797819,26512,436468,94864,3568,216188,57.79796668829764
1791435625,799455,27228,437380,94864,3572,216192,61.68384879725086
1791435631,797387,26360,436444,94864,3572,215932,63.62272240085745
1791435636,798235,26764,436756,94864,3572,216060,57.391304347826086
1791435642,798371,26860,436796,94864,3572,216060,57.34144222415291
1791435648,798295,26772,436808,94864,3572,216060,55.095948827292105
1791435654,798479,26884,436828,94864,3624,216060,58.1787161441672
1791435660,813571,27460,451472,94864,3624,215932,63.49206349206349
1791435666,799655,27648,437232,94864,3628,216064,71.88456493222563
1791435672,797903,26700,436432,94864,3628,216064,54.74956822107081
1791435678,798559,26740,437168,94864,3632,215936,55.58701807884992
1791435683,825119,26884,436960,94864,3632,242560,54.778156996587036
1791435689,798355,26932,436772,94864,3632,215936,58.04794520547946
1791435695,798111,27392,436196,94864,3632,215804,55.042735042735046
1791435701,797863,27196,436132,94864,3632,215804,59.08011228676312
1791435707,825483,26984,437084,94848,3632,242684,54.949847361535106
1791435713,799899,27060,437664,94848,3632,216444,57.87891799055389
1791435719,799995,27128,437560,94852,3632,216572,57.91539467945922
1791435725,799131,26708,436988,94852,3632,216700,56.35501938819474
1791435731,799035,26444,437220,94852,3692,216576,57.680787334189134
1791435737,800695,27640,437676,94852,3692,216576,58.18493885432311
1791435742,800419,27196,437844,94848,3692,216576,56.15532323447835
1791435748,800055,26924,437752,94848,3692,216576,54.47101917690153
1791435754,799119,26800,437068,94848,3692,216448,53.16402116402117
1791435760,800003,27156,437468,94848,3692,216576,57.55270593349272
1791435766,800319,27244,437604,94852,3664,216700,63.69700882289649
1791435772,801171,27500,438196,94852,3664,216704,59.29090132422042
1791435778,801083,26600,437088,94852,3664,218624,56.21529260999573
1791435784,800643,27152,438120,94848,3688,216576,81.15691776386791
1791435790,799951,26828,437784,94848,3656,216576,57.36434108527132
1791435796,825667,26388,437640,94848,3420,243200,58.7853901015777
1791435801,799831,26776,438164,94848,3424,216448,58.61486486486487
1791435807,799699,26656,438152,94848,3424,216448,58.28497743391361
1791435813,800407,27056,438452,94848,3436,216444,59.47892395678882
1791435819,800463,27012,438368,94848,3556,216444,59.0234459023446
1791435825,827803,27184,438892,94864,3560,243068,56.490850376749194
1791435831,800079,26652,438316,94864,3568,216444,57.31814198071867
1791435837,800343,26800,438300,94864,3572,216572,58.98216615919966
1791435843,800687,26712,438756,94864,3548,216572,60.229984812323714
1791435849,803339,28248,438836,94864,3548,217604,60.246699848517636
1791435855,804991,28956,439780,94864,3548,217604,61.22009053675362
1791435860,802615,27760,438600,94864,3548,217604,64.48275862068965
1791435866,829183,27980,438320,94864,3552,244228,59.63920886763747
1791435872,830847,28640,439452,94864,3552,244100,59.488502041693536
1791435878,803815,28540,439140,94864,3552,217480,59.233749461902704
1791435884,803575,28468,438720,94864,3552,217732,55.881722734090424
1791435890,803883,28664,438828,94864,3552,217736,60.34147395720769
1791435896,803359,28216,438756,94864,3552,217732,58.45369583687341
1791435902,808707,28204,444116,94864,3552,217732,61.88613646240765
1791435908,804623,28280,440064,94864,3564,217608,75.46509082950318
1791435913,803155,28100,438764,94864,3572,217604,58.49462365591398
1791435919,804651,28504,439856,94864,3572,217604,61.23583493692538
1791435925,804007,28264,439448,94864,3572,217608,60.548885077186966
1791435931,804415,28560,439372,94864,3632,217736,59.95717344753747
1791435937,804799,28588,439848,94864,3632,217608,61.89655172413793
1791435943,805291,28632,440168,94864,3632,217736,60.51148677936714
1791435949,804891,28476,439924,94864,3632,217732,64.3658326143227
1791435955,804227,28292,439440,94864,3632,217736,62.832618025751074
1791435961,808559,28452,439508,94864,3632,221840,63.918402039948994
1791435967,805623,28792,440320,94864,3636,217736,63.417803768680955
1791435973,806819,27712,440132,94864,3636,220200,61.31324004305705
1791435978,805035,27324,440532,94864,3636,218404,59.755312298776566
1791435984,804247,26976,440092,94864,3636,218404,59.22032413491021
1791435990,804611,27276,440456,94864,3604,218136,59.25925925925925
1791435996,803367,26720,439908,94864,3608,217992,59.036144578313255
1791436002,803427,26920,439772,94864,3608,217988,57.34084019055869
1791436008,804167,27096,440336,94864,3608,217988,59.6528819370045
1791436014,804391,27356,440300,94864,3608,217988,58.740661686232656
1791436020,804907,27264,440904,94864,3608,217992,60.71582578697714
1791436026,803299,26364,440200,94864,3612,217988,82.55739111778588
1791436031,803211,26684,439912,94864,3612,217864,65.68086515118075
1791436037,804515,27028,440108,94864,3612,218628,66.18212911500642
1791436043,805123,27508,440104,94864,3612,218760,62.852112676056336
1791436049,804511,27000,440124,94864,3612,218628,69.0948745910578
1791436055,805043,27240,440288,94864,3612,218756,65.00972552409769
1791436061,831123,26752,440232,94864,3612,245380,64.622030237581
1791436067,831095,26896,440188,94864,3612,245252,58.6852416195037
1791436072,804903,26920,440592,94864,3616,218628,55.805966945696504
1791436078,804299,26732,440172,94864,3616,218632,57.84166487878137
1791436084,807111,28036,441656,94864,3640,218632,55.49132947976878
1791436090,804711,27076,440216,94864,3640,218632,57.056145675265554
1791436096,806863,27008,440260,94864,3640,220808,57.30459394731112
1791436102,831359,26832,440364,94864,3640,245380,69.25219627169487
1791436108,807115,28012,441556,94864,3640,218760,66.86669524217746
1791436114,804799,26636,440616,94864,3640,218760,58.41820151679307
1791436120,805107,26764,440792,94864,3640,218760,54.26057093796952
1791436125,804631,26480,440720,94864,3640,218632,57.623463446193654
1791436131,804919,26696,440732,94864,3700,218632,57.868675995694296
1791436137,804947,26812,440636,94864,3700,218632,57.56650675970345
1791436143,804759,26716,440672,94864,3700,218504,62.68215417106653
1791436149,832899,27484,441168,94864,3700,245384,88.01200943598542
1791436155,832135,26776,441236,94864,3700,245256,54.30853299705759
1791436161,806387,26848,442096,94864,3660,218632,56.62805662805663
1791436167,805203,26584,441084,94864,3632,218760,54.365591397849464
1791436173,805891,27036,441320,94864,3632,218760,56.14035087719298
1791436179,806103,27080,441492,94864,3632,218756,56.14338155905851
1791436185,805643,26808,441332,94864,3608,218760,56.50301464254953
1791436191,831507,26592,440828,94864,3576,245380,55.77045696068013
1791436196,805307,26684,441284,94864,3576,218628,56.33063634375684
1791436202,807371,27880,442256,94864,3592,218500,64.54426515481902
1791436208,805127,26656,441112,94864,3592,218628,64.53287197231833
1791436214,805743,26980,441264,94864,3596,218760,71.5616200996318
1791436220,833047,27332,441592,94864,3596,245384,68.059181897302
1791436226,809223,27564,442112,94864,3596,220808,66.28328008519702
1791436232,805859,26944,441420,94864,3596,218756,67.82037239868565
1791436238,806027,27032,441496,94864,3596,218760,68.50258175559381
1791436243,804991,26464,441160,94864,3596,218632,57.48605748605748
1791436249,805823,27052,441400,94864,3596,218632,56.73036093418259
1791436255,805423,26668,441384,94864,3596,218632,55.37529742591391
1791436261,805947,26960,441620,94864,3596,218628,57.25272377697074
1791436267,812827,27220,448108,94864,3596,218760,86.14313682836632
1791436273,832595,26944,441660,94864,3596,245252,57.34144222415291
1791436279,806695,27184,442016,94864,3596,218756,56.18556701030928
1791436285,806031,26740,441796,94864,3596,218756,56.039904576013875
1791436291,806555,26836,442480,94864,3596,218500,63.97218600608431
1791436296,806299,26840,442088,94864,3596,218632,69.38600257621297
1791436302,833483,27480,442008,94864,3596,245252,64.27470834250495
1791436308,805867,26704,441660,94864,3596,218760,54.14316702819957
1791436314,808115,27212,443144,94864,3596,219016,71.47887323943662
1791436320,808375,27260,443360,94864,3596,219012,62.94067067927773
1791436326,807103,26564,442780,94864,3596,219016,65.09186351706036
1791436331,808963,27396,443880,94864,3656,218884,58.77551020408164
1791436337,807463,26732,443036,94864,3656,218884,57.04407951598963
1791436343,807699,26816,443184,94864,3656,218888,54.721445472144545
1791436349,807191,26592,442896,94864,3656,218888,57.92630676949443
1791436355,807999,27212,443088,94864,3656,218884,64.20600858369099
1791436361,808243,27124,443292,94864,3656,219012,59.24657534246576
1791436367,807199,26648,442764,94864,3628,219012,53.28764189333904
1791436373,807663,26904,442964,94864,3628,219016,55.33092147265376
1791436379,808315,27532,443120,94864,3628,218884,55.47945205479452
1791436385,808771,27880,443100,94864,3628,219012,56.849315068493155
1791436391,810063,27836,443188,94864,3596,220292,78.43474521608256
1791436397,809055,27156,442856,94864,3596,220296,58.15358067299397
1791436402,809703,27624,443168,94864,3596,220164,57.77400169923534
1791436408,809735,27884,442936,94864,3596,220168,64.52717158750535
1791436414,810003,28212,443004,94864,3596,220040,56.14938828074693
1791436420,810155,28168,443200,94864,3596,220040,60.85440278988666
1791436426,837011,28228,443224,94864,3620,246788,61.15201385881333
1791436432,810563,28388,443112,94864,3620,220292,63.93762183235867
1791436438,810219,28016,443140,94864,3620,220292,58.006042296072515
1791436444,810099,27856,443052,94864,3620,220424,59.45945945945946
1791436450,811531,28488,444108,94864,3620,220164,65.15216459494214
1791436455,809911,27624,443348,94864,3620,220168,59.813084112149525
1791436461,810919,28316,443664,94864,3620,220168,56.77308024158757
1791436467,810303,28256,443112,94864,3620,220164,58.70774497218656
1791436473,814439,29088,445896,94864,3712,220552,63.917080544158935
1791436479,812711,28308,444952,94864,3712,220548,59.877085162423185
1791436485,812719,28272,445132,94864,3692,220424,59.904222899434046
1791436491,813727,28684,445600,94864,3692,220552,62.45353159851301
1791436496,812551,28156,445084,94864,3692,220420,69.37431394072448
1791436502,813563,27676,446576,94864,3692,220420,63.63636363636363
1791436508,852591,27500,485904,94864,3692,220296,83.0010718113612
1791436514,814291,27856,447252,94864,3692,220292,72.85372745055423
1791436520,814511,27624,447704,94864,3692,220292,71.55603917301414
1791436526,813071,26928,446704,94864,3692,220548,72.04535542956825
1791436532,813387,27108,446776,94864,3752,220552,61.53846153846154
1791436537,813983,27108,447624,94864,3752,220292,59.17521274274493
1791436543,812399,26748,446400,94864,3752,220292,64.60686128276156
1791436549,813039,26956,446576,94864,3752,220548,56.274424663482414
1791436555,815039,27220,447792,94864,3752,221068,63.94409259663683
1791436561,815695,27320,447552,94864,3752,221864,65.5793991416309
1791436567,815211,26960,447468,94864,3724,221860,66.28031766473492
1791436573,814979,26836,447356,94868,3724,221864,64.70078057241977
1791436579,815339,26812,447740,94868,3724,221860,57.06962836394703
1791436585,815159,26608,447760,94868,3724,221864,59.43949598088203
1791436590,814431,26496,447392,94868,3632,221736,54.435831180017225
1791436596,841663,26824,447668,94868,3636,248356,59.59095801937567
1791436602,815459,26964,447944,94868,3636,221736,64.77024070021882
1791436608,841935,27128,447632,94868,3636,248360,67.455102934735
1791436614,815235,26824,447736,94868,3636,221860,58.41820151679307
1791436620,816243,27276,448268,94880,3636,221860,56.810845706907685
1791436626,815823,27104,448016,94880,3636,221864,56.694286960314
1791436632,817239,26872,449792,94880,3636,221736,82.10023866348448
1791436637,816315,26812,448932,94880,3636,221732,57.50744364100383
1791436643,815667,26624,448472,94880,3636,221736,60.28687647184757
1791436649,815619,26692,448356,94880,3636,221732,58.56590811507084
1791436655,815443,26564,448304,94880,3636,221736,58.999122036874454
1791436661,817531,27684,449276,94880,3636,221732,63.64029399048854
1791436667,817151,27416,449036,94880,3636,221860,67.61550251806437
1791436673,817535,27592,449240,94880,3636,221864,67.27509778357236
1791436679,815983,26744,448536,94880,3636,221864,69.30907515702837
1791436684,815367,26400,448392,94880,3636,221736,63.95917499468424
1791436690,844243,27728,449188,94880,3636,248488,61.99007122814591
1791436696,817239,27552,449112,94880,3636,221736,69.66101694915254
1791436702,816831,27232,448896,94880,3636,221864,61.59139784946237
1791436708,817675,27708,449520,94880,3636,221608,59.6401028277635
1791436714,817003,27576,448852,94880,3636,221736,57.99126637554585
1791436720,817863,26816,449324,94880,3636,222884,60.231660231660236
1791436726,818975,27616,449548,94940,3660,222888,58.74125874125874
1791436732,819435,27308,450124,94940,3724,223016,60.01293382194438
1791436738,818131,26692,449688,94940,3724,222756,57.403783431180685
1791436743,818579,26928,449900,94940,3724,222756,59.07639923387955
1791436749,867987,27360,472252,94940,3724,249380,80.21061869240896
1791436755,847131,27968,450660,94940,3724,249508,74.22319474835886
1791436761,819299,27420,450000,94940,3724,222888,65.19671422395157
1791436767,819343,27200,450292,94940,3696,222884,59.518226390961416
1791436773,819771,27496,450416,94940,3696,222888,60.634852083783194
1791436779,818927,26700,450376,94940,3696,222884,64.55777921239509
1791436785,821519,27820,451868,94940,3672,222884,63.88828278420249
1791436790,820911,28064,451172,94940,3640,222760,70.70967741935485
1791436796,821919,28608,451764,94940,3640,222632,65.46245919477694
1791436802,819883,27680,450528,94940,3640,222760,62.48643957474507
1791436808,819035,26820,450412,94940,3640,222888,56.37931034482758
1791436814,819259,27120,450340,94940,3640,222884,69.36917407327118
1791436820,821351,27936,451228,94940,3640,223268,70.49742710120069
1791436826,820891,27488,451088,94940,3640,223396,67.61535144458819
1791436832,819511,26700,450624,94940,3640,223268,60.43354499671557
1791436837,846103,26756,450588,94940,3600,249896,58.078414476518745
1791436843,819491,27012,450344,94940,3600,223272,60.32159930465015
1791436849,820471,27312,451024,94940,3600,223272,60.94087181700475
1791436855,819831,27108,450588,94940,3600,223272,59.57446808510638
1791436861,819735,27016,450712,94940,3600,223144,61.135371179039296
1791436867,818835,26464,450112,94940,3600,223400,61.01987899740708
1791436873,822335,26988,453088,94940,3600,223396,82.85897710250374
1791436878,822235,27776,452324,94940,3600,223272,61.271425471902795
1791436884,846119,26656,450708,94940,3600,249896,59.42464577071704
1791436890,819415,26552,450732,94940,3600,223272,56.54632448890822
1791436896,819695,26836,450724,94940,3600,223268,55.41496890413896
1791436902,820319,27208,450976,94940,3600,223268,60.635268346111715
1791436908,820147,26808,451204,94940,3600,223268,55.17834121186076
1791436914,822567,27540,452764,94940,3600,223396,66.02357984994642
1791436920,819739,26564,450908,94940,3600,223400,56.274424663482414
1791436926,819323,26280,450908,94944,3600,223268,58.67589787970575
1791436931,819599,26472,450924,94944,3664,223268,55.54118154376887
1791436937,820183,26692,451276,94940,3664,223272,56.53587686971602
1791436943,820127,26948,451092,94940,3664,223144,53.43609505459217
1791436949,821207,27188,451804,94940,3664,223272,56.21901271825824
1791436955,820691,26916,451432,94940,3664,223400,54.009890346162116
1791436961,820551,26980,451532,94940,3452,223396,55.244299674267104
1791436967,821043,27028,452008,94940,3424,223400,52.7759634225996
1791436973,819491,26244,451264,94940,3536,223268,56.99391833188532
1791436978,822291,26616,452616,94940,3544,224292,55.69837189374465
1791436984,823319,27144,453112,94940,3544,224296,55.714590899380475
1791436990,822247,26744,452464,94940,3512,224296,56.44851843956512
1791436996,822475,26524,452788,94940,3512,224424,78.23453050627434
1791437002,822851,26788,453024,94940,3512,224296,54.91042521044679
1791437008,824059,27444,453576,94940,3512,224296,59.681190223166844
1791437014,822935,26672,453228,94940,3512,224292,55.754475703324815
1791437020,850987,26816,454384,94940,3512,251044,65.6392446277404
1791437026,851195,27304,454076,94940,3536,251048,54.647643752702116
1791437032,824679,26660,454828,94940,3536,224424,55.101604278074866
1791437038,850267,26840,453804,94940,3392,251048,63.917080544158935
1791437044,849319,26216,453484,94940,3392,251048,56.48490115142298
1791437049,824087,26956,454212,94940,3444,224292,62.16626872151074
1791437056,823779,27008,453700,94940,3448,224424,56.672158154859964
1791437062,823763,26600,454200,94940,3456,224292,53.2762312633833
1791437067,850607,26924,454092,94940,3456,250920,56.415786068578825
1791437073,826503,28276,455248,94940,3472,224292,54.33053943692242
1791437079,823787,26808,454120,94940,3472,224164,56.27967198964178
1791437085,824279,27104,454340,94940,3448,224164,55.90484282073067
1791437091,823611,26628,454020,94940,3448,224292,50.58670143415907
1791437097,823695,26620,453984,94940,3448,224420,55.30189886921272
1791437103,823831,26680,454056,94940,3448,224424,58.549222797927456
1791437109,825043,27132,454820,94940,3448,224420,54.64098073555166
1791437115,826307,27340,455876,94940,3448,224420,79.81320314158353
1791437121,825615,26984,455408,94940,3448,224552,58.51994028577522
1791437127,824419,26432,455020,94940,3448,224296,56.830601092896174
1791437132,824843,26740,455064,94940,3512,224296,62.29997866439086
1791437138,824699,26876,454872,94940,3368,224420,65.00108624809906
1791437144,824323,26708,454916,94940,3368,224164,55.42325178610089
1791437150,825071,27032,455148,94940,3416,224292,56.50301464254953
1791437156,824435,26576,454832,94940,3416,224420,55.61038403776014
1791437162,824635,26692,454912,94940,3416,224424,55.45774647887324
1791437168,825491,27076,455420,94940,3388,224424,52.779580359074195
1791437174,825863,26864,455532,94940,3468,224808,58.7984661269706
1791437179,825587,26836,455228,94940,3492,224808,58.52395338800173
1791437185,828775,27532,456812,94940,3492,225716,57.464301168325406
1791437191,826859,27060,455400,94940,3460,225716,56.80373039423484
1791437197,825963,26760,454680,94940,3460,225844,58.320676936428725
1791437203,826691,27112,455052,94940,3460,225844,55.917667238421956
1791437209,826463,26592,455548,94940,3460,225840,58.15053763440861
1791437215,825843,26820,454696,94940,3460,225844,58.57848400257677
1791437221,825599,26668,454604,94940,3460,225844,56.07961921246214
1791437227,825499,26736,454440,94940,3460,225844,54.744996772111044
1791437233,826199,27052,454972,94940,3436,225716,58.44748858447488
1791437238,826679,26992,455508,94940,3440,225716,74.39843919358336
1791437244,826259,27140,454944,94940,3440,225712,58.69055235657923
1791437250,825103,26552,454636,94940,3440,225456,56.88350983358548
1791437256,825491,26692,454720,94940,3284,225844,59.00366616346776
1791437262,825243,26564,454608,94940,3284,225840,62.94067067927773
1791437268,826575,27300,455192,94940,3284,225840,62.9193899782135
1791437274,825767,26576,455084,94940,3300,225840,60.16857575102659
1791437280,826143,26816,455288,94940,3344,225712,60.882800608828006
1791437285,825459,26608,454776,94940,3376,225712,56.630980991916104
1791437291,825327,26596,454764,94940,3380,225584,56.91973969631236
1791437297,826927,27180,455520,94940,3380,225840,53.79459459459459
1791437303,825679,26640,454812,94940,3380,225840,55.56989247311827
1791437309,825811,26704,454880,94940,3380,225844,54.820579334198015
1791437315,826375,26880,455268,94940,3380,225840,57.14285714285714
1791437320,826019,26564,455328,94940,3396,225716,56.01901880267992
1791437326,825931,26620,455192,94940,3396,225712,51.94805194805194
1791437332,826907,26932,455784,94940,3460,225716,66.82173821103828
1791437338,826607,26564,455720,94940,3460,225840,55.69402664374732
1791437344,853211,26596,455672,94940,3460,252464,55.49828178694158
1791437350,853087,26596,455676,94940,3460,252336,59.647614954877525
1791437356,832239,26588,461332,94940,3460,225840,78.22909950569526
1791437362,827459,26988,456144,94940,3460,225844,55.40453074433657
1791437368,827279,26304,456432,94940,3432,226100,54.49023861171367
1791437374,827163,26260,456492,94940,3432,225968,55.85819282317337
1791437379,854635,26776,456812,94940,3432,252596,53.59844391614437
1791437385,828107,26832,456852,94940,3432,225972,53.93258426966292
1791437391,828787,27144,457256,94940,3400,225968,52.932330827067666
1791437397,827943,26904,456648,94940,3400,225972,52.385082393755425
1791437403,828575,26920,457008,94940,3400,226228,53.678532901833876
1791437409,829183,27020,457392,94940,3400,226352,56.32829373650108
1791437415,828763,26872,457116,94940,3400,226356,55.442102976319795
1791437421,827707,26420,456820,94940,3280,226228,57.388316151202744
1791437427,827803,26364,456844,94940,3280,226356,57.491289198606275
1791437433,828471,26624,457352,94940,3308,226224,57.36568457538995
1791437438,828483,26776,457004,94940,3308,226224,53.32186626531929
1791437444,856091,27388,457372,94944,3308,252848,55.607675906183374
1791437450,828023,26644,456520,94940,3408,226224,53.25342465753424
1791437456,828267,26760,456644,94940,3408,226224,55.04110774556469
1791437462,828351,26844,456516,94940,3408,226352,54.41589289570287
1791437468,827947,26544,456416,94940,3408,226352,56.31832094446874
1791437474,830367,27524,457828,94940,3432,226352,53.310404127257094
1791437480,829107,26576,457516,94940,3432,226352,77.54137115839244
1791437486,827983,26288,456812,94940,3432,226224,54.25463851567498
1791437492,827919,26488,456676,94940,3432,226096,52.08510638297872
1791437497,828567,26780,457028,94940,3432,226096,55.45064377682404
1791437503,828271,26480,456908,94940,3432,226224,54.839405044190556
1791437509,855167,26528,457288,94940,3324,252848,53.13588850174216
1791437515,828463,26524,457212,94940,3324,226224,54.84920807116511
1791437521,855915,26940,457620,94940,3324,252848,61.4054054054054
1791437527,829959,27232,457996,94940,3324,226224,51.59620362381363
1791437533,830559,26804,458588,94940,3368,226608,54.66377440347071
1791437539,829595,26248,458308,94940,3368,226480,54.94457726581178
1791437544,830671,26736,458848,94940,3416,226480,53.981340854849215
1791437550,830383,26696,458552,94940,3432,226484,54.05864853378666
1791437556,830391,26528,458600,94940,3432,226612,54.14316702819957
1791437562,830435,26724,458576,94940,3432,226484,67.72578890097932
1791437568,830639,26608,458804,94940,3404,226612,55.834053586862574
1791437574,830863,26784,458852,94940,3404,226608,57.67161609640629
1791437580,830463,26600,458636,94940,3404,226608,55.28386136508612
1791437586,857151,26552,458744,94940,3404,253236,56.6095072715433
1791437592,830467,26516,458756,94940,3372,226612,55.825974585397375
1791437597,862503,26648,464140,94940,3388,253108,79.94797311944505
1791437603,830707,26664,458948,94944,3388,226484,54.149601207156714
1791437609,830787,26724,458972,94944,3388,226480,53.05591677503251
1791437615,830707,26660,458952,94944,3388,226484,49.96769330174456
1791437621,857099,26404,458852,94944,3388,253232,65.11833665118336
1791437627,831371,26684,459340,94940,3388,226736,56.58831140823809
1791437633,831239,26144,459616,94940,3388,226864,53.89948006932409
1791437639,830899,26100,459320,94940,3388,226864,55.73491928632116
1791437644,831699,26612,459732,94940,3388,226740,63.7276298559581
1791437650,831175,26472,459356,94940,3388,226736,60.39667306461932
1791437656,833331,27280,460700,94940,3388,226736,55.85392051557465
1791437662,831739,26736,459648,94940,3388,226740,52.41675617615468
1791437668,831203,26356,459496,94940,3388,226736,53.8958243650452
1791437674,831455,26504,459596,94940,3388,226740,54.05174257002352
1791437680,831275,26492,459432,94940,3388,226736,56.33074935400517
1791437686,831251,26372,459392,94940,3400,226864,54.61159854483202
1791437692,833183,27320,460488,94940,3404,226736,56.86063989692936
1791437698,831095,26244,459348,94940,3404,226864,56.1222293953088
1791437704,831263,26244,459520,94940,3404,226864,56.42231245992734
1791437710,831475,26320,459780,94940,3404,226736,54.08207343412526
1791437715,831299,26400,459528,94940,3404,226736,54.474028808380616
1791437721,833719,26732,461616,94940,3404,226736,73.77815554611135
1791437727,831671,26584,459708,94940,3404,226740,55.72224603514788
1791437733,858407,26604,459728,94940,3468,253364,53.09355598372939
1791437739,832735,27128,460028,94940,3468,226868,52.219321148825074
1791437745,831707,26704,459556,94940,3468,226740,52.21445221445221
1791437751,831223,26568,459464,94940,3380,226612,53.18270693026287
1791437757,832375,26784,460140,94940,3380,226868,53.31025530073561
1791437763,832787,27256,460116,94940,3352,226868,53.99614313263338
1791437769,831911,26452,460044,94940,3352,226868,52.627082443400255
1791437774,834299,27528,460688,94940,3376,227512,55.94882729211087
1791437780,859335,26836,459792,94940,3376,254136,52.91962939021763
1791437786,832771,27056,459628,94940,3380,227512,55.80997218061202
1791437792,832531,26768,459708,94940,3348,227512,52.7736131934033
1791437798,832431,26652,459724,94940,3348,227512,53.3903743315508
1791437804,833535,27124,460488,94940,3348,227380,52.14437367303609
1791437810,833447,27084,460180,94940,3348,227640,52.27272727272727
1791437816,834675,27344,460888,94940,3348,227900,53.90010626992561
1791437822,833755,26908,460404,94940,3348,227900,54.35875027310465
1791437828,833839,26888,460508,94940,3348,227900,54.20520542052054
1791437834,834075,26944,460760,94940,3292,227900,56.67527993109388
1791437839,838687,26804,465640,94940,3292,227772,76.65084160552439
1791437845,833347,26804,460304,94940,3292,227768,56.57951135876553
1791437851,860103,26840,460400,94940,3292,254392,54.38251366120218
1791437857,833279,26800,460236,94940,3292,227772,53.97631133671743
1791437863,859855,26668,460320,94940,3292,254396,52.6791478373144
1791437869,833839,26932,460536,94940,3292,227900,50.02163565556036
1791437875,833371,26704,460324,94940,3276,227900,50.448909790508765
1791437881,834907,27408,461100,94940,3308,227904,50.29469548133595
1791437887,833631,26692,460448,94940,3368,227904,49.658703071672356
1791437893,864247,26344,460684,94940,3372,258628,52.23068552774755
1791437898,833631,26596,460672,94940,3372,227772,53.26526271006169
1791437904,833227,26472,460396,94940,3372,227772,53.057708871662356
1791437910,834543,27148,461028,94940,3372,227772,53.34476843910806
1791437916,834179,26896,460916,94940,3372,227772,53.95996518711923
1791437922,833879,26676,460712,94940,3372,227900,55.25474312513323
1791437928,860655,26780,460696,94940,3432,254524,56.68610931086627
1791437934,834399,26916,460920,94940,3432,227900,52.203679931536165
1791437940,796187,34992,418380,94940,3508,224056,70.75780738152434
1791437946,777955,27448,407724,94940,3508,224052,53.53793691389599
1791437952,773711,26696,404204,94940,3508,224056,52.764475402699176
1791437957,772659,26240,403740,94940,3508,223928,48.86021505376344
1791437963,775435,27464,405272,94940,3524,223928,76.05087303298124
1791437969,800475,26788,404488,94940,3524,250420,53.61003026372676
1791437975,774211,27052,404492,94940,3496,223924,53.56597600872411
1791437981,775063,27308,404960,94940,3496,224052,53.82158824781775
1791437987,773823,26716,404252,94920,3544,224052,54.50206118463875
1791437993,773503,26456,404180,94924,3544,224052,54.360528024237176
1791437999,800099,26556,404132,94924,3476,250676,54.277789630893956
1791438005,775559,27168,405600,94924,3476,224056,53.83465071565905
1791438011,772999,26160,404184,94924,3476,223924,56.45021645021645
1791438016,774515,27024,404832,94924,3476,223924,55.85003232062056
1791438022,775195,27480,405056,94920,3476,223924,56.248660235798496
1791438028,774239,27184,404400,94920,3476,223924,52.35102925243771
1791438034,775619,27944,404872,94920,3492,224052,53.99521010232963
1791438040,776531,28352,405364,94924,3492,224052,52.57974737743524
1791438046,778183,28748,406752,94924,3492,223920,58.295380611581
1791438052,775367,27384,405168,94924,3492,224052,56.05206073752711
1791438058,777147,28072,406260,94924,3492,224052,59.548611111111114
1791438063,774771,27168,404916,94924,3492,223924,57.38612175393784
1791438069,776775,28348,405736,94924,3492,223928,65.51208039341458
1791438075,803391,28424,405764,94924,3516,250416,62.87451150673034
1791438081,812291,28676,440904,94920,3516,223924,89.19860627177701
1791438087,775951,28108,405132,94920,3516,223924,57.77588410737111
1791438093,775279,27868,404696,94928,3516,223920,67.18213058419244
1791438099,775883,28084,405084,94928,3516,223920,67.81411359724613
1791438105,803403,28592,405472,94928,3516,250544,65.90509666080844
1791438111,800743,28004,404952,94928,3516,248992,62.02227560602752
1791438116,774391,27828,405400,94928,3516,222368,64.76272278290746
1791438122,775819,28600,406052,94928,3516,222372,60.16857575102659
1791438128,774695,28388,405208,94928,3580,222240,59.858095033326165
1791438134,775887,28840,405816,94928,3576,222368,60.16713091922006
1791438140,775699,28312,405960,94928,3624,222500,60.752920813500644
1791438146,775407,28000,405964,94928,3624,222500,70.60854553301684
1791438152,775783,27920,405880,94928,3624,223040,60.77492381367
1791438158,774263,26676,405612,94928,3624,223036,59.271875665318284
1791438164,775771,27436,406384,94928,3600,223040,60.36113499570077
1791438170,776471,27644,407148,94928,3600,222768,56.65382969619171
1791438176,775011,27100,406504,94928,3600,222496,57.8480190517428
1791438181,773319,26440,405596,94928,3600,222372,60.85470085470085
1791438187,773987,26844,405864,94928,3600,222368,61.114697654400686
1791438193,775099,27708,406140,94928,3568,222372,54.293148308759754
1791438199,774147,27008,405892,94928,3568,222368,57.450010750376265
1791438205,774339,26968,406124,94928,3568,222368,74.6551724137931
1791438211,774819,27360,406212,94928,3568,222368,54.56507662421757
1791438217,774575,26936,406232,94928,3592,222496,54.07279029462738
1791438223,806851,27284,407432,94928,3592,253224,61.76281363928802
1791438229,774931,26624,406896,94928,3592,222500,61.53846153846154
1791438234,777683,27812,408588,94928,3592,222372,59.80180956484274
1791438240,775955,27148,407524,94928,3592,222372,57.712305025996535
1791438246,776467,27484,407700,94928,3592,222372,58.62676056338029
1791438252,775643,27100,407132,94928,3592,222500,63.681592039801
1791438258,775835,27284,407140,94928,3592,222500,66.5945945945946
1791438264,775931,27244,407276,94928,3592,222500,55.57747096208635
1791438270,777455,28016,408136,94928,3596,222372,58.57049750162937
1791438275,802763,27132,407632,94928,3636,248996,70.51671732522796
1791438281,774791,26608,406808,94928,3636,222372,59.131186513939916
1791438287,775219,26856,406988,94928,3636,222372,56.86063989692936
1791438293,774527,26576,406452,94928,3636,222500,53.79609544468546
1791438299,775411,27236,406672,94928,3636,222500,65.8151114959948
1791438305,778027,28048,408476,94928,3636,222500,62.070456019018806
1791438311,774843,26632,406708,94928,3636,222500,58.006042296072515
1791438317,774199,26312,406516,94928,3636,222372,58.55348635773062
1791438322,798503,27584,429544,94928,3636,222372,70.70489329596896
1791438328,775363,26848,407080,94928,3696,222372,66.59440711034034
1791438334,774595,26592,406560,94928,3700,222372,54.09313204337657
1791438340,775495,27112,406940,94928,3700,222368,56.711915535444945
1791438346,775403,26832,406996,94928,3700,222500,53.75561737641772
1791438352,775911,27108,407228,94928,3700,222500,56.18612741900413
1791438358,776523,27184,407764,94928,3700,222500,56.3576881134133
1791438364,775247,26468,407240,94928,3672,222500,56.56742556917689
1791438369,775467,26624,407432,94928,3672,222372,55.846120596498814
1791438376,776247,27248,407588,94928,3672,222372,57.260049220672684
1791438381,775723,26984,407328,94928,3672,222372,56.34767715692571
1791438387,776303,27320,407572,94928,3672,222372,59.475719810915336
1791438393,820863,34972,417764,94928,3760,248996,73.67032967032966
1791438399,779087,28544,408932,94928,3760,222500,56.849315068493155
1791438405,792263,33908,416540,94928,3780,222632,66.9815371404036
1791438411,777971,28012,408176,94928,3780,222628,60.63783311489733
1791438417,774487,27144,405660,94928,3780,222504,56.19478560655031
1791438423,800275,26404,405440,94928,3780,249252,53.02997155983373
1791438429,773871,26552,405640,94928,3780,222500,53.253680392575205
1791438434,800967,26864,405800,94928,3780,249124,55.62970936490851
1791438440,773503,26516,405344,94932,3752,222500,53.36810082572795
1791438446,777131,27476,407880,94928,3752,222628,77.40248420135106
1791438452,775759,27716,406264,94928,3752,222632,55.2796372273807
1791438458,775015,27092,406148,94928,3752,222628,55.38194444444444
1791438464,773775,26488,405608,94928,3684,222628,53.49544072948328
1791438470,774447,26864,405896,94928,3684,222632,53.91714960291908
1791438475,773311,26264,405496,94928,3684,222500,53.37925096857512
1791438481,774523,26844,406120,94928,3684,222504,52.436093511033434
1791438487,774723,27076,406092,94928,3684,222500,56.03448275862068
1791438493,774235,26620,406064,94928,3684,222500,54.36724025266826
1791438499,801103,26712,406084,94928,3684,249252,51.83290707587383
1791438505,776175,27512,407104,94928,3684,222504,61.525092331088416
1791438511,775011,26860,406464,94928,3684,222632,60.48526863084922
1791438517,774231,26540,406112,94928,3708,222504,52.89683394357097
1791438522,774023,26480,405964,94928,3708,222504,52.61813537675607
1791438528,774699,26744,406312,94928,3768,222504,54.33701059917803
1791438534,775687,27132,406776,94928,3768,222632,54.02823018458197
1791438540,774600,26720,406244,94928,3768,222504,56.672443674176776
1791438546,775216,27248,406460,94928,3588,222628,60.919786096256686
1791438552,775995,27080,407520,94928,3588,222500,53.62162162162162
1791438558,774899,26776,406604,94928,3588,222628,53.94030491732875
1791438564,781751,26868,413396,94928,3560,222628,60.942543576500974
1791438570,775923,26968,407468,94928,3560,222628,73.00837449001503
1791438575,775063,26732,406992,94928,3536,222504,55.88993981083406
1791438581,774487,26460,406696,94928,3536,222500,55.45571245186136
1791438587,775451,26988,407124,94928,3536,222504,56.1038961038961
1791438593,775231,26892,407036,94928,3504,222500,54.31569929321054
1791438599,776463,27108,407920,94928,3504,222632,56.078860898138004
1791438605,801671,26828,406788,94928,3504,249252,53.68668518914298
1791438611,775699,27176,407092,94928,3504,222628,58.43872655909289
1791438617,774335,26320,406584,94928,3504,222632,55.208333333333336
1791438622,803119,27544,407516,94928,3504,249256,63.42093925032314
1791438628,803203,27624,407648,94928,3504,249128,65.22945570971184
1791438634,801211,26796,406724,94928,3332,249128,54.08886027044431
1791438640,775263,27168,407032,94928,3332,222500,53.412969283276446
1791438646,776367,27652,407432,94928,3396,222632,53.601047577477075
1791438652,777151,28044,407816,94928,3396,222632,54.65622280243691
1791438658,776687,27840,407616,94928,3460,222500,57.56910925844668
1791438664,777307,28068,407828,94928,3476,222632,58.390410958904106
1791438669,776363,27328,407752,94928,3476,222504,53.553575309715285
1791438675,777043,28148,407612,94928,3476,222504,56.972281449893394
1791438681,802451,27444,406968,94928,3480,249256,55.69402664374732
1791438687,782671,27912,413340,94928,3480,222632,80.22672770874209
1791438693,778307,27984,408904,94928,3480,222632,54.52185201211597
1791438699,776659,27384,407964,94928,3496,222500,56.74001281777398
1791438705,775623,26860,407328,94928,3496,222628,57.15504371934315
1791438711,776951,27492,407888,94928,3496,222760,55.39257981018119
1791438717,777755,28244,408068,94928,3496,222632,55.921333903377516
1791438723,776119,27224,407448,94928,3500,222632,56.37181409295352
1791438728,775291,26576,407340,94928,3560,222500,56.12200435729847
1791438734,777919,27336,409196,94928,3560,222504,60.551635663887104
1791438740,776503,27072,408116,94928,3560,222632,58.482046871640506
1791438746,777007,27276,408292,94928,3560,222756,55.817984832069335
1791438752,776715,27484,407792,94928,3560,222760,56.58494250379692
1791438758,776647,27320,407760,94928,3560,222888,56.60051768766178
1791438764,776939,27236,408292,94928,3532,222760,55.59582178639949
1791438770,776039,26816,407820,94928,3532,222756,57.22827247490925
1791438776,778599,27980,409208,94928,3532,222760,57.56650675970345
1791438782,777471,27716,408344,94928,3532,222760,55.54845580404686
1791438787,777715,27664,408640,94928,3532,222760,57.069187795444776
1791438793,777771,27752,408640,94928,3596,222632,59.62199312714777
1791438799,776935,27248,408300,94928,3596,222632,55.86206896551724
1791438805,776615,27112,408104,94928,3600,222632,56.68610931086627
1791438811,776295,26904,407992,94928,3600,222632,79.96523250760539
1791438817,777727,27548,408624,94928,3628,222760,56.655290102389074
1791438823,777507,27648,408432,94928,3628,222632,59.13192952299098
1791438829,776231,26696,408112,94928,3628,222632,57.87234042553191
1791438835,776731,26776,408400,94928,3628,222760,56.91629955947136
1791438840,777071,26792,408856,94928,3628,222628,57.20420871805884
1791438846,777163,27184,408552,94928,3628,222632,58.39289581979641
1791438852,803335,26724,408560,94928,3628,249256,54.78977026441265
1791438858,776803,26740,408636,94928,3628,222632,55.91397849462365
1791438864,777175,26996,408624,94928,3628,222760,58.608695652173914
1791438870,778443,27640,409380,94928,3628,222628,57.61531766753699
1791438876,778675,27744,409396,94928,3608,222760,60.47813913418049
1791438882,803635,26564,408908,94928,3608,249384,57.47979908276917
1791438887,776135,26364,408364,94928,3608,222632,56.44012944983818
1791438893,777323,27072,408840,94928,3608,222632,58.671268334771355
1791438899,776383,26688,408412,94928,3608,222504,55.50032418413659
1791438905,777143,26884,408720,94928,3608,222760,56.03112840466926
1791438911,778647,27448,409660,94928,3608,222760,60.01293382194438
1791438917,779035,27372,409916,94932,3608,222760,61.7113223854797
1791438923,778467,27016,409704,94932,3608,222760,56.0
1791438929,784699,26840,416180,94932,3672,222628,73.74421856512853
1791438935,804963,26840,409736,94932,3632,249384,55.76176089771256
1791438940,778803,27500,409628,94932,3664,222632,57.94838429841683
1791438946,778491,26904,409908,94932,3664,222628,54.80851063829787
1791438952,777727,26832,409216,94932,3664,222628,55.789702368020855
1791438958,777423,26816,408928,94932,3664,222632,55.02371711944804
1791438964,778315,27076,409464,94932,3636,222760,54.58089668615984
1791438970,778319,27056,409492,94932,3636,222756,55.97767761322172
1791438976,777895,26828,409292,94932,3636,222760,55.90740336317973
1791438982,777611,26752,409088,94932,3636,222760,52.21485127327199
1791438987,777691,26740,409304,94932,3636,222632,59.74308730677117
1791438993,778603,27340,409776,94932,3604,222504,62.98016040523427
1791438999,778395,27448,409460,94932,3604,222504,54.38406581511149
1791439005,779043,27672,409884,94932,3604,222504,54.78036175710594
1791439011,797159,35368,420032,94920,3732,222632,69.62546005628924
1791439017,800511,35800,422380,94924,3764,223144,71.57262390045055
1791439023,783435,28632,412172,94924,3892,223276,60.01719690455718
1791439029,778847,27356,408840,94924,3892,223276,59.29054054054054
1791439035,777303,26868,407920,94924,3892,223144,56.56395103419164
1791439041,777291,26836,407940,94924,3892,223144,58.18497611810681
1791439047,778659,27036,408976,94924,3892,223272,56.439560439560445
1791439052,777675,26656,408536,94924,3864,223148,77.6364028466681
1791439058,778475,27408,408584,94924,3864,223144,56.360078277886494
1791439064,778379,27516,408380,94924,3864,223144,56.747404844290664
1791439070,804243,27484,407784,94924,3864,249640,59.36151855047454
1791439076,782207,28780,408988,94924,3796,225152,60.556394220401124
1791439082,780023,27340,408496,94924,3800,224896,55.95264196448147
1791439088,781519,27376,410004,94924,3764,224896,67.14628297362111
1791439093,807263,27392,410040,94924,3764,250588,58.289703315881326
1791439099,779615,27212,410140,94924,3764,223024,60.822743915571834
1791439105,781011,27980,410636,94924,3764,223152,59.22122379118528
1791439111,808183,28568,410724,94924,3764,249648,67.96368352788586
1791439117,781803,28388,410864,94924,3788,223284,61.23329021129798
1791439123,782307,28520,411236,94924,3788,223284,60.689655172413794
1791439129,780575,27760,410204,94924,3848,223284,61.67060339274211
1791439135,781131,28264,410248,94924,3848,223284,61.181525241675615
1791439141,780763,27676,410468,94924,3848,223284,61.57883227640498
1791439146,781307,28316,410628,94924,3848,223028,66.17963042544048
1791439152,781623,28148,410984,94924,3848,223156,61.724137931034484
1791439158,782527,28824,411216,94924,3848,223152,56.612729234088455
1791439164,782159,28264,411440,94924,3820,223156,70.38478166882837
1791439170,816735,28028,446124,94924,3820,223284,81.99349945828818
1791439176,783427,28936,412060,94924,3796,223156,64.97816593886463
1791439182,781647,28108,410984,94924,3796,223280,61.85834957764782
1791439188,782015,28004,411456,94924,3796,223280,63.868455214192984
1791439193,780859,27792,410668,94924,3764,223156,63.95173453996983
1791439199,806911,28064,409956,94924,3764,249648,60.047588146225394
1791439205,780743,27940,410540,94924,3764,223024,66.12139474817047
1791439211,782291,28724,411168,94924,3764,223156,66.92539887882708
1791439217,782515,28768,411352,94924,3764,223152,60.30664395229983
1791439223,784003,29616,411732,94924,3764,223412,62.98800436205016
1791439229,780751,28220,410008,94924,3764,223284,58.444348947142245
1791439235,781439,28504,410280,94924,3764,223412,57.85407725321888
1791439241,781383,28408,410320,94924,3764,223412,61.031642826181184
1791439246,781167,28328,410440,94924,3764,223156,55.65521767665719
1791439252,782595,28800,411268,94924,3764,223284,61.046260268050155
1791439258,784159,29660,411972,94924,3764,223284,58.97103329009944
1791439264,782707,29344,410708,94924,3764,223412,62.43567753001715
1791439270,782411,28792,411020,94924,3724,223412,55.805966945696504
1791439276,783727,29772,411480,94928,3724,223284,60.850880962612806
1791439282,782563,28900,410932,94924,3724,223540,57.15541877335678
1791439288,781615,28548,410468,94924,3724,223412,53.26278659611992
1791439293,783019,28460,412084,94924,3724,223284,80.19387530293017
1791439299,782903,29344,411084,94924,3724,223284,63.51672060409924
1791439305,785699,30748,412324,94924,3748,223412,67.51785327851114
1791439311,783511,29808,411200,94924,3748,223284,69.73031283710895
1791439317,787091,29660,414800,94924,3748,223412,81.80242634315424
1791439323,783583,28360,412592,94924,3748,223412,63.07196562835661
1791439329,794971,33416,418864,94924,3808,223412,77.16186252771618
1791439335,791007,31360,416952,94924,3808,223412,79.66877315319242
1791439340,784755,27588,414596,94924,3808,223284,65.41531823085222
1791439346,782799,27300,412932,94924,3808,223284,66.25980819529207
1791439352,782927,27320,413164,94924,3808,223156,69.0909090909091
1791439358,784467,27580,414316,94924,3808,223284,58.48609014448998
1791439364,782271,26884,412880,94924,3756,223284,62.32196806214934
1791439370,782287,26804,412848,94924,3756,223412,59.15615484993475
1791439376,783099,26932,413528,94924,3756,223412,58.604854581237696
1791439381,782423,26812,413100,94924,3756,223284,61.76598521096128
1791439387,782923,27180,413232,94924,3756,223284,59.78892957139781
1791439393,782011,26912,412752,94924,3724,223156,57.87671232876712
1791439399,784135,27992,413772,94924,3648,223284,61.68466522678185
1791439405,782243,26956,412792,94924,3648,223412,58.13803483121909
1791439411,819123,26956,423048,94924,3648,250036,65.65988181221275
1791439417,781835,26840,412476,94924,3672,223412,74.7695605573419
1791439423,808459,26548,412764,94924,3672,250036,62.35774103500107
1791439428,782027,26788,412976,94924,3672,223152,60.445205479452056
1791439434,782895,27316,413184,94924,3672,223284,64.85084306095979
1791439440,782387,27468,412524,94924,3672,223284,66.14310645724258
1791439446,781691,26996,412428,94924,3672,223156,58.272453803180056
1791439452,783971,28024,413552,94924,3672,223280,65.07424144609425
1791439458,809871,27420,413300,94924,3672,250036,62.572721396250806
1791439464,809315,27084,413084,94924,3672,250036,53.6179295624333
1791439470,782895,27220,413148,94924,3672,223412,56.52173913043478
1791439476,788203,27660,413936,94924,3648,227516,64.50771571397522
1791439481,781779,26688,412720,94924,3648,223284,57.64192139737992
1791439487,782235,26956,412904,94924,3648,223284,57.75266792215945
1791439493,783383,27292,413844,94924,3648,223156,58.081244598098536
1791439499,784063,27476,414212,94924,3648,223284,59.59835888576981
1791439505,784163,27252,414408,94924,3648,223412,62.30802983764809
1791439511,783407,26828,414104,94924,3628,223412,59.61662718070213
1791439517,783855,27128,414252,94924,3628,223412,60.06586169045005
1791439523,783279,26788,414144,94924,3628,223284,59.822779338664354
1791439528,783847,27208,414364,94924,3688,223156,67.07105719237435
1791439534,790967,27732,420820,94924,3688,223284,80.0170612070804
1791439540,786755,28392,415948,94924,3688,223284,63.20734571855648
1791439546,784915,27572,414928,94924,3688,223284,62.13753106876554
1791439552,812063,27644,415380,94924,3688,249908,61.092150170648466
1791439558,784379,27148,414816,94924,3688,223284,59.39833582248774
1791439564,784259,27236,414644,94924,3660,223284,58.12619502868069
1791439570,783775,27052,414344,94924,3660,223284,57.84588819339521
1791439576,812759,28072,415556,94924,3660,250036,63.38181028869112
1791439582,784955,27620,414824,94924,3664,223412,69.11447084233261
1791439588,784171,27368,414300,94924,3664,223412,61.4977973568282
1791439594,784299,27276,414548,94924,3632,223412,65.14825956166739
1791439600,782991,26412,414236,94924,3632,223284,55.76176089771256
1791439605,810547,27100,414440,94924,3656,249908,58.97270578121642
1791439611,784496,27288,414840,94924,3656,223284,61.031642826181184
1791439617,812876,28332,415424,94924,3656,250036,68.80616174582799
1791439623,785536,27940,415228,94924,3656,223284,71.09189189189189
1791439629,786079,28280,415416,94924,3656,223284,72.71160887357311
1791439635,785927,28108,415308,94924,3656,223412,76.65718661124481
1791439641,785775,28032,415232,94924,3656,223412,71.83883411915988
1791439647,783347,26964,414004,94924,3656,223284,71.23884171565426
1791439653,783435,26860,414068,94924,3656,223412,62.72471301711068
1791439658,784011,27264,414324,94924,3684,223284,87.8682842287695
1791439664,785443,27664,415384,94924,3660,223284,66.19385342789597
1791439670,784075,27584,414220,94924,3664,223156,66.22573074461275
1791439676,782967,26820,413880,94924,3664,223156,57.33905579399141
1791439682,783211,26848,414092,94924,3664,223156,54.275741710296685
1791439688,783339,26984,413832,94924,3664,223412,58.02388707926167
1791439694,811462,27168,415140,94924,3664,250036,60.88648648648649
1791439700,811190,27080,414956,94924,3664,250036,61.751951431049434
1791439706,785462,27436,415628,94924,3664,223280,58.03108808290155
1791439711,789286,28256,416576,94924,3664,225336,59.488502041693536
1791439717,785754,27796,415556,94924,3664,223284,76.31521501855491
1791439723,787106,28528,416180,94924,3664,223284,74.26160337552743
1791439729,784990,27256,415140,94924,3728,223412,62.52435592119506
1791439735,784386,27020,414900,94924,3728,223280,57.55764304013663
1791439741,786510,27796,416112,94924,3728,223412,56.51328580686974
1791439747,784218,26740,414876,94924,3728,223412,57.69980506822612
1791439753,784910,27084,415224,94924,3728,223412,56.16468039003251
1791439759,788134,28388,417144,94924,3728,223412,57.375294369514016
1791439765,785578,26916,416096,94924,3700,223412,65.6561281940234
1791439771,785890,27068,416256,94924,3700,223412,69.45500633713561
1791439776,787338,27236,417664,94924,3700,223284,80.91636049275989
1791439782,785002,26700,415868,94924,3700,223284,57.3968253968254
1791439788,786406,27344,416624,94924,3700,223284,55.351351351351354
1791439794,785978,27260,416336,94924,3652,223284,56.28403397952516
1791439800,786106,27392,416332,94924,3652,223284,58.291891891891886
1791439806,787866,28204,417280,94924,3652,223284,59.55031652477625
1791439812,785826,26844,416472,94924,3652,223412,58.31356480483071
1791439818,814278,27964,417180,94924,3652,250036,59.40509308795207
1791439824,785874,26976,416388,94924,3652,223412,58.13803483121909
1791439829,786310,27160,416768,94924,3652,223284,57.91070654529692
1791439835,785898,26872,416644,94924,3652,223284,59.85587113183553
1791439841,785354,26668,416308,94924,3652,223284,54.15491429811239
1791439847,785278,27004,415892,94924,3652,223284,59.386397768719156
1791439853,784866,26796,415696,94924,3652,223284,57.45762711864407
1791439859,785450,27256,416000,94924,3520,223284,55.03385018563005
1791439865,787410,28216,417120,94924,3520,223156,57.953568357695616
1791439871,786814,27840,416900,94924,3520,223156,56.33311532592108
1791439877,786074,27264,416608,94924,3520,223284,57.673213900280594
1791439882,785942,27356,416512,94924,3520,223156,56.797583081571
1791439888,787586,28080,417300,94924,3520,223284,55.67141945094701
1791439894,786034,27416,416412,94924,3520,223284,58.32426550598476
1791439900,812646,27388,416404,94924,3544,249908,78.48862172606269
1791439906,786138,27608,416300,94924,3544,223284,56.946236559139784
1791439912,787410,28216,416836,94924,3544,223412,57.404580152671755
1791439918,786190,27632,416204,94924,3544,223412,56.94444444444444
1791439924,787282,28188,416728,94924,3544,223412,58.099586866710155
1791439930,812966,27552,416364,94920,3604,250036,56.558773424190804
1791439936,785606,27456,415848,94920,3604,223284,56.15236464797775
1791439941,813226,27736,416560,94920,3604,249908,57.375294369514016
1791439947,787218,28024,416888,94920,3604,223284,57.33672603901611
1791439953,786526,27992,416228,94920,3604,223284,58.73461455409199
1791439959,788094,28652,417136,94920,3604,223284,60.59050064184852
1791439965,786014,27768,416104,94920,3576,223156,60.14648858250754
1791439971,788114,28656,417060,94920,3576,223412,67.0265601381991
1791439977,786638,27840,416400,94920,3576,223412,55.60307955517536
1791439983,788374,28464,417536,94924,3552,223412,57.04407951598963
1791439989,813902,28036,416876,94924,3536,250036,53.43709468223087
1791439995,824926,33164,421436,94932,3760,251100,119.06095197070859
1791440001,788014,27564,416744,94932,3760,224476,74.91349480968859
1791440006,788674,28212,416784,94932,3760,224448,63.20816149337964
1791440012,786534,27276,416100,94932,3760,223912,56.00691443388073
1791440018,786906,27468,416248,94932,3760,223912,55.68965517241379
1791440024,813386,27252,416320,94932,3760,250536,52.29318474067723
1791440030,787022,27508,416448,94932,3732,223824,54.64992551606724
1791440036,786894,27680,416560,94932,3732,223412,56.41136906053374
1791440042,786694,27424,416616,94932,3732,223412,58.19761129207384
1791440048,786002,27056,416296,94932,3732,223412,56.27967198964178
1791440054,785818,26712,416488,94932,3700,223412,53.25316727506979
1791440060,786074,26904,416548,94932,3700,223412,54.58823529411765
1791440065,786810,27392,416924,94932,3700,223284,55.35336436732966
1791440071,786130,27144,416492,94932,3700,223284,55.042735042735046
1791440077,786890,27616,416780,94932,3700,223284,53.81944444444444
1791440083,786482,27316,416672,94932,3700,223284,52.17391304347826
1791440089,786130,27240,416396,94932,3700,223284,50.613298902517755
1791440095,786262,27216,416428,94932,3700,223412,51.787271142109844
1791440101,786706,27576,416508,94932,3700,223412,51.34611242730993
1791440107,786170,27068,416480,94932,3700,223412,52.69461077844312
1791440113,787042,27636,416992,94932,3700,223412,48.75962360992301
1791440119,786050,26920,416720,94932,3700,223412,72.85282693137678
1791440125,812086,26744,416308,94932,3700,250036,51.118210862619804
1791440130,785862,27232,416284,94932,3760,223284,51.244945733134706
1791440136,786602,27476,416820,94932,3724,223280,51.73367368644969
1791440142,785902,27068,416528,94932,3724,223284,52.060737527114966
1791440148,813118,27476,416580,94932,3724,250036,65.57377049180327
1791440154,787738,28328,416972,94932,3724,223412,62.40140227870289
1791440160,787634,28404,416792,94932,3724,223412,63.37323177366703
1791440166,814974,29048,416900,94932,3696,250036,68.58638743455498
1791440172,798530,30488,423996,94932,3732,225000,109.70936490850376
1791440178,821374,30220,420728,94932,3732,251368,59.709153122326775
1791440184,790614,27856,418992,94932,3732,224716,56.474590686795665
1791440190,790070,27856,418708,94932,3732,224448,55.11845251032385
1791440195,791354,28536,419312,94932,3732,224448,57.66076823478636
1791440201,791122,28176,419504,94932,3756,224360,67.71105308964317
1791440207,790638,28028,419372,94932,3760,223952,56.119145262249084
1791440213,788934,27304,418664,94932,3760,223680,54.90533562822719
1791440219,815494,27440,418732,94932,3760,250036,53.6935415787252
1791440225,789158,27500,418960,94932,3760,223412,55.30270502361528
1791440231,792610,29068,420836,94932,3760,223412,65.17739816031536
1791440237,789022,27252,419112,94932,3728,223412,55.682062298603654
1791440242,815650,27536,418824,94932,3728,250036,55.14351560863189
1791440248,788546,27232,418780,94932,3728,223284,58.06733712286839
1791440254,791426,28284,420600,94932,3728,223284,57.13052858683927
1791440260,790138,28100,419360,94932,3728,223412,57.057185692867854
1791440266,789366,27928,419020,94932,3728,223152,56.18267987936234
1791440272,788186,27160,418476,94932,3728,223284,54.595862657283
1791440278,788698,27288,418732,94932,3728,223412,58.37651122625216
1791440284,791046,28324,420044,94932,3728,223412,57.719298245614034
1791440290,789078,27492,418908,94932,3728,223412,54.5144804088586
1791440296,788894,26924,419420,94932,3728,223284,79.65517241379311
1791440301,814278,26756,418348,94932,3728,249908,54.86007263405255
1791440307,788530,27416,418692,94932,3728,223156,55.85819282317337
1791440313,816306,27912,419420,94932,3680,249780,58.34405834405835
1791440319,792134,27040,418672,94932,3656,227260,54.01428262280892
1791440325,788574,27660,418596,94932,3656,223156,57.92396411789833
1791440331,788402,27356,418612,94932,3668,223284,57.069187795444776
1791440337,788750,27612,418724,94932,3648,223284,54.917150850010756
1791440343,789630,28132,419216,94932,3648,223152,54.08500330323718
1791440349,788610,27360,418708,94932,3648,223412,52.036681595222866
1791440355,787670,27160,418100,94932,3648,223284,52.50763192324466
1791440360,788410,27332,418664,94932,3648,223284,56.5189466923571
1791440366,788698,27728,418592,94932,3620,223284,56.09808560980856
1791440372,788470,27356,418736,94932,3620,223284,54.68053491827637
1791440378,788374,27468,418528,94932,3620,223284,56.957928802588995
1791440384,789602,28308,418916,94932,3620,223284,57.74436090225564
1791440390,788918,27612,418832,94932,3588,223412,56.73139864717434
1791440396,788166,27340,418480,94932,3588,223284,58.46947549441101
1791440402,787734,27508,417884,94932,3588,223284,65.66104702750665
1791440408,789074,27920,418680,94932,3588,223412,56.779661016949156
1791440414,793870,27916,423468,94932,3604,223412,61.19273984442523
1791440419,790098,27960,419768,94932,3604,223284,73.01173402868318
1791440425,788850,27684,418796,94932,3604,223284,54.96446263191902
1791440431,787890,27292,418228,94932,3604,223284,61.12669976257285
1791440437,788962,28048,418544,94932,3604,223284,54.98338870431893
1791440443,790346,27800,420176,94932,3604,223284,56.563914636775166
1791440449,815182,26992,419072,94932,3604,250036,54.78735005452563
1791440455,789994,27744,419752,94932,3604,223412,57.83336866652533
1791440461,789566,27536,419532,94932,3604,223412,55.769230769230774
1791440467,788722,26960,419264,94932,3604,223412,56.45021645021645
1791440473,789162,27120,419544,94932,3604,223412,57.71753388718845
1791440478,816906,27660,420124,94932,3604,250036,58.300991806813286
1791440484,788886,27164,419484,94932,3604,223152,57.068965517241374
1791440490,789050,27224,419588,94932,3604,223152,55.57265333040229
1791440496,790042,28084,419352,94932,3760,223284,56.423611111111114
1791440502,790010,27664,419744,94932,3760,223280,53.028377806014404
1791440508,790242,27744,419896,94932,3760,223280,54.03767049144837
1791440514,789694,27344,419744,94932,3760,223284,55.55071832825425
1791440520,789918,27596,419720,94932,3760,223280,54.29003674086882
1791440526,789018,26888,419528,94932,3760,223280,56.88272274008238
1791440531,788942,26944,419460,94932,3824,223152,55.92600559260056
1791440537,794242,27660,424028,94932,3828,223156,78.4651864625997
1791440543,790074,27640,419756,94932,3828,223280,54.87989612637957
1791440549,790650,27996,419972,94932,3828,223284,56.37411915438821
1791440555,790586,27908,420024,94932,3720,223412,59.82943363218893
1791440561,818918,29024,420460,94932,3744,250164,61.979166666666664
1791440567,791202,28252,420304,94932,3716,223412,63.01131418624891
1791440573,790090,27768,419676,94932,3716,223412,63.084922010398614
1791440578,790314,27676,420120,94932,3716,223284,63.873656503619216
1791440584,790654,28004,420132,94932,3716,223284,56.243260728919566
1791440590,789546,27532,419532,94932,3684,223284,56.22837370242214
1791440596,791162,28348,420200,94932,3684,223412,54.305799648506145
1791440602,790570,28040,419916,94932,3684,223412,53.81005586592179
1791440608,789674,27508,419768,94932,3536,223412,58.326143226919754
1791440613,793826,27592,419856,94932,3536,227388,63.18073334779779
1791440619,790266,28108,419908,94932,3512,223284,71.28371089536138
1791440625,790582,28280,420052,94932,3512,223284,65.94856012310399
1791440631,789882,27976,419532,94932,3512,223412,66.37323943661971
1791440637,789630,27708,419548,94932,3512,223412,65.68346907329958
1791440643,816574,28132,419572,94932,3512,249908,55.55555555555556
1791440649,790174,28060,419736,94932,3512,223412,55.320059944337395
1791440655,790486,28336,419772,94932,3512,223412,55.85429314830876
1791440660,790246,27888,419984,94932,3512,223412,79.01234567901234
1791440666,820890,30352,421664,94932,3512,249908,66.39291117354658
1791440672,789554,27896,419408,94932,3512,223284,57.25272377697074
1791440678,790034,28444,419456,94932,3524,223156,67.05653021442495
1791440684,790938,28516,420024,94932,3524,223412,58.36985100788782
1791440690,792910,29944,420692,94932,3528,223284,72.11413748378729
1791440696,801322,34000,423824,94932,3664,224360,94.48545375597047
1791440702,794618,28776,422196,94932,3664,224488,62.168045276447536
1791440707,790502,27012,420240,94932,3664,224092,56.35263612791702
1791440713,791086,27636,421136,94932,3664,223156,68.30122591943957
1791440719,791766,28344,420980,94932,3664,223284,55.107296137339056
1791440725,792778,28700,421636,94932,3664,223284,67.14709622721492
1791440731,791698,27796,421448,94932,3668,223284,68.92039258451473
1791440737,790866,27536,420740,94932,3668,223412,57.78352738249245
1791440743,817254,27412,420624,94932,3668,250036,58.04635044401126
1791440749,791790,27828,421372,94932,3668,223412,65.89644843816859
1791440755,789642,26776,420276,94932,3668,223412,56.219991270187684
1791440760,789754,26924,420368,94932,3668,223284,57.83340526542944
1791440766,816142,27020,420072,94932,3640,249908,62.019543973941374
1791440772,791386,27888,421072,94932,3640,223280,63.882276563514395
1791440778,790886,27612,420848,94932,3640,223284,67.53132556605847
1791440784,790894,27680,420744,94932,3580,223412,67.89348343797359
1791440790,791602,28100,421056,94932,3564,223412,70.17543859649122
1791440795,789590,27196,420080,94932,3564,223284,60.553633217993074
1791440801,789614,27088,420184,94932,3588,223284,55.87852494577007
1791440807,791658,28344,420972,94932,3588,223284,66.70976082740788
1791440813,789266,27100,419828,94932,3588,223284,64.82728655224854
1791440819,817022,27404,420528,94932,3588,250036,78.3605940966347
1791440827,818762,28776,420892,94932,3588,250036,56.351513079158835
1791440834,790814,27820,420652,94932,3588,223284,56.60998354360943
1791440840,816986,27260,420760,94932,3588,249908,58.8134135855546
1791440846,790678,27644,420692,94932,3588,223284,55.273353422298754
1791440852,790838,27652,420844,94932,3588,223284,57.340241796200345
1791440858,790326,27116,420736,94932,3588,223412,55.834053586862574
1791440864,790086,27244,420364,94932,3588,223412,55.93919652551575
1791440870,791338,28048,420812,94932,3588,223412,67.82911944202267
1791440875,789686,26852,420612,94932,3588,223156,65.31667384747954
1791440881,791554,28056,421148,94932,3588,223280,66.16541353383458
1791440887,791550,27624,421524,94932,3620,223284,69.040856456194
1791440893,817634,27536,421200,94932,3620,249780,67.55939524838013
1791440899,818042,27652,421240,94932,3620,250036,64.14019715224535
1791440905,792554,28420,421600,94932,3624,223412,62.66094420600859
1791440911,793474,28816,422252,94932,3624,223284,59.637561779242176
1791440917,792698,28404,421760,94932,3624,223412,59.83850403739906
1791440923,792554,28436,421716,94932,3624,223284,67.06484641638225
1791440929,792906,28432,421940,94932,3624,223412,72.75832621690861
1791440935,792638,28608,421556,94932,3684,223284,68.5317718499241
1791440941,820758,28612,423048,94932,3684,249908,86.4351951692905
1791440946,792698,28160,422064,94932,3684,223284,62.74169020204214
1791440952,792662,28692,421500,94932,3684,223284,66.47960284912584
1791440958,792194,28228,421496,94932,3684,223284,71.70966331438566
1791440964,792526,28552,421444,94932,3632,223412,57.9185520361991
1791440970,792618,28380,421704,94932,3632,223412,58.96205843872656
1791440976,793046,28836,421804,94932,3632,223284,57.56993380311766
1791440982,792542,28652,421488,94932,3632,223284,58.76574845184711
1791440988,795406,29616,423128,94932,3632,223540,69.23244183518156
1791440993,793098,28504,422220,94932,3600,223284,57.72305033484554
1791440999,792814,28452,421988,94932,3600,223284,62.64330521306511
1791441005,792874,28660,421864,94932,3580,223284,60.55085664714812
1791441011,794250,29340,422432,94932,3580,223412,56.83344162876327
1791441017,793850,29236,422140,94932,3580,223412,68.08138262962153
1791441023,803562,31792,428004,94920,3652,224616,96.11734253666955
1791441029,819842,27500,421984,94920,3712,251112,55.035583351304716
1791441034,791706,26972,421660,94920,3716,223824,65.50737398195025
1791441040,792046,27276,421696,94920,3716,223824,55.03943908851884
1791441046,791866,27280,421920,94920,3716,223412,56.89802913453299
1791441052,791806,27360,421768,94920,3812,223284,57.874519846350836
1791441058,793010,27836,422528,94920,3784,223284,54.234351310374706
1791441064,792802,27632,422396,94920,3784,223412,53.8562091503268
1791441070,792086,27440,421872,94920,3784,223412,56.26487773209262
1791441076,792602,27512,422316,94920,3784,223412,55.70469798657718
1791441081,791846,27304,421768,94920,3784,223412,57.58620689655173
1791441087,792106,27308,422184,94920,3752,223284,56.40138408304498
1791441093,792742,27668,422460,94920,3752,223284,61.64472264191668
1791441099,818022,27236,421552,94920,3752,249908,58.46020008699434
1791441105,792506,28040,421824,94920,3780,223284,66.36885768985323
1791441111,792114,27744,421868,94920,3684,223284,63.23974082073433
1791441117,790994,27144,421300,94920,3628,223412,58.288424229359784
1791441123,790846,27056,421240,94920,3628,223412,55.46620299934797
1791441129,790754,27028,421304,94920,3628,223280,54.32733504712939
1791441135,791834,27160,422020,94920,3720,223412,56.49280961579738
1791441140,791898,26972,422392,94920,3720,223284,57.08108108108109
1791441146,793422,27680,423208,94920,3720,223284,87.29446935724962
1791441152,792082,27160,422388,94920,3720,223284,57.58754863813229
1791441158,794038,27936,423568,94920,3720,223284,55.39926422852196
1791441164,791294,27048,422312,94920,3392,223152,56.70367207514945
1791441170,792262,27408,422764,94920,3400,223280,56.94564279551337
1791441176,791438,27132,422224,94920,3400,223280,55.04353365895095
1791441182,792054,27324,422640,94920,3400,223284,58.02121671357436
1791441188,791806,27104,422612,94920,3400,223284,57.08070480748314
1791441193,791626,27312,422332,94920,3424,223156,56.311510483525886
1791441199,791082,26820,422292,94920,3396,223156,54.277789630893956
1791441205,791110,26880,422260,94920,3396,223156,56.44012944983818
1791441211,793402,27580,423720,94920,3396,223284,59.37365937365937
1791441217,792170,27248,422892,94920,3544,223028,57.772972972972966
1791441223,793618,27844,423572,94920,3544,223156,54.94880546075085
1791441229,792414,27112,422968,94924,3544,223280,57.72305033484554
1791441235,792098,26932,422828,94924,3544,223284,57.38684884713919
1791441241,818654,26900,422796,94924,3544,249904,55.13095749248605
1791441247,792458,27120,423000,94920,3544,223280,53.309951775537044
1791441253,792282,27148,422800,94920,3544,223280,53.83966244725739
1791441258,791770,26928,422768,94920,3544,223024,53.333333333333336
1791441264,813702,26948,444676,94920,3544,223024,68.40148698884758
1791441270,792090,26988,423024,94920,3544,223024,64.89292667099285
1791441276,792034,27288,422668,94920,3544,223024,64.19223342630337
1791441282,793150,27620,423324,94920,3544,223152,60.48404369243949
1791441288,792638,27308,423124,94920,3544,223152,59.297789336801046
1791441294,792198,27228,422888,94920,3544,223024,63.93762183235867
1791441300,792346,27044,422832,94920,3544,223412,58.42696629213483
1791441306,792314,26900,422940,94924,3544,223412,54.92537313432836
1791441311,792550,27020,423192,94920,3524,223284,57.09281961471103
1791441317,792134,26980,422820,94920,3524,223284,54.72312703583062
1791441323,792894,27580,422976,94920,3524,223284,56.65236051502146
1791441329,792898,27380,423184,94920,3524,223284,54.23150714133447
1791441335,792270,26980,422756,94920,3588,223412,55.416486836426415
1791441341,792378,27084,422760,94920,3588,223412,57.50962772785623
1791441347,793054,27508,423008,94920,3588,223412,57.25371847380901
1791441353,792770,27400,422840,94920,3588,223412,55.351351351351354
1791441359,795418,28204,423000,94920,3628,225024,60.16083460117366
1791441364,793650,26636,422964,94920,3608,224896,55.00000000000001
1791441370,794326,26976,423292,94920,3608,224896,57.1798747570719
1791441376,793550,27004,423168,94920,3608,224220,56.28485628485629
1791441382,794206,27292,424468,94920,3608,223284,56.82210708117444
1791441388,795962,28304,425212,94920,3608,223284,81.03225806451613
1791441394,793338,27156,423780,94920,3576,223280,64.27962489343564
1791441400,820518,27436,424048,94920,3576,249904,62.326388888888886
1791441406,793266,27056,423648,94920,3600,223412,55.85429314830876
1791441412,793262,27000,423700,94920,3600,223412,55.67765567765568
1791441417,792854,26724,423700,94920,3600,223284,54.700854700854705
1791441423,794082,27220,424424,94920,3600,223284,61.11705542478065
1791441429,793006,26964,423736,94920,3600,223152,60.1945945945946
1791441435,795434,28372,424748,94920,3600,223156,61.751351351351346
1791441441,793554,27244,423880,94920,3600,223280,58.87148680540657
1791441447,793686,27180,424072,94920,3600,223280,64.59948320413437
1791441453,794474,27692,424344,94920,3600,223280,64.87900588620013
1791441459,819766,26732,423848,94920,3600,250036,54.20765027322404
1791441464,793658,26860,424380,94920,3576,223284,56.65236051502146
1791441470,819822,26960,423824,94920,3576,249908,56.19478560655031
1791441476,794018,27388,424212,94920,3576,223284,57.04317488006978
1791441482,793786,27264,424104,94920,3576,223284,54.965753424657535
1791441488,793086,26880,423788,94920,3576,223284,54.80396380870315
1791441494,793878,27268,424272,94920,3520,223284,55.13742071881607
1791441500,793470,27148,423988,94920,3520,223284,57.64229375399702
1791441506,807782,27032,438292,94920,3520,223412,61.73913043478261
1791441512,793634,26980,424324,94920,3520,223280,72.11120764552564
1791441518,793934,27328,424140,94920,3520,223412,55.55794452805848
1791441523,792982,26616,423908,94920,3520,223412,57.94352231084285
1791441529,819930,26892,424012,94920,3584,249908,56.92108667529108
1791441535,820074,27052,423992,94920,3584,249908,63.35959122844369
1791441541,794370,27536,424424,94920,3584,223284,59.39995683142673
1791441547,793426,27000,424016,94920,3584,223284,56.27967198964178
1791441553,794094,27292,424392,94920,3584,223284,54.52991452991453
1791441559,793770,27096,424268,94920,3584,223280,54.761390628373995
1791441565,794878,27700,424676,94920,3556,223412,61.06870229007634
1791441571,793330,26860,423972,94920,3556,223412,61.419020918697434
1791441577,794594,27444,424644,94920,3472,223540,65.07177033492823
1791441582,819982,27020,424048,94920,3504,249904,55.94405594405595
1791441588,794178,27416,424472,94920,3504,223280,65.54299125240026
1791441594,793178,26932,423988,94920,3472,223284,55.024641097064496
1791441600,793334,27120,423952,94920,3472,223284,52.89823958780593
1791441606,820234,27104,424248,94920,3472,249904,58.34573676376781
1791441612,794250,27448,424412,94920,3472,223412,64.9542882020026
1791441618,820566,26996,424560,94920,3472,250036,69.71027216856892
1791441624,794386,27180,424812,94920,3472,223412,64.12546286212154
1791441630,794666,27196,425076,94920,3472,223412,90.43176394011716
1791441635,794462,27532,424668,94920,3472,223284,61.01841820151679
1791441641,795462,28288,424892,94920,3488,223284,65.52248533565066
1791441647,794986,27504,425204,94920,3488,223280,54.69493725659888
1791441653,793802,27016,424380,94920,3488,223412,54.11302640192014
1791441659,794454,27296,424740,94920,3488,223412,52.74343960095425
1791441665,793846,27000,424432,94920,3488,223412,64.52166452166452
1791441671,794786,27436,424936,94920,3488,223412,62.40891555936562
1791441676,793738,27072,424640,94920,3488,223024,66.58019887591871
1791441682,820438,26908,424620,94920,3488,249908,55.667022411953035
1791441688,793818,26928,424600,94920,3488,223284,51.12588462363286
1791441694,794010,27100,424620,94920,3488,223284,54.49915110356537
1791441700,820710,27152,424628,94920,3500,249908,59.27813163481953
1791441706,793950,27028,424588,94920,3528,223284,53.3219397564623
1791441712,795282,27764,425176,94920,3528,223284,60.514372163388806
1791441718,821146,27024,425036,94920,3528,250036,59.100642398286936
1791441724,794650,27048,425136,94920,3528,223412,59.08598657136669
1791441730,795042,27288,425220,94920,3592,223412,56.68748653887573
1791441736,822366,27448,425756,94920,3592,250036,56.25399531216706
1791441742,794666,26804,425324,94920,3592,223412,61.525204653166746
1791441747,795494,27472,425608,94920,3592,223284,66.66666666666666
1791441753,796898,27844,426612,94920,3620,223284,77.27468736524365
1791441759,796538,27860,426344,94920,3624,223156,54.04705374487373
1791441765,822178,27368,425784,94920,3572,249904,52.478891534964276
1791441771,795874,27452,425880,94920,3572,223412,58.98937323790935
1791441777,796074,27616,425916,94920,3572,223412,58.20379965457686
1791441783,794958,26956,425468,94920,3572,223412,58.42309349418354
1791441789,796270,27328,426400,94920,3572,223412,58.25410544511668
1791441795,795806,27092,426336,94920,3540,223280,56.61748984391705
1791441800,794766,26864,425524,94920,3540,223284,55.88993981083406
1791441806,795834,27360,426092,94920,3540,223284,62.02749140893471
1791441812,796226,27452,426392,94920,3540,223284,57.79206859592711
1791441818,796406,27540,426484,94920,3540,223284,61.044176706827315
1791441824,796698,27816,426500,94920,3540,223284,66.85284640171858
1791441830,795566,27204,425984,94920,3540,223284,53.09278350515464
1791441836,795482,27160,425940,94920,3540,223284,56.444349131460434
1791441842,796278,27580,426264,94920,3592,223284,57.093275488069416
1791441848,796106,27516,426032,94920,3592,223412,52.294372294372295
1791441854,795994,27420,426016,94920,3592,223412,57.74436090225564
1791441860,796710,27740,426536,94920,3592,223284,58.22566752799311
1791441866,795714,27216,426068,94920,3592,223284,59.82608695652174
1791441871,801086,27768,431004,94924,3592,223156,80.17094017094017
1791441877,796578,27964,426172,94920,3592,223284,56.53104925053534
1791441883,796658,28224,425996,94920,3592,223284,63.28358208955224
1791441889,796494,27972,426080,94920,3592,223284,55.57747096208635
1791441895,796742,28060,425988,94920,3592,223540,57.428757885577554
1791441901,797414,28064,426780,94920,3592,223412,73.57490993854631
1791441907,824890,27900,427796,94920,3592,250036,66.24756123997399
1791441913,823014,27064,426760,94920,3592,250036,68.29902491874323
1791441918,797270,27536,427416,94920,3592,223156,68.67627785058977
1791441924,796082,26992,426652,94920,3592,223284,67.28648648648648
1791441930,796962,27476,426980,94920,3652,223284,62.295777636325056
1791441936,796286,27028,426748,94920,3652,223284,54.08643560119811
1791441942,798094,27692,428016,94920,3652,223156,52.473118279569896
1791441948,796198,27032,426576,94920,3620,223412,54.994629430719655
1791441954,797010,27360,427056,94920,3620,223412,58.57451403887689
1791441960,796614,27276,426752,94920,3620,223412,55.09400961958898
1791441966,798338,27888,427996,94920,3520,223412,58.0659056644411
1791441972,797018,27468,427096,94920,3520,223412,55.93439792835563
1791441977,823246,27284,426884,94920,3520,250036,63.434604611075194
1791441983,797354,27716,427312,94920,3520,223284,59.714409346603205
1791441989,796526,27456,426744,94920,3520,223284,69.46681175190425
1791441995,797882,27896,427692,94920,3488,223284,92.37472766884531
1791442001,795958,27184,426588,94920,3512,223156,56.960136431464505
1791442007,796030,27068,426520,94920,3512,223412,55.77379667601986
1791442013,796966,27488,427032,94920,3512,223412,60.93408991706678
1791442019,796126,26920,426764,94920,3512,223412,64.45414847161572
1791442025,796426,27220,426760,94920,3512,223412,60.05176876617774
1791442030,797206,27624,427256,94924,3512,223284,70.5831719388853
1791442036,795574,26628,426624,94920,3512,223284,55.43874704998927
1791442042,797490,27704,427460,94920,3512,223284,65.39369234069942
1791442048,797190,27836,427028,94920,3512,223284,66.32034632034632
1791442054,796294,27248,426720,94920,3512,223284,62.216461438755665
1791442060,796186,27440,426748,94920,3376,223156,54.874892148403795
1791442066,796162,27312,426760,94920,3488,223284,68.0704770090245
1791442072,799962,27220,430620,94924,3496,223284,75.91496822266053
1791442078,795634,26876,426512,94924,3496,223412,61.27067014795474
1791442084,795346,26604,426496,94924,3496,223412,58.52395338800173
1791442089,795838,27024,426764,94924,3552,223156,64.55834242093785
1791442095,796722,27836,426692,94924,3552,223284,74.68950749464668
1791442101,824494,27868,427808,94924,3552,249908,71.1968434896975
1791442107,796498,27476,426628,94924,3600,223412,66.13699806742538
1791442113,801270,27256,431624,94924,3600,223412,78.35319609967497
1791442119,796222,26920,427040,94924,3600,223284,54.390451832907075
1791442125,796342,26976,426972,94924,3600,223412,64.8509543212524
1791442131,823554,27264,427204,94924,3664,250036,63.23974082073433
1791442137,823342,27240,427012,94924,3664,250036,71.98435122799391
1791442142,797422,27660,427420,94924,3664,223284,70.51775780915703
1791442148,797018,27404,427428,94924,3640,223156,73.8858988159311
1791442154,823042,26976,427128,94924,3640,249908,66.00259852750108
1791442160,685635,27772,347816,94924,3644,191024,67.6737160120846
1791442166,680159,27680,342208,94924,3624,191276,55.48136980400603
1791442172,679230,27092,341856,94924,3624,191276,59.25925925925925
1791442178,678510,27268,341964,94924,3624,190268,60.291875408407755
1791442184,678682,27344,341964,94924,3688,190268,55.80182529335072
1791442189,677850,26668,341684,94924,3688,190396,53.880692751763945
1791442195,677690,26712,341636,94924,3656,190268,55.553159370282515
1791442201,678218,27052,341820,94924,3656,190268,63.64790520524757
1791442207,678182,27000,341840,94924,3656,190268,53.69361516670299
1791442213,677826,26880,341600,94924,3656,190268,53.88245388245389
1791442219,679038,27484,342040,94924,3656,190436,54.09800984378344
1791442225,679150,27572,341936,94924,3656,190564,51.856621592616435
1791442231,678682,27264,341780,94924,3656,190564,65.64191383416323
1791442237,679434,27588,342076,94924,3656,190692,75.61929595827901
1791442243,677586,26944,341312,94924,3356,190696,51.183172655565286
1791442248,679198,28292,342152,94924,3356,190120,50.04284490145673
1791442254,686506,27416,342256,94924,3356,198200,52.517527087316765
1791442260,688138,28272,342352,94924,3404,198812,51.03125664469488
1791442266,686046,27176,341328,94924,3420,198812,52.04525674499565
1791442272,714002,28088,341748,94924,3420,225436,52.95508274231678
1791442278,685506,26908,340928,94924,3420,198940,54.57685664939551
1791442284,711978,26884,340804,94924,3420,225564,51.79110919292188
1791442290,687742,28192,341880,94924,3420,198940,54.164886800512605
1791442296,713962,28056,341688,94924,3464,225436,55.12547851977882
1791442302,713282,27520,341416,94924,3464,225564,60.91106290672451
1791442308,685514,27000,340796,94924,3464,198940,53.3903743315508
1791442314,685990,27236,341032,94924,3464,198940,57.49559082892416
1791442319,684958,26592,340760,94924,3468,198808,55.86975149957155
1791442325,686798,27608,341576,94924,3468,198812,51.28860489882854
1791442331,686174,27256,341240,94924,3532,198812,52.132904608788856
1791442337,686110,27404,341020,94924,3532,198812,50.08488964346349
1791442343,686270,27240,341344,94924,3532,198812,50.31229808313591
1791442349,685734,26992,341056,94924,3532,198812,51.25541125541125
1791442355,692230,27416,347100,94924,3464,198940,77.15648027741656
1791442361,686786,27028,342048,94924,3464,198940,56.736365596033636
1791442367,686598,26872,342052,94924,3436,198940,52.385082393755425
1791442373,686662,26892,342096,94924,3436,198940,56.18556701030928
1791442379,686834,26976,342228,94924,3404,198940,53.97170837867247
1791442384,690710,26792,342312,94924,3404,202916,55.11375717627046
1791442390,686506,26940,342072,94924,3396,198812,51.8992744344857
1791442396,686326,26760,342100,94924,3380,198812,53.73262032085562
1791442402,686450,27116,341996,94924,3380,198684,54.72257518000847
1791442408,686850,27044,342336,94924,3380,198812,54.12765957446809
1791442414,686482,26948,342068,94924,3380,198812,50.899742930591266
1791442420,686434,27096,341872,94924,3380,198812,50.78556263269639
1791442426,686682,27180,342032,94924,3380,198812,50.72587532023911
1791442432,687138,27540,342012,94924,3472,198812,55.27527966659355
1791442438,686398,26960,341848,94924,3472,198812,54.718614718614724
1791442444,687114,27396,342256,94924,3472,198680,54.80873135941214
1791442450,713018,27028,341780,94924,3452,225432,60.577131698850074
1791442456,686770,27212,341968,94924,3452,198812,59.561795362688784
1791442461,686066,26720,341892,94924,3452,198680,52.17764428234285
1791442467,686058,26972,341760,94924,3452,198552,56.38615976078599
1791442473,685950,26776,341848,94924,3452,198552,57.56139595002154
1791442479,685698,26784,341588,94924,3452,198552,75.45219638242894
1791442485,686342,27244,341644,94924,3452,198680,54.32205216641518
1791442491,686314,27004,341720,94924,3452,198812,57.5945310831019
1791442497,686014,26968,341464,94924,3452,198808,54.521625163827004
1791442503,686098,27032,341484,94924,3452,198808,54.549402823018454
1791442509,685870,26792,341492,94924,3452,198812,52.083333333333336
1791442514,686258,26700,342096,94924,3452,198684,54.0120793787748
1791442520,686702,27172,342072,94924,3452,198684,53.77720870678617
1791442526,713054,26928,342048,94924,3452,225304,54.304923010193015
1791442532,687338,27796,342000,94924,3532,198684,55.12518724588059
1791442538,687138,27352,342104,94924,3532,198808,54.62744255958771
1791442544,686486,26912,341896,94924,3532,198808,50.48966267682263
1791442550,714394,27624,342248,94924,3532,225432,56.78640567864057
1791442556,687818,27388,342660,94924,3532,198680,53.06741816605246
1791442562,687874,27200,342704,94924,3580,198808,65.20051746442432
1791442567,686966,26824,342208,94924,3552,198812,52.807543934847835
1791442573,687734,27296,342628,94924,3552,198684,58.23554976097349
1791442579,688034,27244,342984,94924,3552,198680,55.14879040890601
1791442585,687318,27132,342376,94924,3552,198680,54.37229437229437
1791442591,687310,27128,342404,94924,3520,198680,55.0530188270937
1791442597,693590,27748,347932,94924,3520,198808,87.33176671651357
1791442603,687490,27376,342208,94924,3520,198812,65.61076155348232
1791442609,688002,27772,342196,94924,3520,198940,57.19237435008665
1791442615,688682,27996,342776,94924,3520,198808,54.46808510638298
1791442621,713938,27268,342140,94924,3520,225432,55.71030640668524
1791442626,688350,27804,342764,94924,3520,198680,61.861074705111406
1791442632,687838,27696,342360,94924,3520,198680,63.24453108078839
1791442638,688798,28504,342640,94924,3520,198552,59.75103734439834
1791442644,688278,27868,342496,94924,3520,198812,56.466537551108246
1791442650,688690,27920,342728,94924,3520,198940,54.47905477980666
1791442656,688074,27644,342392,94924,3520,198940,53.34480533448054
1791442662,688150,27812,342296,94924,3520,198940,53.549349818801964
1791442668,715246,27968,342612,94924,3520,225564,56.57082002129925
1791442674,688142,27740,342584,94924,3368,198940,53.645833333333336
1791442679,687494,27772,342212,94924,3336,198684,55.647623201046656
1791442685,688182,28048,342492,94924,3336,198812,53.74045801526718
1791442691,687846,27884,342292,94924,3360,198812,56.7449956483899
1791442697,689050,28348,343032,94924,3360,198812,54.37908496732026
1791442703,688134,27976,342360,94924,3364,198940,56.173913043478265
1791442709,689338,28392,342844,94924,3356,199256,55.28031290743155
1791442714,688266,27312,342984,94924,3356,199128,58.747300215982726
1791442720,689826,28012,343648,94924,3480,199128,80.18847718997644
1791442726,690490,28408,343716,94924,3616,199128,55.52654482158399
1791442732,689850,27624,343780,94924,3692,199128,56.618610747051115
1791442738,715638,27168,343264,94924,3692,225880,57.5107296137339
1791442744,689618,27724,343256,94924,3740,199256,54.68442891461017
1791442750,699346,27816,344212,94924,3776,207856,57.36568457538995
1791442756,698154,27216,343604,94924,3780,207856,56.88584279288927
1791442761,697254,26800,343256,94924,3780,207724,57.48605748605748
1791442767,697198,26760,343404,94924,3752,207596,53.79310344827586
1791442773,697514,26972,343372,94924,3752,207728,56.62650602409639
1791442779,697422,26976,343280,94924,3752,207728,53.07974929760104
1791442785,697610,27032,343284,94924,3752,207856,54.172127566622976
1791442791,698214,27492,343456,94924,3720,207856,53.1480677377334
1791442797,698938,27472,344204,94924,3720,207856,55.08982035928144
1791442803,697862,26984,343616,94924,3720,207856,54.23150714133447
1791442809,698926,27520,343800,94924,3720,208196,55.85003232062056
1791442815,698702,27348,343752,94924,3720,208196,57.52307362094871
1791442820,698222,27188,343556,94924,3720,208068,66.85332758992031
1791442826,725630,27652,343876,94924,3720,234692,62.30802983764809
1791442832,698346,27380,343488,94924,3720,208068,64.60887949260042
1791442838,726770,27216,372076,94924,3720,208068,86.43086816720256
1791442844,699002,28012,343560,94924,3688,208068,66.10621283575969
1791442850,697542,27088,343028,94924,3688,208068,56.23003194888179
1791442856,698670,27796,343444,94924,3688,208068,57.045840407470294
1791442862,697386,26976,342984,94924,3688,208068,52.728439974320565
1791442868,697686,27120,343136,94924,3688,208068,66.20804669585158
1791442875,699246,28292,343392,94924,3688,208196,62.71312083024463
1791442882,698938,28304,343204,94924,3688,208068,61.66730110392082
1791442888,698754,27848,343476,94924,3688,208068,57.05794947994056
1791442894,699786,28300,343520,94924,3688,208604,61.85147507629705
1791442900,699026,27340,343720,94924,3688,208604,63.14076484947111
1791442907,699966,28272,343976,94924,3688,208348,65.51204819277109
1791442913,698710,27436,343572,94924,3688,208336,57.81685610122239
1791442919,725426,27500,343864,94924,3688,234692,57.442164993452636
1791442925,698782,27552,343792,94924,3688,208068,58.465495070724394
1791442931,699934,27788,344516,94924,3752,208196,55.87852494577007
1791442936,697970,26880,343584,94924,3752,208068,55.19031141868512
1791442942,699322,27556,344256,94924,3752,208068,54.6875
1791442948,698326,27032,343788,94924,3752,208068,61.33739925942061
1791442954,698842,27512,343820,94924,3752,208068,59.587404994571116
1791442960,703994,27588,348768,94924,3752,208196,78.50148999574287
1791442966,699626,27640,344384,94924,3724,208196,56.423611111111114
1791442972,725462,27252,343856,94924,3724,234948,55.30738140821102
1791442978,698694,27176,343916,94924,3724,208196,56.23931623931624
1791442984,725442,27416,344176,94924,3468,234820,53.333333333333336
1791442989,697406,26752,343532,94924,3492,208068,55.80204778156996
1791442995,697354,26912,343356,94924,3460,208068,56.59722222222222
1791443001,698166,27740,343440,94924,3476,207940,57.08070480748314
1791443007,723962,27028,343204,94924,3476,234692,58.48156182212582
1791443013,698346,27596,343480,94924,3508,208196,59.84864864864865
1791443019,697502,27116,343236,94924,3508,208068,53.95189003436426
1791443025,697462,26972,343216,94924,3508,208196,58.081244598098536
1791443031,698486,27616,343544,94924,3536,208196,55.9685177087888
1791443036,697326,26916,343212,94924,3536,208068,55.66566135286515
1791443042,698178,27228,343744,94924,3540,208068,52.812160694896846
1791443048,697602,26992,343304,94924,3516,208196,54.15224913494809
1791443054,701070,28336,345544,94924,3528,208064,53.64381198792583
1791443060,698582,26972,344280,94924,3532,208196,53.79609544468546
1791443066,698950,27304,344312,94924,3532,208196,56.07073538926029
1791443072,699542,27392,344948,94924,3532,208064,56.4786913473956
1791443078,725910,27100,344980,94924,3532,234688,54.95533815397703
1791443083,699410,26928,345272,94924,3532,208068,79.19261327034572
1791443089,699234,27200,344824,94924,3532,208068,54.706773425665446
1791443095,698858,27160,344616,94924,3532,207940,57.105887427215876
1791443101,725774,27228,344712,94924,3532,234692,56.10073816760747
1791443107,698558,26948,344276,94924,3532,208196,55.553159370282515
1791443113,699634,27560,344736,94924,3532,208196,55.95854922279793
1791443119,724966,26996,344292,94924,3340,234820,57.44545647108663
1791443125,698466,26940,344468,94924,3340,208196,54.526091586794465
1791443131,699898,27624,345148,94924,3404,208196,58.540809699069065
1791443137,698242,26748,344496,94924,3404,208068,53.24202867536915
1791443143,698822,27020,344668,94924,3404,208196,57.04407951598963
1791443148,698154,26744,344404,94924,3404,208068,54.510058403634
1791443154,699406,27500,344796,94924,3388,208196,56.638691629007965
1791443160,698082,26936,344300,94924,3388,207940,52.347826086956516
1791443166,698510,27324,344248,94924,3360,208068,56.89580631214872
1791443172,698590,27216,344304,94924,3360,208196,56.06748864373783
1791443178,698098,26944,344088,94924,3360,208196,57.72130088304975
1791443184,724574,26896,343964,94924,3376,234820,56.33063634375684
1791443189,697834,26780,344216,94924,3376,207940,58.25747724317295
1791443195,698390,27136,344324,94924,3344,208064,56.25806451612904
1791443201,704814,27548,350008,94924,3344,208392,74.7777054868792
1791443207,698774,27224,344064,94924,3520,208392,53.79760609357997
1791443213,698702,27024,344056,94924,3520,208520,54.24610051993067
1791443219,699090,27208,344128,94924,3520,208648,58.58240819812126
1791443225,699034,27228,344180,94924,3520,208520,59.825791374548544
1791443231,698538,26976,344060,94924,3520,208392,54.373927958833626
1791443237,698474,26840,344092,94924,3536,208388,53.771342122325485
1791443242,698414,26880,344248,94924,3536,208132,62.8235805960409
1791443248,698122,26804,344032,94924,3536,208132,55.344827586206904
1791443254,699142,27244,344356,94924,3536,208388,53.47177157689812
1791443260,699330,27556,344228,94924,3540,208392,56.69156883671291
1791443266,698650,26964,344140,94924,3540,208392,57.702127659574465
1791443272,698802,27132,344124,94924,3540,208388,56.19191700886104
1791443278,699574,27492,344372,94924,3564,208520,55.343756693082035
1791443284,698894,27052,344140,94924,3564,208520,56.08856088560885
1791443290,698878,27004,344156,94924,3564,208520,55.44381285526892
1791443295,698866,26812,344336,94924,3564,208520,56.843940714908456
1791443301,725434,27180,344040,94924,3564,235016,54.47101917690153
1791443307,698390,26884,343920,94924,3564,208392,53.552148564025046
1791443313,698394,26900,343904,94924,3564,208392,54.712260216847376
1791443319,698698,27136,343972,94924,3564,208392,54.82758620689655
1791443325,700874,27872,345412,94924,3564,208392,74.33705895244357
1791443331,725494,27100,344116,94924,3624,235016,54.678740836567485
1791443337,699638,27260,344588,94924,3624,208520,53.63984674329502
1791443343,699134,27004,344344,94924,3624,208520,54.35062151735962
1791443349,699182,26960,344468,94924,3600,208520,55.644637053087756
1791443355,699130,26848,344396,94924,3600,208648,55.818022747156604
1791443360,699458,27236,344592,94924,3600,208392,54.81099656357389
1791443366,699170,27208,344372,94924,3572,208392,57.917760279965
1791443372,698966,27096,344280,94924,3572,208392,54.0177690029615
1791443379,725746,27280,344252,94924,3572,235016,54.62844622968779
1791443386,700498,28272,344632,94924,3572,208392,57.59280089988752
1791443393,700198,27724,344788,94924,3540,208520,55.967682702901214
1791443400,699738,27660,344392,94924,3540,208520,52.7242089496349
1791443407,699938,27520,344732,94924,3540,208520,57.153378751611115
1791443414,699618,27316,344588,94924,3564,208520,53.22551001654108
1791443421,699430,27136,344584,94924,3564,208520,54.70719051148999
1791443427,699778,27248,344816,94924,3564,208520,55.65985643290999
1791443434,699582,27488,344500,94920,3564,208392,55.07193589510108
1791443441,699886,27468,344828,94920,3564,208392,58.314690529455625
1791443448,699982,27472,345048,94920,3564,208264,71.59707919865194
1791443455,699462,27348,344620,94920,3416,208520,53.65126676602087
1791443462,699330,27224,344608,94920,3416,208520,55.244494214259056
1791443469,699022,27124,344528,94920,3416,208392,51.883786316776
1791443475,699142,27136,344660,94920,3392,208392,55.344070278184475
1791443482,700146,27776,345140,94920,3312,208392,55.98663449043995
1791443489,699478,27456,344800,94920,3312,208392,61.70880236205942
1791443496,700230,27932,344876,94920,3452,208392,55.36639526276832
1791443503,700798,27876,345360,94920,3456,208520,62.20270764727406
1791443510,700290,27604,345108,94920,3468,208520,55.14190932546996
1791443517,700150,27544,345148,94920,3472,208388,57.11115221009803
1791443524,700650,27640,345416,94920,3472,208520,52.87783141477905
1791443530,700666,27720,345416,94920,3536,208392,55.94927265945543
1791443537,727714,28148,345532,94920,3536,234888,55.18248175182482
1791443544,700454,27640,345276,94920,3536,208392,55.623721881390594
1791443551,700258,27324,345268,94920,3536,208520,55.983921067056464
1791443558,727698,27756,345584,94920,3600,235144,54.88008923591746
1791443565,705590,27428,350400,94920,3600,208520,72.20270020343999
1791443572,700142,27144,345272,94920,3572,208520,56.845238095238095
1791443578,700334,27436,345264,94920,3604,208392,57.32225300092336
1791443585,700790,27600,345540,94920,3604,208392,57.89860396767082
1791443592,701314,27884,345808,94920,3572,208392,57.279940948514486
1791443599,700830,27784,345428,94920,3572,208392,56.50275299031707
1791443605,701198,27776,345804,94920,3572,208392,56.432865731462925
1791443611,701314,27532,346032,94920,3572,208520,67.14345814051326
1791443617,699886,26772,345496,94920,3572,208392,53.35620844949604
1791443623,701334,27580,346132,94920,3572,208392,57.93823401478904
1791443629,699766,26924,345352,94920,3572,208264,54.29206220965461
1791443636,700326,27320,345384,94920,3572,208392,56.02772204997264
1791443643,701030,27968,345440,94920,3572,208392,56.42282114105706
1791443651,700478,27624,345368,94920,3572,208260,56.78881217914675
1791443658,701150,27696,345680,94920,3588,208520,53.022578295702836
1791443665,700666,27524,345368,94920,3588,208520,54.24739195230999
1791443671,700718,27260,345816,94920,3588,208392,52.80877624361642
1791443678,728810,27664,346876,94920,3588,235016,57.98414496036241
1791443685,759302,27336,377572,94920,3588,235144,71.83918842757843
1791443692,702038,27308,346960,94920,3588,208520,64.46942274718994
1791443698,701898,27488,346764,94920,3588,208392,58.148431522570775
1791443705,728278,27312,346572,94920,3588,235144,54.59193706981318
1791443711,701494,27264,346584,94920,3588,208392,57.30571917157514
1791443718,702294,27612,346888,94920,3612,208520,56.23619200642699
1791443724,701826,27456,346908,94920,3388,208520,54.511041009463725
1791443730,702042,27652,346828,94920,3480,208520,58.13148788927336
1791443736,701650,27104,346900,94920,3544,208520,63.13513513513514
1791443742,701082,26676,346764,94920,3544,208520,57.289879931389365
1791443747,701070,26760,346788,94920,3544,208392,61.80555555555556
1791443753,727802,26912,346744,94920,3544,235016,51.85508511567001
1791443759,701850,27280,347052,94920,3544,208392,51.497769279796046
1791443766,702058,27632,346812,94920,3516,208520,55.68268497330282
1791443772,701218,27156,346580,94920,3516,208388,53.60108128982429
1791443779,701418,27336,346576,94920,3512,208392,56.68326311757947
1791443785,701922,27368,347044,94920,3512,208392,56.493506493506494
1791443791,727818,27080,346632,94924,3480,235016,53.355989804587935
1791443797,701858,27300,347076,94924,3480,208392,54.3063215952482
1791443803,701350,27148,346716,94924,3484,208392,58.818737270875765
1791443810,702954,27860,347480,94924,3484,208520,76.45875251509054
1791443816,703730,28064,348048,94924,3488,208520,59.15675675675676
1791443822,701842,27364,346840,94920,3504,208520,61.92199437072779
1791443829,703154,27876,347636,94920,3504,208520,55.06750332762883
1791443835,702682,27756,347280,94920,3504,208520,52.62492093611638
1791443841,701070,26752,346680,94920,3504,208520,55.24384980578334
1791443846,701550,27044,346864,94920,3504,208520,54.392402331102964
1791443852,701506,27108,346880,94920,3504,208392,57.46236559139785
1791443858,701222,26984,346728,94920,3504,208388,54.592274678111586
1791443864,701338,27168,346656,94920,3504,208392,56.69424994695523
1791443870,703078,27952,347612,94920,3504,208392,55.50032418413659
1791443876,702314,27552,347248,94920,3504,208392,55.73770491803278
1791443882,701302,26992,346668,94920,3504,208520,56.81184295215619
1791443888,702438,27484,347308,94920,3504,208520,57.79796668829764
1791443894,701646,27164,347064,94920,3348,208520,56.50107991360691
1791443900,728398,27524,346776,94920,3396,235144,58.26669548303436
1791443905,703702,27800,347548,94920,3508,209220,57.41626794258373
1791443911,703162,27484,347584,94920,3508,208960,58.44044558697515
1791443917,704386,27728,348428,94920,3508,209092,52.03393517511421
1791443923,703050,27504,347444,94920,3508,208964,54.12483631601921
1791443929,702878,27104,347552,94920,3508,209092,75.25773195876289
1791443935,703442,27568,347452,94920,3572,209220,56.454388984509464
1791443941,702554,27068,347056,94920,3572,209220,54.19078242229368
1791443947,702438,27052,346948,94924,3572,209220,56.83714958270918
1791443953,702222,26840,346944,94924,3572,209220,55.838225701239395
1791443958,704490,26808,347320,94924,3572,211144,57.375993128623584
1791443964,702778,27264,347276,94924,3524,209092,53.402239448751075
1791443970,729942,27512,347608,94924,3496,235716,57.278004730165556
1791443976,702618,27360,347184,94924,3496,208964,54.33897578744376
1791443982,702570,27120,347252,94924,3496,209092,55.362131957876635
1791443988,702674,27220,347252,94920,3496,209092,54.1507024265645
1791443994,702214,27016,347032,94920,3464,209092,55.13742071881607
1791444001,703110,27112,347704,94920,3464,209220,56.4873417721519
1791444006,702558,26936,347456,94920,3372,209220,54.75219909890582
1791444012,702270,26892,347340,94920,3372,209092,52.588614393125674
1791444018,702270,26944,347264,94920,3396,209092,56.620616365568544
1791444024,728734,26892,347160,94920,3396,235716,52.953859422164726
1791444030,704314,28240,347900,94920,3472,209088,56.55172413793104
1791444036,702602,26940,347364,94920,3472,209220,54.31886549204985
1791444042,729538,27320,347292,94920,3476,235844,63.70465765185662
1791444048,733798,27268,378352,94920,3476,209092,72.42726877985237
1791444054,702770,26788,347680,94920,3476,209220,60.82672949239666
1791444060,703062,27216,347536,94920,3476,209220,55.25525525525525
1791444066,702538,26956,347280,94920,3476,209220,56.56565656565656
1791444072,703630,27400,347916,94924,3476,209220,53.49597037682422
1791444077,705186,26980,347992,94920,3452,211144,60.077686663789386
1791444083,729422,26776,347740,94920,3452,235844,53.9401601348504
1791444089,702554,26936,347736,94920,3352,208964,56.53104925053534
1791444095,702690,27068,347616,94920,3352,209092,56.9829997848074
1791444101,702566,26944,347612,94920,3352,209092,54.13142485361093
1791444107,703202,27424,347896,94920,3352,208960,52.10594876248371
1791444113,702486,27012,347600,94920,3352,208960,55.09641873278237
1791444119,702302,26924,347632,94920,3352,208832,53.55004277159966
1791444125,702598,27092,347632,94920,3352,208960,53.86819484240688
1791444131,704742,27168,347708,94920,3416,210884,54.76575121163167
1791444137,702414,26840,347612,94932,3416,208960,54.000431313349154
1791444143,702590,27040,347588,94932,3416,208960,55.012853470437015
1791444149,728926,26920,347548,94932,3416,235456,52.817493692178296
1791444155,702834,27124,347740,94932,3416,208960,52.51160827353314
1791444161,703858,27896,347968,94932,3432,208964,55.14879040890601
1791444167,702854,27096,347808,94932,3404,208960,54.69214437367304
1791444173,703066,27044,348000,94932,3452,208960,78.30596369922212
1791444179,729990,27484,347852,94932,3452,235588,53.93814432989691
1791444186,703262,27488,347748,94932,3452,208964,57.01786365293474
1791444193,730226,27860,347616,94932,3420,235712,53.64949981474621
1791444200,729682,27288,347648,94932,3420,235712,55.293221629855296
1791444206,703082,27280,347676,94932,3420,209092,54.4251447477254
1791444212,703438,27640,347644,94932,3528,208964,63.60120326600773
1791444218,703314,27192,347828,94932,3532,209088,55.821917808219176
1791444224,703590,27528,347772,94932,3532,209088,63.34722526869928
1791444229,703158,27120,347744,94932,3532,209092,52.805848204687166
1791444235,703122,27200,347760,94932,3532,208960,53.73262032085562
1791444241,703238,27108,347968,94932,3532,208960,54.15595544130248
1791444247,705694,28380,349148,94932,3532,208960,55.0210970464135
1791444254,704030,27984,347744,94932,3532,209092,55.28052805280528
1791444259,703218,27132,347788,94932,3532,209092,52.647635650468516
1791444265,703458,27364,347796,94932,3532,209092,54.8885077186964
1791444271,703694,27804,347812,94932,3388,209088,56.23387790197765
1791444277,704166,27772,348228,94932,3472,209092,54.513888888888886
1791444283,705642,28268,349080,94932,3528,209088,54.20008442380752
1791444289,746182,28288,362840,94932,3532,235844,61.20026379424049
1791444295,705250,28160,348660,94932,3532,209220,67.08559046587216
1791444301,704834,28196,348212,94932,3532,209220,53.29883570504528
1791444307,704278,27564,348264,94932,3548,209220,56.63409337676438
1791444312,703846,26980,348524,94932,3564,209088,51.912333476579285
1791444318,703762,27068,348324,94932,3588,209092,54.373927958833626
1791444324,704138,27312,348452,94932,3588,209092,53.709642933504384
1791444330,703710,27104,348236,94932,3588,209092,55.28525296017223
1791444336,704946,27728,348712,94932,3696,209092,53.12964141735625
1791444342,731014,27188,348692,94932,3700,235716,53.3219397564623
1791444348,705094,27612,348956,94932,3704,209088,54.99351491569391
1791444354,704362,27144,348696,94932,3704,209092,52.44501387999145
1791444360,705358,27824,349004,94932,3708,209088,52.1336977086399
1791444367,704378,27104,348784,94932,3680,209088,51.512800620636156
1791444372,704190,26912,348780,94932,3680,209088,50.400337126000835
1791444378,704134,26636,348872,94932,3680,209220,53.17426501917342
1791444384,704306,26940,348868,94932,3680,209092,52.04365503958913
1791444390,705270,27260,349508,94932,3680,209092,53.024453024453024
1791444396,704374,27072,348836,94932,3648,209092,52.43055555555556
1791444402,704610,27192,349080,94932,3648,208960,54.564892024802226
1791444408,704270,27092,349020,94932,3524,208960,50.99394987035436
1791444414,705662,27084,350160,94932,3524,209220,75.235646958012
1791444420,704258,27352,348740,94932,3356,209220,60.5543710021322
1791444426,732118,28008,349220,94932,3432,235844,52.8415183358353
1791444432,705126,26980,349880,94932,3432,209220,56.48490115142298
1791444438,707694,26996,350284,94932,3484,211272,51.513859275053306
1791444444,705186,26744,350080,94932,3484,209220,51.59620362381363
1791444449,705342,26852,350256,94932,3484,209092,51.92594168972122
1791444455,731918,27036,350028,94932,3484,235716,50.29838022165388
1791444461,705838,27332,350400,94932,3484,208964,52.55854293148309
1791444467,705230,26964,350040,94932,3484,209092,52.758402029169304
1791444473,705226,26952,350044,94932,3484,209092,52.69978401727862
1791444479,705974,27320,350292,94932,3484,209220,50.97529258777633
1791444485,732074,26988,350108,94932,3484,235844,53.059477963200685
1791444491,705510,27044,350108,94932,3484,209220,53.19605319605319
1791444497,705490,27272,350096,94932,3324,209220,51.056489866321684
1791444503,705690,27192,350252,94932,3416,209220,61.0608020698577
1791444509,705278,26952,350080,94932,3416,209220,52.207961714161414
1791444514,705010,26668,350096,94932,3416,209220,50.11800042909247
1791444520,706522,28104,350300,94932,3496,208960,51.15177610333692
1791444526,706678,27928,350496,94932,3500,209092,51.273344651952456
1791444532,712258,27732,355676,94932,3564,209624,72.8688879273042
1791444538,705878,27008,350012,94932,3564,209628,49.46695095948827
1791444544,706414,27328,350220,94932,3564,209628,50.96952908587258
1791444550,705850,27068,350064,94932,3564,209488,50.932475884244376
1791444556,705802,27172,350172,94932,3564,209220,54.94457726581178
1791444562,705462,26984,350024,94932,3564,209220,51.19586296056884
1791444568,705738,27276,350044,94932,3536,209220,54.75219909890582
1791444574,705394,26916,350060,94932,3536,209220,54.33575395130287
1791444579,706202,27228,350556,94932,3536,209220,54.116145500957245
1791444585,705226,26760,350152,94932,3552,209092,52.83018867924528
1791444591,705714,27204,350224,94932,3520,209092,54.947413608070406
1791444597,705194,26884,350028,94932,3520,209092,52.15123859191656
1791444603,705198,26924,349992,94932,3520,209092,53.869174861051725
1791444609,706686,27760,350640,94932,3520,209092,52.7741371778069
1791444615,705574,27124,350016,94932,3544,209220,52.15168299957392
1791444621,706082,27220,350424,94932,3544,209220,52.12513484358144
1791444627,705578,27032,350112,94932,3544,209220,53.15161839863713
1791444633,705426,27076,350044,94932,3544,209092,51.70773886727195
1791444639,705282,26784,350064,94932,3544,209220,53.870898563156764
1791444645,709658,27064,350056,94932,3544,213324,50.687285223367695
1791444650,704842,26692,349968,94932,3544,208960,52.32682822217457
1791444656,705262,26984,350096,94932,3544,208960,72.55655142979086
1791444662,704962,26908,349868,94932,3544,208964,56.85106382978723
1791444668,731846,26980,349928,94932,3544,235716,55.344827586206904
1791444674,705522,27316,349888,94932,3544,209092,54.848355403673644
1791444680,705210,27016,349884,94932,3544,209092,54.13402959094865
1791444686,705334,26972,349920,94932,3544,209220,52.529601722282024
1791444692,705274,27064,349896,94932,3544,209092,51.10821382007823
1791444698,705470,27044,350112,94932,3544,209088,55.02278151442829
1791444703,704794,26684,349860,94932,3416,209220,52.59991405242802
1791444709,704734,26792,349852,94932,3392,209092,61.204086068246035
1791444715,705414,27268,350052,94932,3392,209092,51.32139812446718
1791444721,705450,27372,349984,94932,3392,209092,52.43639499784389
1791444727,705098,27032,349728,94932,3472,209220,51.104374187960154
1791444733,705738,27528,349776,94932,3560,209220,60.51566162369486
1791444739,705450,27248,349760,94932,3564,209220,52.70506108202443
1791444745,705346,27020,349880,94932,3564,209220,54.08402644487097
1791444751,705842,27268,350256,94932,3564,209088,53.67631296891747
1791444756,704718,26616,349784,94932,3564,209092,52.27619255064256
1791444762,704722,26808,349724,94932,3564,208964,52.342906499676104
1791444768,705394,27252,349984,94932,3536,208964,53.414001728608476
1791444774,740338,27124,385060,94932,3536,208964,75.07125630344223
1791444780,705414,27176,349956,94932,3536,209088,53.44753747323341
1791444786,705034,27120,349636,94932,3536,209088,51.11544292830843
1791444792,704910,26936,349832,94932,3424,209092,53.60388924117523
1791444798,704870,26944,349920,94932,3424,208960,52.582914572864325
1791444804,731950,27208,350112,94932,3424,235584,52.40912933220625
1791444810,704846,26928,349912,94932,3424,208964,51.8246599006694
1791444816,706158,27640,350284,94932,3488,209092,55.670103092783506
1791444822,705954,27208,350384,94932,3492,209220,50.837867247007615
1791444828,705270,26812,350096,94932,3492,209220,54.71413160733549
1791444833,706002,27168,350596,94932,3492,209092,53.55144210073182
1791444839,705590,27020,350332,94932,3492,209092,54.077253218884124
1791444845,706006,27300,350468,94932,3492,209092,55.51509959306061
1791444851,705114,26920,349956,94932,3492,209092,55.02738225629792
1791444857,705614,27176,350196,94932,3492,209092,54.79930191972077
1791444863,706146,27364,350412,94932,3492,209220,55.201879940183716
1791444869,705738,27268,350104,94932,3492,209220,51.380973257343264
1791444875,706054,27372,350476,94932,3380,209220,53.46062052505967
1791444881,705386,27272,350028,94932,3388,209092,54.53770771197273
1791444886,733022,27396,350788,94932,3388,235844,55.44892301130305
1791444892,705454,26892,350544,94932,3340,209092,53.8860103626943
1791444898,705830,26948,350868,94932,3340,209092,77.17484926787253
1791444904,705342,26976,350352,94932,3340,209092,54.41589289570287
1791444910,706114,27424,350436,94932,3416,209220,53.6596023596242
1791444916,705970,27180,350536,94932,3420,209220,53.68191721132898
1791444922,706262,27348,350784,94932,3420,209088,65.47045951859957
1791444928,706206,27148,350788,94932,3420,209220,53.1027027027027
1791444933,733470,27404,351112,94932,3480,235844,55.78583765112263
1791444939,706222,27128,350884,94932,3480,209092,53.99828030954428
1791444945,706046,27012,350828,94932,3480,209092,54.25812115891132
1791444951,733618,27736,350884,94932,3516,235844,56.399132321041215
1791444957,706446,27160,350916,94932,3516,209220,55.25525525525525
1791444963,706438,27128,350940,94932,3516,209220,52.26735439501397
1791444969,706426,27144,350940,94932,3488,209220,56.92041522491349
1791444975,733666,27288,351404,94932,3492,235844,54.91554785621481
1791444980,706790,27164,351408,94932,3492,209092,55.601122382905245
1791444986,707302,27532,351552,94932,3492,209092,53.333333333333336
1791444992,707626,27804,351732,94932,3476,208964,55.753365175857574
1791444998,707522,27636,351540,94932,3476,209220,53.861045386104536
1791445004,706926,27276,351436,94932,3476,209092,54.24610051993067
1791445010,707914,27720,351856,94932,3468,209220,52.918287937743195
1791445016,736014,27532,380092,94932,3500,209220,72.99651567944251
1791445021,707234,27324,351648,94932,3500,209092,56.78095654072942
1791445027,707254,27564,351428,94932,3500,209092,53.9440203562341
1791445033,706498,26980,351252,94932,3500,209092,52.78137128072446
1791445039,734662,27772,352000,94932,3500,235716,55.690796497971384
1791445045,733210,27084,351240,94932,3500,235716,52.918287937743195
1791445051,706654,26984,351280,94932,3500,209220,55.72568470994177
1791445057,706902,27344,351296,94932,3500,209092,53.26482551916077
1791445063,706818,27256,351176,94932,3500,209220,55.107296137339056
1791445069,706462,27016,351060,94932,3500,209220,52.408477842003855
1791445075,706462,27008,351060,94932,3500,209220,54.758800521512384
1791445080,706426,26948,351212,94932,3500,209092,53.2639340707005
1791445086,706318,26816,351364,94932,3500,208964,53.8958243650452
1791445092,707966,27892,351936,94932,3500,208964,63.71527777777778
1791445098,706838,27328,351392,94932,3432,209092,51.44199957274087
1791445104,707374,27764,351444,94932,3436,209092,52.49569707401033
1791445110,734498,27956,351744,94932,3436,235716,57.35199138858989
1791445116,734386,27804,351648,94932,3440,235844,54.43838604143948
1791445122,708618,28140,352168,94932,3440,209220,58.50720585072059
1791445128,708154,28172,351672,94932,3440,209220,54.81835979986948
1791445133,707522,27552,351724,94932,3504,209092,55.91491209029738
1791445139,708902,27888,352760,94932,3504,209092,75.92870946961563
1791445145,707962,27932,351780,94932,3504,209092,53.002070393374744
1791445151,707450,27628,351696,94932,3504,208964,53.355989804587935
1791445158,708566,28120,352064,94932,3504,209220,53.71663244353183
1791445163,707962,27748,351836,94932,3504,209220,52.9732084513178
1791445169,708642,28144,352412,94932,3476,208960,56.77858053548661
1791445175,735042,27912,352288,94932,3476,235716,57.25473134653034
1791445181,707930,27948,351768,94932,3476,209092,54.475374732334046
1791445187,708230,28104,351784,94932,3476,209220,52.29098805646038
1791445193,708398,28412,351776,94932,3376,209220,54.72312703583062
1791445199,710162,28780,353132,94932,3412,209220,54.90027879047823
1791445205,710262,29000,353120,94932,3428,209088,54.434782608695656
1791445210,709534,28128,353132,94932,3428,209220,58.05340223944875
1791445216,709858,28168,353416,94932,3428,209220,57.56013745704467
1791445222,709466,28048,353128,94932,3440,209220,56.64171122994652
1791445228,710270,28448,353372,94932,3456,209348,58.20354171111585
1791445235,711382,29060,353984,94932,3472,209220,54.58631256384066
1791445240,707966,26832,352904,94932,3492,209092,57.6981213560786
1791445246,735006,27008,353068,94932,3540,235716,53.814743176445305
1791445252,709266,27572,353356,94932,3564,209092,57.21627408993576
1791445258,748250,27348,392564,94932,3564,209092,74.07727174616879
1791445264,735878,27136,353780,94932,3564,235716,56.946826758147516
1791445270,709858,27532,353988,94932,3564,209088,56.07961921246214
1791445276,736058,27556,353540,94932,3564,235712,63.91752577319587
1791445282,708966,27184,353448,94932,3564,209088,54.53763440860215
1791445288,708602,26864,353272,94932,3564,209220,57.36773065150853
1791445293,708950,26916,353692,94932,3564,209092,54.091300602928506
1791445299,709498,27508,353648,94932,3564,209092,55.7230834572096
1791445305,708498,26888,353276,94932,3564,209092,54.39440314822912
1791445311,708662,27132,353216,94932,3540,209092,56.50493774151997
1791445317,709582,27180,354088,94932,3540,209092,56.58663205710578
1791445323,710354,27368,354672,94932,3540,209092,55.793805501407846
1791445329,709654,27032,354308,94932,3540,209092,66.72519754170325
1791445335,709850,27132,354340,94932,3604,209088,67.70411426135152
1791445341,709698,27144,354168,94932,3604,209092,53.37925096857512
1791445346,710006,27232,354524,94932,3424,209220,56.99436985708098
1791445352,709406,27056,354356,94932,3424,208964,54.45928479103834
1791445358,709005,26928,354096,94932,3424,208960,64.90630323679727
1791445364,709149,27104,354060,94932,3424,208960,61.75377214082659
1791445370,709113,26940,354224,94932,3396,208964,55.40453074433657
1791445376,709529,27272,354104,94932,3468,209092,52.77180919639021
1791445382,710713,27492,354996,94932,3492,209092,76.96892294593444
1791445388,710181,27308,354520,94932,3492,209220,54.8885077186964
1791445394,736065,26968,354152,94932,3460,235844,53.71577574967405
1791445400,710177,27336,354644,94932,3460,209092,53.50762527233115
1791445405,709681,27156,354216,94932,3548,209092,58.18815331010453
1791445411,709745,26908,354516,94932,3552,209092,55.81395348837209
1791445417,709857,27100,354428,94932,3556,209092,56.311510483525886
1791445423,710629,27708,354576,94932,3564,209092,56.07961921246214
1791445429,710249,27152,354620,94932,3564,209220,57.19222462203024
1791445435,710245,27228,354536,94932,3564,209220,56.54135338345865
1791445441,710121,27248,354392,94932,3568,209220,56.26487773209262
1791445447,710973,27576,354916,94932,3568,209220,64.99032882011605
1791445452,710409,26952,354976,94932,3568,209220,54.91554785621481
1791445458,737269,27132,355156,94932,3568,235716,53.6658783057407
1791445464,710113,27132,354628,94932,3568,209092,54.973821989528794
1791445470,709981,26964,354668,94932,3568,209092,54.71698113207547
1791445476,711565,27732,355604,94932,3568,208964,58.22566752799311
1791445482,710317,27180,354896,94932,3404,209220,53.678532901833876
1791445488,710405,27300,354868,94932,3404,209220,56.18903099934967
1791445494,710229,27208,354784,94932,3404,209220,55.640078243860025
1791445499,732553,26732,377692,94932,3420,209092,74.90636704119851
1791445505,710585,27536,354852,94932,3484,209092,64.96318752706799
1791445511,710741,27520,355148,94932,3484,208964,55.28455284552846
1791445517,709709,27048,354332,94932,3484,209220,55.790147152911075
1791445523,737097,27456,354812,94932,3484,235716,56.7449956483899
1791445529,736969,27488,354780,94932,3484,235588,55.33290239172592
1791445535,711337,27820,355124,94932,3548,209220,59.09688733011836
1791445540,710757,27380,354808,94932,3640,209220,55.5052790346908
1791445546,710121,27104,354416,94932,3672,209220,56.982030742584975
1791445552,710249,27304,354428,94932,3696,209092,56.72159583694709
1791445558,710425,27292,354612,94932,3696,209092,59.61329567673257
1791445564,710881,27256,355104,94932,3696,209092,60.26332829699979
1791445570,710397,27512,354272,94932,3672,209220,58.76489707475623
1791445576,710201,27144,354444,94932,3672,209220,53.91903531438415
1791445582,711177,27484,355080,94932,3672,209220,57.72495755517827
1791445588,710789,27228,354944,94932,3672,209220,56.17977528089888
1791445593,710441,27172,354812,94932,3640,209092,56.458287954693965
1791445599,711005,27424,355124,94932,3640,209092,65.71853109743154
1791445605,711981,27848,355676,94932,3640,209092,56.59655831739961
1791445611,710461,27132,354944,94932,3584,209092,57.77777777777777
1791445617,711601,27732,355484,94932,3584,209092,59.13793103448276
1791445623,712425,27688,356352,94932,3584,209092,77.06500750911822
1791445629,709801,27180,354528,94932,3388,209092,57.749837415998265
1791445635,709589,27240,354256,94932,3388,209092,55.54118154376887
1791445641,709897,27220,354464,94932,3388,209220,58.77061469265368
1791445647,709737,27004,354520,94932,3388,209220,53.96201702685003
1791445652,710245,27032,354996,94932,3388,209220,55.29873528129089
1791445658,710017,27264,354596,94932,3436,209088,55.59440559440559
1791445664,709553,26980,354416,94932,3436,209092,53.427065026362044
1791445670,710153,27236,354756,94932,3436,209092,52.922286448298
1791445676,710249,27364,354464,94932,3436,209348,57.55270593349272
1791445682,710177,27364,354528,94932,3436,209220,51.277609354699
1791445688,737573,27316,355340,94932,3436,235844,56.45230902028485
1791445693,710089,26920,354852,94932,3460,209220,56.12529500107273
1791445699,710793,27088,355612,94932,3460,209220,57.43589743589743
1791445705,710773,27660,355016,94932,3460,209220,57.81685610122239
1791445711,710789,27428,355044,94932,3524,209348,58.08807733619764
1791445717,710485,27308,354964,94932,3540,209220,53.837884325951414
1791445723,710637,27432,355120,94932,3540,209092,57.09342560553633
1791445729,712729,28156,356484,94932,3540,209092,54.906991661321356
1791445735,711170,27764,355140,94932,3604,209220,55.43199315654406
1791445741,723710,28548,366888,94932,3604,209220,63.31569664902999
1791445747,712330,27616,356180,94932,3816,209220,71.78825048418335
1791445752,711289,27180,355552,94932,3792,209220,53.42584562012143
1791445758,711149,27384,355336,94932,3792,209092,57.41626794258373
1791445764,711885,28000,355460,94932,3792,209092,56.221792392005156
1791445770,711497,27736,355332,94932,3772,209092,58.16612729234089
1791445776,711365,27144,355788,94932,3772,209092,56.13126079447323
1791445782,737873,27192,355500,94932,3772,235844,58.22894168466522
1791445788,711717,27312,355840,94932,3776,209220,55.753365175857574
1791445794,711577,27040,356004,94932,3744,209220,57.265692175408425
1791445799,711633,27144,355956,94932,3744,209220,55.680832610581085
1791445805,710593,26700,355492,94932,3744,209092,54.55737704918033
1791445811,711025,27140,355484,94932,3744,209092,55.19008970525417
1791445817,711197,27160,355632,94932,3744,209092,55.32646048109966
1791445823,711549,27000,355636,94932,3744,209604,55.483311660164716
1791445829,711481,27580,355376,94932,3396,209732,55.98621877691645
1791445835,711449,27384,355536,94932,3396,209732,54.650912996777656
1791445841,737733,26904,355680,94932,3396,236356,57.69980506822612
1791445846,711405,26980,355896,94932,3396,209732,58.468878768163094
1791445852,711457,27288,355768,94932,3396,209604,59.188955996548756
1791445858,711593,27460,355736,94932,3396,209604,49.98918918918919
1791445864,717477,27468,361740,94932,3396,209476,76.51434643995749
1791445870,711905,27252,356256,94932,3396,209604,55.32550693703308
1791445876,712793,27548,356844,94932,3396,209604,54.94880546075085
1791445882,711889,27268,356224,94932,3396,209604,55.54600171969045
1791445888,739625,27908,356396,94932,3428,236484,58.14406229720961
1791445894,712557,27880,356112,94932,3428,209732,52.12068211630958
1791445900,740129,28244,356464,94932,3600,236356,55.261459005810195
1791445905,713101,27792,356452,94932,3616,209732,52.61791432280398
1791445911,713705,28052,356916,94932,3620,209604,51.79978700745473
1791445917,713517,28224,356432,94932,3620,209728,51.47916216799827
1791445923,714321,28600,356728,94932,3620,209856,54.43334042100787
1791445929,714269,28788,356492,94932,3620,209856,53.82315249893208
1791445935,713221,27860,356304,94932,3684,209856,54.721445472144545
1791445941,713777,28112,356472,94932,3684,209984,58.90204520990312
1791445947,713377,28028,356156,94932,3684,209984,60.034602076124564
1791445953,713897,27748,356320,94932,3684,210624,63.01131418624891
1791445958,714681,28140,356832,94932,3688,210496,61.049011177987964
1791445964,741353,28428,356584,94920,3696,237120,56.01901880267992
1791445970,714173,27808,356684,94920,3668,210496,55.40976554097655
1791445976,714841,28440,356708,94920,3680,210496,58.20354171111585
1791445982,714677,27956,356896,94920,3680,210624,57.00671431665584
1791445988,715193,28164,357076,94920,3680,210752,77.26980038634899
1791445994,715769,28696,357256,94920,3672,210624,65.54299125240026
1791446000,715753,28644,357152,94920,3676,210752,56.88193085453359
1791446006,714453,27740,356760,94920,3676,210752,54.48215839860748
1791446011,714701,27676,357196,94920,3676,210624,56.711915535444945
1791446017,715085,27988,357268,94920,3676,210624,57.640400522420556
1791446023,715265,28264,357172,94920,3676,210624,56.28997867803838
1791446029,715717,28688,357200,94920,3676,210624,56.92241748821261
1791446035,716461,29224,357184,94920,3676,210624,67.72668672110012
1791446041,745821,29900,358160,94924,3676,238328,60.71881606765328
1791446047,716725,27936,357272,94924,3676,212088,61.18881118881119
1791446053,718365,28628,358220,94924,3676,212088,62.1036518696698
1791446059,719801,27492,357092,94924,3676,215784,56.384598651294326
1791446064,716989,27972,357348,94924,3692,212216,62.20677671589922
1791446070,716713,27500,357544,94924,3692,212216,57.314457314457314
1791446076,742101,27376,357224,94924,3692,238048,55.71366968520914
1791446082,715649,27652,357660,94924,3692,210880,59.03743315508021
1791446088,715209,27756,357120,94924,3692,210880,57.50162372807968
1791446094,743621,28768,357924,94924,3668,237504,52.28869491164573
1791446100,741493,27356,357084,94924,3668,237632,54.007715387912555
1791446106,747725,27760,362904,94924,3668,237632,75.97571552471813
1791446112,715157,27508,357344,94924,3668,210880,52.60653255461821
1791446117,716865,28036,358136,94924,3668,211264,56.09175503137849
1791446123,715765,27740,357460,94924,3668,211136,57.467248908296945
1791446129,715141,27272,357436,94924,3668,211008,54.62328767123288
1791446135,715373,27440,357432,94924,3732,211008,56.56742556917689
1791446141,715745,27540,357444,94924,3732,211264,57.514075357297536
1791446147,717545,27888,358892,94920,3732,211264,57.402204452128814
1791446153,715221,26972,357488,94920,3732,211264,58.040904198062435
1791446159,742657,27656,357612,94920,3732,237888,57.82712823862399
1791446164,716309,27620,358056,94920,3732,211136,55.76964710976402
1791446170,715821,27532,357688,94920,3704,211136,56.75967986156175
1791446176,716429,27724,358100,94924,3704,211136,56.78959710083138
1791446182,715549,27256,357688,94924,3704,211136,54.63414634146342
1791446188,715932,27572,357756,94924,3704,211136,53.42524773804394
1791446194,716556,27620,358236,94924,3672,211264,55.644637053087756
1791446200,716176,27200,358024,94924,3672,211520,57.765434736167485
1791446206,716820,27768,358100,94924,3672,211520,57.74278215223097
1791446212,717160,27644,358560,94924,3672,211520,54.59782849545757
1791446217,717196,27360,359008,94924,3672,211392,53.44864864864864
1791446223,716712,27480,358404,94924,3672,211392,54.35207293249403
1791446229,716220,27296,358100,94920,3672,211392,77.2307030746076
1791446235,742816,27484,357880,94920,3672,238016,54.23728813559322
1791446241,716808,27704,358276,94920,3672,211392,57.0566688213747
1791446247,717024,28116,358080,94920,3672,211392,57.59862039232593
1791446253,717264,28256,358052,94920,3672,211520,56.04442545920547
1791446259,716296,27320,358024,94920,3672,211520,53.82951103418434
1791446265,716052,27348,357752,94920,3672,211520,59.30408472012103
1791446271,716060,27044,358188,94920,3672,211392,54.54149422783707
1791446276,716264,27360,357824,94920,3672,211648,68.17301484828921
1791446282,744484,28416,358104,94920,3672,238528,59.44325481798715
1791446288,718916,28964,358612,94920,3672,211904,65.68201563857515
1791446294,718744,28852,358040,94920,3672,212416,56.761986669533435
1791446300,718212,28544,357692,94920,3672,212544,60.081075314700236
1791446306,720624,28520,360256,94920,3672,212416,59.76520811099253
1791446312,719632,28416,359240,94920,3672,212544,58.98146175154485
1791446318,721272,29760,359532,94920,3672,212544,65.40447504302927
1791446324,722144,29636,360528,94920,3672,212544,62.33538191395961
1791446330,720424,28880,359564,94920,3672,212544,58.10635538261998
1791446335,720780,28928,359784,94920,3760,212544,62.599698210821295
1791446341,719724,28372,359276,94920,3760,212544,59.90961910910265
1791446347,725132,28592,364592,94920,3760,212416,81.69321405193105
1791446353,721272,29108,360088,94920,3760,212544,60.83584661783714
1791446359,723700,30580,361172,94920,3760,212416,68.40404910618135
1791446365,723320,30272,361100,94920,3760,212416,68.13281586890902
1791446371,723264,29564,361788,94920,3732,212416,60.52460437892911
1791446377,726028,28780,361088,94920,3732,216648,54.794520547945204
1791446383,721408,28720,360628,94920,3732,212544,55.86251903415271
1791446388,721784,28104,361236,94920,3732,212928,55.22547552895918
1791446394,721748,28584,360776,94920,3676,212928,59.88845988845989
1791446400,724276,29648,362236,94920,3676,212928,67.38319806975214
1791446406,728504,31232,364156,94920,3676,213652,67.9390950032168
1791446412,725292,30228,362076,94920,3676,213524,76.14991482112437
1791446418,725660,30508,362036,94920,3676,213652,76.41025641025641
1791446424,724144,29260,361768,94920,3676,213652,72.88503253796095
1791446431,722320,28612,360596,94920,3676,213652,70.0359773856433
1791446437,725868,28100,360552,94920,3676,217756,67.59393813576915
1791446443,748500,28076,360560,94920,3676,240404,59.195525919552594
1791446449,721488,27708,360664,94920,3676,213652,54.78260869565217
1791446455,722348,28224,361008,94920,3676,213652,59.343049815096805
1791446461,721240,27552,360576,94920,3676,213652,54.78977026441265
1791446467,729676,28328,368104,94920,3676,213780,60.05267778753293
1791446472,722720,28128,361476,94920,3676,213652,69.91304347826087
1791446478,722888,28464,361180,94920,3676,213780,57.16745587602239
1791446484,723532,28380,362036,94920,3676,213652,61.45878290893396
1791446490,724896,29392,362388,94920,3676,213652,54.04246193437701
1791446496,722588,28532,360940,94920,3676,213652,55.01826778422523
1791446502,723488,28636,361864,94920,3676,213524,57.38758029978587
1791446508,721728,27528,361344,94920,3676,213396,54.68180844225412
1791446514,722116,27384,361640,94920,3752,213524,57.10610932475885
1791446520,722340,27284,361824,94920,3752,213652,54.06345067362016
1791446526,748236,27020,361360,94920,3756,240276,55.13121399615959
1791446532,722204,27348,361556,94920,3820,213652,55.32742597795548
1791446537,722740,27684,361876,94920,3820,213524,52.473118279569896
1791446543,721984,27408,361396,94920,3820,213524,51.91689869351038
1791446549,723084,27780,362124,94920,3820,213524,55.072463768115945
1791446555,721988,27460,361348,94920,3820,213524,51.45192514519251
1791446561,721660,27108,361248,94920,3820,213652,54.2343883661249
1791446567,722000,27148,361712,94920,3792,213524,53.069136334266645
1791446573,723152,27672,361952,94920,3792,213908,57.13049123566327
1791446579,722744,27332,362012,94920,3792,213780,51.49544863459038
1791446585,722908,27456,362052,94920,3792,213780,54.39384220654265
1791446591,722708,27200,362204,94920,3728,213780,76.14936326354415
1791446596,722292,27212,361884,94920,3644,213780,54.700854700854705
1791446602,722092,27136,361760,94920,3644,213780,54.00555436872463
1791446608,721856,27320,361472,94920,3644,213652,56.37467476149176
1791446614,722340,27396,361880,94920,3644,213652,50.64157399486741
1791446620,722392,27676,361772,94920,3644,213524,65.13213981244672
1791446626,721544,26988,361492,94920,3644,213652,52.44770325641579
1791446632,721356,26968,361320,94920,3644,213652,53.276047261009666
1791446638,721940,27216,361504,94920,3668,213780,54.52590840679423
1791446644,722828,27600,362004,94920,3668,213780,56.77530017152659
1791446650,748312,26944,361524,94920,3668,240404,54.407623998267276
1791446656,722064,27268,361572,94920,3668,213780,56.40805829404201
1791446662,721992,27084,361684,94920,3668,213780,55.70934256055363
1791446667,750008,27856,362360,94920,3716,240276,55.95365801330187
1791446673,721752,27152,361436,94920,3716,213652,54.63743676222597
1791446679,722044,27252,361628,94920,3716,213652,54.502874175005324
1791446685,723012,27484,362360,94920,3716,213652,54.646680942184155
1791446691,721780,26960,361656,94920,3716,213652,50.79913606911447
1791446697,721988,27192,361652,94920,3692,213652,51.10776511077651
1791446703,722252,27408,361700,94920,3692,213652,49.97875053123672
1791446709,736956,27560,376080,94920,3720,213780,56.72886937431394
1791446715,722080,26924,361968,94920,3724,213652,63.64222747796173
1791446721,721808,27004,361612,94920,3724,213652,48.853653310477824
1791446727,721608,26764,361656,94920,3724,213652,51.35717363205515
1791446732,749052,26900,362084,94920,3724,240532,52.72649205667669
1791446738,722800,27148,362260,94924,3788,213780,55.5292088812244
1791446744,722492,26936,362036,94924,3788,213908,55.838000861697545
1791446750,723308,27408,362376,94924,3788,213908,56.761986669533435
1791446756,722536,27036,361980,94924,3788,213908,54.284471509351896
1791446762,723260,27264,362344,94924,3788,214036,56.556840497490725
1791446768,723216,27368,362236,94924,3760,214036,53.981340854849215
1791446774,726068,27656,362744,94924,3760,216088,54.21086815327993
1791446779,723192,27344,362232,94924,3760,214036,53.174771713739645
1791446785,725780,28380,362292,94924,3760,215532,60.198361362656314
1791446791,724664,27000,362556,94924,3760,215532,49.9893730074389
1791446797,724652,27160,362412,94924,3728,215532,52.48677248677248
1791446803,723416,26856,362304,94924,3728,214716,51.494654156665945
1791446809,722784,27152,362304,94924,3728,213780,52.53218884120172
1791446815,723740,27660,362496,94924,3728,214036,52.78923377469069
1791446821,723692,27588,362520,94924,3728,214036,57.328426066248106
1791446827,724004,27648,362772,94924,3728,214036,57.167530224525045
1791446833,724612,27788,363236,94924,3732,214036,78.53606027987084
1791446838,722940,27392,361964,94924,3732,214036,55.45415036940461
1791446844,722468,26832,362180,94924,3732,213908,56.40138408304498
1791446850,723512,27828,362216,94924,3740,213908,58.26906598114824
1791446856,750800,27904,362300,94920,3740,241044,56.28664495114006
1791446862,724232,28064,362188,94920,3740,214420,61.21919584954605
1791446868,750680,28052,362024,94920,3740,241044,56.63716814159292
1791446874,723692,28124,361720,94920,3740,214292,56.83437702440077
1791446880,723824,28184,361664,94920,3740,214420,57.79402279079768
1791446885,724288,28276,362032,94920,3740,214420,55.32840365376251
1791446891,724088,28108,362128,94920,3740,214292,57.82504883872368
1791446897,724360,28572,361808,94920,3740,214420,65.97582037996546
1791446903,724244,28300,362092,94920,3740,214292,65.52609067579127
1791446909,724172,28244,361820,94920,3740,214548,53.73519913885899
1791446915,751164,28520,362044,94920,3740,241044,57.41626794258373
1791446921,751396,28388,362276,94920,3740,241172,52.756756756756765
1791446927,725088,28608,362376,94920,3740,214548,59.23314235345968
1791446932,724352,27960,362416,94920,3740,214420,55.579307396323216
1791446938,725736,28356,363312,94920,3828,214420,56.71449989291069
1791446944,724472,27752,362776,94920,3828,214292,53.045356371490286
1791446950,724868,28164,362756,94920,3828,214292,58.18807833010544
1791446956,726800,28864,363732,94920,3828,214548,78.20844099913867
1791446962,753000,28360,363684,94920,3828,241300,54.80873135941214
1791446968,726312,28448,363404,94920,3828,214804,57.118205349439165
1791446974,726784,28684,363548,94920,3800,214932,58.73287671232876
1791446980,724952,27100,363436,94920,3800,214804,53.60017402653905
1791446986,724800,26848,363528,94920,3800,214804,55.961284645842504
1791446991,725060,27064,363572,94920,3800,214804,57.22776480577372
1791446997,725584,27260,364088,94920,3744,214676,58.89250814332247
1791447003,724812,26956,363620,94920,3744,214676,57.63146643864899
1791447009,726352,27836,364148,94920,3744,214804,59.73241260250324
1791447015,726936,28208,364344,94920,3760,214804,58.57485290913053
1791447021,726100,27756,363960,94920,3760,214804,60.77492381367
1791447027,727272,28384,364496,94920,3760,214804,56.612729234088455
1791447033,725184,27060,363736,94920,3760,214804,65.39369234069942
1791447039,726312,27552,364368,94920,3760,214804,54.763948497854074
1791447044,725360,27024,363944,94920,3760,214804,64.11149825783971
1791447050,725396,27152,363852,94920,3760,214804,55.058619192357796
1791447056,726452,28040,364148,94920,3760,214676,57.80397293167431
1791447062,725496,27656,363580,94920,3760,214676,62.2588337307609
1791447068,726360,28088,363880,94920,3760,214804,59.32350390286209
1791447074,730804,27092,369324,94920,3760,214804,72.19721329046088
1791447080,725660,27436,363832,94920,3760,214804,54.14435639323195
1791447086,725932,27384,363648,94920,3760,215316,53.32167832167832
1791447091,753084,27568,364116,94920,3760,241812,55.160450997398094
1791447097,725032,26816,363444,94920,3760,215188,54.121173196317706
1791447103,753352,27628,364196,94920,3760,241940,56.259525364685395
1791447109,725548,27128,363644,94920,3760,215188,55.33731853116994
1791447115,752172,26908,363356,94920,3760,242324,59.6989247311828
1791447121,752612,27308,363396,94920,3760,242324,55.62053281351527
1791447127,726416,27160,363972,94920,3760,215700,58.951018638925014
1791447133,728012,27888,364836,94920,3760,215700,54.81798715203426
1791447138,728648,28136,365160,94920,3824,215700,57.13063929869574
1791447144,725788,26952,363604,94920,3824,215572,57.16723549488054
1791447150,754744,28068,364820,94920,3824,242196,58.36542575952075
1791447156,725980,26944,363804,94920,3824,215572,54.55715204803775
1791447162,727396,27872,364292,94920,3824,215572,57.118205349439165
1791447168,727144,27508,364404,94920,3824,215572,53.32179181995239
1791447174,726751,27148,364420,94920,3796,215572,54.98281786941581
1791447180,754095,27528,364760,94920,3796,242196,53.613666228646515
1791447186,726847,27252,364284,94920,3796,215700,56.07073538926029
1791447191,725944,26632,363996,94920,3796,215700,54.435831180017225
1791447197,727776,27548,365064,94920,3764,215572,80.80982123626966
1791447203,726532,26980,364388,94920,3764,215572,55.64916828688702
1791447209,752544,26828,363932,94920,3764,242196,54.66265577997421
1791447215,728296,27996,365136,94920,3764,215572,53.333333333333336
1791447221,753264,27100,364248,94920,3764,242324,55.89821004960104
1791447227,728548,27936,365192,94920,3764,215828,55.63714902807776
1791447233,726624,27084,364124,94920,3764,215828,57.22956861044873
1791447239,726948,27132,364372,94920,3788,215828,55.37403267411866
1791447245,752456,26680,363840,94920,3788,242324,57.26532361765967
1791447250,728068,27988,364764,94920,3788,215700,57.680787334189134
1791447256,726012,26728,363976,94920,3788,215700,56.06515216459494
1791447262,727092,27296,364480,94920,3788,215700,53.1480677377334
1791447268,752988,26900,364024,94920,3788,242452,54.71254541568711
1791447274,726012,26872,363956,94920,3700,215700,53.92284351972258
1791447280,728800,27996,365616,94920,3700,215700,57.289879931389365
1791447286,727404,27432,364656,94920,3700,215828,57.16745587602239
1791447292,726536,26896,364328,94920,3700,215828,59.95275928709469
1791447298,726620,27132,364324,94920,3676,215700,54.98929336188437
1791447304,727252,27212,364744,94920,3676,215828,57.9185520361991
1791447309,726736,26816,364752,94920,3676,215700,51.455888744024335
1791447315,763920,27588,401520,94920,3432,215700,76.74367436743674
1791447321,727288,27164,365196,94920,3512,215700,53.20665083135392
1791447327,727720,27068,365596,94920,3512,215828,56.417974629112024
1791447333,727892,27324,365552,94920,3576,215700,53.857661893567
1791447339,728844,27432,366320,94920,3644,215700,58.2701062215478
1791447345,727892,27136,365656,94920,3644,215700,54.98515061518881
1791447350,727572,26756,365716,94920,3644,215700,54.33701059917803
1791447356,727404,26776,365656,94920,3644,215572,63.538527765820064
1791447362,728268,27116,366020,94920,3676,215700,56.259525364685395
1791447368,729384,27708,366528,94920,3676,215700,51.06746370623399
1791447374,728776,27616,366172,94920,3648,215572,58.50720585072059
1791447380,728560,27644,365928,94920,3648,215572,56.60051768766178
1791447386,727792,26952,365732,94920,3648,215700,55.196354957691476
1791447392,728936,27456,366364,94920,3648,215700,54.435831180017225
1791447398,728664,27232,366348,94920,3616,215700,56.22559652928416
1791447403,729292,27320,366884,94924,3616,215700,55.291576673866096
1791447409,727724,26772,365996,94924,3616,215572,55.62970936490851
1791447415,727760,26980,365824,94924,3616,215572,54.57284269421132
1791447421,727520,26916,365648,94924,3616,215572,57.230365346751256
1791447427,727780,27052,365644,94924,3616,215700,56.523623753792805
1791447433,728380,27276,366068,94924,3584,215700,58.22566752799311
1791447439,727524,26996,365616,94924,3584,215572,76.50367806144526
1791447445,728216,27344,365832,94924,3584,215700,57.19282903366856
1791447450,728152,27092,366152,94924,3584,215572,56.399132321041215
1791447456,727976,27100,365964,94924,3584,215572,58.381626958574806
1791447462,729028,27640,366476,94924,3584,215572,55.6884924951055
1791447468,727680,26880,365892,94924,3584,215572,54.72027972027972
1791447474,729552,27632,366736,94924,3680,215700,52.86569717707442
1791447480,728540,26876,366228,94924,3680,215956,55.58701807884992
1791447486,728352,26740,366152,94924,3704,215956,54.470306721775074
1791447491,728612,26944,366332,94924,3704,215828,55.32286212914486
1791447497,730412,27508,367568,94920,3704,215828,52.71715875053488
1791447503,729724,27812,366704,94920,3704,215700,59.150679025652074
1791447509,728836,27348,366028,94920,3704,215956,56.34528666523513
1791447515,730300,27876,366964,94920,3704,215956,57.30074388947928
1791447521,728924,27152,366308,94920,3704,215956,54.959209961356805
1791447527,729188,27068,366656,94920,3704,215956,57.911595131326074
1791447533,729720,27476,366780,94920,3704,215956,55.7079552648238
1791447539,729212,27376,366432,94920,3764,215828,60.845549182069256
1791447545,729216,27328,366476,94920,3764,215828,57.65458422174841
1791447551,731348,27948,367604,94920,3764,216212,60.46412603789653
1791447557,756804,27132,394004,94920,3764,216084,74.91289198606272
1791447562,730024,27100,367384,94920,3764,215956,63.00839251129761
1791447568,730108,27584,367456,94920,3440,215956,56.21901271825824
1791447574,730780,28292,367240,94920,3556,215956,57.85194694052203
1791447580,730312,27836,367156,94920,3616,215956,55.8546727949223
1791447586,729252,27316,366612,94920,3616,215956,52.820512820512825
1791447592,730196,27664,367080,94920,3616,216084,55.77005577005577
1791447598,728856,27020,366448,94920,3560,216084,56.83530678148547
1791447604,728636,26848,366276,94920,3560,216212,54.553227875160324
1791447610,728768,26836,366420,94920,3560,216212,56.277979108931994
1791447616,755552,27112,366304,94920,3560,242836,55.54140127388535
1791447621,728928,26788,366620,94920,3560,216212,55.91961555264307
1791447627,728812,26888,366528,94920,3560,216084,55.47445255474452
1791447633,728504,26864,366248,94920,3560,216084,56.42659868281284
1791447639,756900,28096,366796,94920,3548,242708,55.773420479302835
1791447645,729908,27524,367004,94920,3548,216084,57.47673663709154
1791447651,728888,27376,366132,94920,3548,216084,56.21529260999573
1791447657,731348,28772,366760,94920,3564,216500,59.32891643513572
1791447663,730416,27656,366812,94920,3564,216628,56.727894062366516
1791447669,729740,27080,366580,94920,3564,216756,57.167530224525045
1791447675,729168,26944,366416,94920,3564,216484,54.68001741401829
1791447680,730116,27304,367264,94920,3576,216212,78.32407011543394
1791447686,755180,26804,366328,94920,3580,242708,56.243260728919566
1791447692,728788,27016,366344,94920,3580,216084,54.942233632862646
1791447698,728972,27196,366348,94920,3580,216084,53.68191721132898
1791447704,756172,27472,366648,94920,3580,242708,54.75219909890582
1791447710,728912,27036,366452,94920,3580,216084,54.25759520753102
1791447716,729700,26956,367060,94920,3580,216340,56.323777403035415
1791447722,730076,27092,367296,94920,3580,216340,54.498269896193776
1791447728,729752,26892,367048,94920,3580,216468,56.68192718552431
1791447733,730160,26984,367360,94920,3580,216468,53.47222222222222
1791447739,729468,26668,367048,94920,3644,216340,55.52654482158399
1791447745,756296,26880,367164,94920,3644,242836,56.11604243342715
1791447751,729824,26908,367160,94920,3644,216340,56.560509554140125
1791447757,729744,26956,367028,94920,3644,216340,52.211249463288965
1791447763,756360,26900,367204,94920,3644,242836,54.172956653008406
1791447769,729948,27100,367088,94920,3644,216340,53.81165919282511
1791447775,731688,27968,368260,94920,3436,216340,56.466537551108246
1791447781,729464,26864,367140,94920,3436,216340,54.41020191285866
1791447787,730260,27452,367320,94920,3460,216340,56.02094240837696
1791447793,729244,26760,367000,94920,3460,216340,52.20004292766688
1791447798,752588,26588,390548,94920,3428,216340,70.37607213547395
1791447804,729552,26752,367352,94920,3428,216340,62.405200433369444
1791447810,729248,26976,366820,94920,3428,216340,54.08310936530908
1791447816,729064,26860,366756,94920,3428,216340,52.83993115318416
1791447822,729456,26848,367160,94920,3428,216340,56.7485985338508
1791447828,729468,26976,367044,94920,3428,216340,53.17272531727253
1791447834,729460,27000,367012,94920,3428,216340,57.16738197424893
1791447840,729588,26996,367016,94920,3428,216468,54.07279029462738
1791447846,730288,27260,367600,94920,3404,216340,56.96810834425513
1791447851,730040,26920,367488,94920,3460,216468,56.1222293953088
1791447857,729936,26800,367624,94920,3464,216340,53.082191780821915
1791447863,730048,27032,367496,94920,3468,216340,54.26027977956761
1791447869,731160,27688,367948,94920,3476,216340,57.33905579399141
1791447875,756780,26992,367644,94920,3476,242964,53.07974929760104
1791447881,730008,26992,367592,94920,3492,216212,55.76176089771256
1791447887,730784,27208,367888,94920,3492,216472,52.86115309868279
1791447893,731084,27376,367760,94920,3496,216728,55.5052790346908
1791447899,731376,27296,368132,94920,3496,216728,53.88147824185437
1791447904,731116,27156,368008,94920,3496,216728,53.47267581101677
1791447910,731268,27084,368364,94920,3496,216600,53.51747949935262
1791447916,731148,27132,368192,94920,3496,216600,53.93649412788169
1791447922,732020,27396,368928,94920,3496,216472,74.43059733562527
1791447928,732092,27712,368428,94920,3496,216728,54.20240137221269
1791447934,731060,27048,368064,94920,3496,216728,53.14866911923826
1791447940,731704,27492,368268,94920,3508,216728,57.8480190517428
1791447946,731612,27080,368512,94920,3556,216728,53.44753747323341
1791447951,732244,27276,369072,94920,3556,216600,57.082002129925456
1791447957,735952,27084,368872,94920,3556,220704,54.397894275060324
1791447963,732424,27252,369148,94920,3556,216728,56.32829373650108
1791447969,731788,27068,368828,94920,3556,216600,52.31846019247593
1791447975,733016,27488,369540,94920,3528,216728,55.55555555555556
1791447981,732912,27340,369584,94920,3528,216728,50.56013527795392
1791447987,733244,27384,369616,94920,3528,216984,55.5292088812244
1791447993,732560,27088,369232,94920,3528,216984,51.79608517960852
1791447998,732084,26936,369068,94920,3496,216856,53.344879844122104
1791448004,732936,27304,369552,94920,3404,216984,53.75561737641772
1791448010,731824,26908,369120,94920,3388,216728,56.39820551164281
1791448016,732172,27116,369260,94920,3388,216728,52.303641948222904
1791448022,732844,27376,369160,94920,3388,217240,54.66811751904244
1791448028,733700,27360,369896,94924,3388,217368,53.184645078275786
1791448034,732844,27080,369324,94924,3388,217368,54.91392460230987
1791448040,769224,28080,377948,94924,3388,244120,59.51972555746141
1791448046,734056,27468,369960,94932,3388,217496,70.8613317043372
1791448052,733460,27556,369276,94932,3388,217496,54.0120793787748
1791448058,733868,27512,369488,94932,3548,217496,56.53587686971602
1791448063,733084,26804,369416,94932,3548,217496,53.07809440939744
1791448069,732992,26832,369420,94932,3548,217368,55.028297779712666
1791448075,733152,26952,369464,94932,3548,217368,53.471323846485554
1791448081,733872,27556,369572,94932,3548,217368,57.48198389147944
1791448087,733848,27460,369628,94932,3572,217368,55.520504731861195
1791448093,734412,27300,370348,94932,3572,217368,56.40805829404201
1791448099,734596,27596,370208,94932,3588,217368,57.069187795444776
1791448105,733696,27156,369748,94932,3588,217368,56.50432215897112
1791448111,733588,27056,369864,94932,3588,217240,54.355697550585724
1791448117,734560,27868,369892,94932,3588,217368,56.02049530315969
1791448123,734256,28012,369576,94932,3588,217240,54.37728543772854
1791448129,761196,28008,369640,94932,3588,244120,59.502702702702706
1791448134,761120,27816,369756,94932,3588,244120,56.00691443388073
1791448140,736852,27956,369844,94932,3652,219548,57.673213900280594
1791448146,734480,27868,369744,94932,3652,217368,55.57491289198606
1791448152,734732,28244,369620,94932,3652,217368,55.037273695420666
1791448158,734580,27928,369784,94932,3652,217368,54.29864253393665
1791448164,738120,29072,371464,94932,3612,218136,77.08377744617353
1791448170,736856,28960,370308,94932,3612,218136,57.17998700454841
1791448176,736660,28804,370176,94932,3584,218264,59.157939730711696
1791448182,736096,28560,369856,94932,3584,218264,53.669127225358224
1791448188,735640,28220,369740,94932,3584,218264,58.21636795508529
1791448193,737568,28928,371088,94932,3584,218136,58.790856654561
1791448199,735304,27912,369876,94932,3552,218136,57.76918117343649
1791448205,737780,29256,371132,94932,3552,218008,57.70887166236004
1791448211,735772,28588,369868,94932,3416,218136,59.233896854269204
1791448217,736216,28624,369764,94932,3416,218648,58.14151747655584
1791448223,737836,29276,370856,94932,3416,218520,60.05176876617774
1791448229,738088,29180,371092,94932,3496,218520,55.921333903377516
1791448235,736416,28804,369732,94932,3540,218520,58.30305620859158
1791448241,737644,28908,370724,94932,3540,218648,56.13430908308222
1791448247,737152,28796,370344,94932,3540,218648,58.54084753167322
1791448252,737344,28768,370436,94932,3540,218776,63.44591705857204
1791448258,735756,27916,369820,94932,3544,218648,58.28621139625925
1791448264,735504,27192,370276,94932,3560,218648,58.704540563804606
1791448270,736344,28092,370204,94932,3560,218648,60.111635895234
1791448276,735268,27300,369928,94932,3560,218648,59.39833582248774
1791448282,746880,31492,375788,94932,3652,220104,118.61415967290725
1791448288,742644,29664,373760,94932,3652,219720,72.26596675415573
1791448294,739320,27720,372532,94932,3652,219564,70.74479502039064
1791448300,738188,27084,372192,94932,3652,219412,62.17616580310881
1791448305,764796,27036,372176,94932,3684,246036,66.62272028125686
1791448311,737600,26736,372032,94932,3684,219284,57.676438653637355
1791448317,738044,27068,372176,94932,3748,219196,55.48442168160478
1791448323,738208,27504,372376,94932,3764,218648,52.484405248440524
1791448329,737916,27260,372456,94932,3764,218520,53.24403516115529
1791448336,739428,28052,372868,94932,3800,218776,57.356118640738565
1791448342,737872,27180,372176,94932,3800,218776,54.16029700808037
1791448347,739084,27404,373164,94932,3800,218776,56.53287788215201
1791448353,737888,27148,372352,94932,3800,218648,59.040590405904055
1791448359,738436,27736,372308,94932,3804,218648,57.62057877813505
1791448365,737904,27448,372064,94932,3808,218648,58.27814569536424
1791448371,737608,26964,372156,94932,3780,218776,55.35248041775457
1791448377,738520,27524,372632,94932,3780,218648,56.287425149700596
1791448383,737708,27128,372344,94932,3780,218520,57.693130751123476
1791448389,737916,27220,372184,94932,3804,218776,57.90607496768634
1791448395,737920,27108,372296,94932,3804,218776,52.59991405242802
1791448401,742688,26772,377448,94932,3772,218776,59.670424978317435
1791448406,766340,27232,374136,94932,3772,245272,66.50623495952746
1791448412,738708,27476,372884,94932,3772,218648,56.727894062366516
1791448418,738688,27536,372804,94932,3772,218648,53.413224909052005
1791448424,738280,27408,372524,94932,3772,218648,53.402239448751075
1791448430,765100,27288,372840,94932,3772,245272,52.48165731549418
1791448436,738740,27736,372532,94932,3772,218776,57.0694087403599
1791448442,739772,28396,372900,94932,3772,218776,54.77789815817985
1791448448,738344,27744,372256,94932,3772,218648,54.38406581511149
1791448453,739508,27944,373216,94932,3772,218648,58.14406229720961
1791448459,739256,27820,373088,94932,3772,218648,69.56521739130434
1791448465,740292,28720,373260,94932,3748,218648,63.47826086956522
1791448471,739852,28440,373208,94940,3748,218520,56.3573883161512
1791448477,740108,28504,373268,94940,3748,218648,55.33391153512576
1791448483,740064,28492,373112,94940,3748,218776,55.058619192357796
1791448489,740400,28676,373260,94940,3748,218776,54.77789815817985
1791448494,739908,28328,373120,94940,3748,218776,65.99912929908577
1791448501,741308,29060,373908,94940,3748,218648,59.35162094763092
1791448506,739556,28052,373040,94940,3748,218776,54.089422028353326
1791448512,740240,28060,373840,94940,3748,218648,51.77773046625506
1791448518,766172,28124,373088,94940,3748,245272,56.86063989692936
1791448524,741372,28372,374660,94940,3748,218648,71.92944719294472
1791448530,740692,29112,373240,94940,3748,218648,63.75939849624061
1791448536,741312,29620,373280,94940,3812,218648,68.15834767641996
1791448542,740188,28688,372956,94940,3812,218776,56.981049880200395
1791448548,740584,28820,373216,94940,3812,218776,54.80164751788424
1791448553,767276,28736,373368,94940,3812,245400,60.442900564481114
1791448559,739044,27400,373100,94940,3812,218776,54.74045474045474
1791448565,739716,27476,373692,94940,3812,218776,58.246656760772666
1791448571,739120,27156,373580,94940,3784,218648,55.343756693082035
1791448577,740400,27880,374136,94940,3784,218648,55.998276976093045
1791448583,738796,27164,373248,94940,3784,218648,55.21942905837239
1791448589,740728,27760,374584,94940,3784,218648,53.87263339070568
1791448595,738652,27144,373128,94940,3784,218648,52.53834521494923
1791448601,739760,27752,373628,94940,3684,218776,55.75032064985036
1791448607,739316,27508,373556,94940,3684,218648,51.79731485491554
1791448613,738320,27176,373024,94940,3684,218520,56.360078277886494
1791448619,740724,28056,374416,94940,3684,218648,54.01709401709402
1791448624,737864,26828,372968,94940,3560,218648,53.333333333333336
1791448630,738760,26952,373548,94940,3612,218776,54.76647472808701
1791448636,740520,27796,374464,94940,3612,218776,56.24735281660313
1791448642,740816,27996,374424,94940,3612,218904,65.13642269380684
1791448648,740224,27428,374396,94940,3616,218904,70.85318319618882
1791448654,741108,27984,374704,94940,3620,218904,55.581845558184554
1791448660,740248,27720,374108,94940,3620,218904,64.82247876279678
1791448666,740932,27644,374228,94940,3620,219544,62.105940381728495
1791448672,766724,27264,373900,94940,3624,246040,62.30366492146597
1791448678,739988,27244,373936,94940,3624,219288,56.78315606685479
1791448683,741920,27168,373636,94940,3624,221596,63.73530692207227
1791448689,739372,26832,373580,94940,3648,219416,66.43894107600342
1791448695,767216,27504,374128,94940,3648,246040,66.6524611122949
1791448701,767400,27496,374320,94940,3648,246040,63.212435233160626
1791448707,739700,27200,373540,94940,3648,219416,58.50720585072059
1791448713,739956,27304,373564,94940,3648,219544,58.406699592012025
1791448719,741000,27364,374676,94940,3648,219416,54.41589289570287
1791448725,739316,27008,373352,94940,3648,219416,55.14864282636795
1791448731,768736,27904,375112,94940,3656,246168,61.7363344051447
1791448737,741496,27892,374436,94940,3724,219544,56.92175408426483
1791448742,742332,27668,375492,94940,3724,219544,54.68916898098697
1791448748,741236,27176,374912,94940,3700,219544,55.12518724588059
1791448754,742024,27232,375768,94940,3700,219416,54.41239776151529
1791448760,740804,27012,374768,94940,3700,219416,55.44217687074829
1791448766,743664,27408,377232,94940,3700,219416,73.38191170167167
1791448772,741392,27432,374972,94940,3672,219416,53.07250691048267
1791448778,740372,27004,374384,94940,3672,219416,55.50737207285342
1791448784,740940,27260,374692,94940,3672,219416,54.08402644487097
1791448790,743024,28428,375608,94940,3672,219416,53.045356371490286
1791448796,740580,27048,374452,94940,3640,219544,55.33290239172592
1791448802,741372,27428,374860,94940,3640,219544,58.322580645161295
1791448808,740872,27160,374632,94940,3640,219544,55.28525296017223
1791448813,740432,26920,374432,94940,3640,219544,56.58831140823809
1791448819,740400,26768,374548,94940,3640,219544,55.711252653927815
1791448825,740108,26740,374416,94940,3640,219416,56.99526474386569
1791448831,740212,26800,374460,94940,3640,219416,52.40174672489083
1791448837,742632,28196,375480,94940,3640,219416,54.785197788175246
1791448843,741576,27608,375012,94940,3640,219416,51.97691814490276
1791448849,741084,27360,374768,94940,3640,219416,56.92108667529108
1791448855,741312,27420,374936,94940,3640,219416,54.35062151735962
1791448861,741996,27612,375300,94940,3640,219544,54.42060085836909
1791448867,741892,27376,375432,94940,3640,219544,51.23751628310899
1791448872,744960,26976,374800,94940,3640,223648,53.34495532795817
1791448878,741684,27404,375324,94940,3640,219416,51.961639058413255
1791448884,740840,27124,374760,94940,3640,219416,52.249890782000875
1791448890,743068,27284,376700,94940,3640,219544,69.88944287882073
1791448896,740940,27028,374960,94940,3640,219416,52.906851091419924
1791448902,742232,27672,375476,94940,3640,219544,52.297734627831716
1791448907,742020,27364,375700,94940,3640,219416,53.72745055422734
1791448913,740804,26640,375084,94940,3640,219544,53.43675931911226
1791448919,742428,27668,375804,94940,3640,219416,55.77416595380667
1791448925,743188,27780,376196,94940,3640,219672,55.1060572928056
1791448931,742208,27176,375820,94940,3640,219672,55.113024757804084
1791448937,742444,27484,375688,94940,3700,219672,51.85825410544511
1791448943,742680,27344,375928,94940,3700,219800,55.30189886921272
1791448949,742312,27336,375568,94940,3700,219800,53.5070575461455
1791448955,741536,26988,375268,94940,3700,219672,54.50247152374812
1791448960,742352,27472,375468,94940,3700,219800,57.13063929869574
1791448966,742284,27328,375672,94940,3700,219672,55.45238609371626
1791448972,742572,27324,376000,94940,3672,219672,49.527085124677555
1791448978,741420,26888,375288,94940,3672,219672,52.72496831432193
1791448984,741880,27188,375448,94940,3672,219672,51.37457044673539
1791448990,742276,27316,375816,94940,3696,219544,50.16160310277957
1791448996,768428,27136,375428,94940,3664,246296,50.77989601386482
1791449002,743196,27164,376024,94940,3664,220440,55.625134960051824
1791449008,750612,27780,382824,94940,3664,220440,73.95833333333334
1791449014,743468,27144,376316,94940,3664,220440,55.68326947637292
1791449020,742868,26956,375780,94940,3664,220568,54.896851248642776
1791449025,742552,26680,375868,94940,3664,220440,55.10116229014206
1791449031,744040,27436,376596,94940,3664,220440,54.513888888888886
1791449037,769832,26940,376264,94940,3664,247064,55.97964376590331
1791449043,743828,27204,376616,94940,3664,220440,52.645161290322584
1791449049,743868,27432,376452,94940,3640,220440,51.44086021505376
1791449055,743696,27268,376444,94940,3640,220440,54.37728543772854
1791449061,744540,27796,376632,94940,3640,220568,55.130697774897385
1791449067,745904,28532,377388,94940,3640,220440,53.69244135534318
1791449072,770660,27448,376476,94940,3640,247192,55.55071832825425
1791449078,744740,27808,377076,94940,3640,220312,64.56140350877193
1791449084,772176,28552,376604,94940,3640,247476,68.09605488850772
1791449090,773156,28548,377592,94940,3640,247476,54.00555436872463
1791449096,744336,27436,376352,94940,3656,220980,54.533871310256956
1791449102,744088,27088,376456,94940,3656,220980,55.33731853116994
1791449108,743824,27156,376660,94940,3656,220440,57.09342560553633
1791449114,745612,28036,377404,94940,3692,220568,57.33788395904437
1791449120,745304,27888,377208,94940,3704,220568,57.78436771870366
1791449126,744064,27328,376532,94940,3704,220568,55.877928218353745
1791449132,743596,27172,376220,94940,3704,220568,72.30670379096166
1791449138,744256,27460,376652,94940,3768,220440,53.88780593458956
1791449143,744320,27344,376824,94940,3768,220440,53.390010626992556
1791449149,746064,26948,376912,94940,3768,222492,51.994851994852
1791449155,743636,27084,376404,94940,3768,220440,54.431202600216686
1791449161,743764,27176,376440,94940,3768,220440,51.674641148325364
1791449167,746252,28424,377676,94940,3768,220440,54.21950153038916
1791449173,744116,27208,376664,94940,3740,220568,51.66846071044133
1791449179,746144,27952,377948,94940,3740,220568,52.509652509652504
1791449185,743828,27064,376524,94940,3740,220568,55.51298424861643
1791449191,743848,27168,376568,94940,3740,220440,54.31351351351351
1791449196,745032,27560,377260,94940,3708,220568,61.815840309079206
1791449202,744448,27316,376920,94940,3708,220568,57.995735607675904
1791449208,747468,26708,376576,94940,3708,224544,53.081382864505045
1791449214,743484,27060,376496,94940,3692,220312,56.517071075799876
1791449220,744396,27364,376968,94940,3692,220440,51.99740876700497
1791449226,743716,27160,376496,94940,3692,220440,53.01100798618605
1791449232,744480,27516,376900,94940,3692,220440,54.70967741935484
1791449238,744396,27232,376972,94940,3692,220568,55.21942905837239
1791449244,770168,27028,376324,94940,3692,247192,51.95471053193762
1791449250,751524,26948,384388,94940,3692,220568,71.77054129825318
1791449256,770960,27160,376988,94940,3692,247192,53.22963923093541
1791449261,744108,26908,377012,94940,3692,220568,54.39384220654265
1791449267,744484,26960,377076,94940,3696,220824,53.494914520666526
1791449273,744580,27048,377208,94940,3696,220696,56.391463677516704
1791449279,744164,26936,376908,94940,3696,220696,52.44770325641579
1791449285,744764,27196,377244,94940,3696,220696,53.91377145249058
1791449291,744792,27592,376856,94940,3720,220696,55.39257981018119
1791449297,770752,27024,376888,94940,3720,247192,54.672489082969435
1791449303,744540,27096,377096,94940,3720,220696,56.36672325976231
1791449309,744704,27168,377060,94940,3720,220824,55.95134665508253
1791449315,745072,27452,377144,94940,3720,220824,55.005405405405405
1791449321,744604,27380,376840,94940,3752,220696,56.06837606837607
1791449327,745448,27596,377328,94940,3752,220824,54.086956521739125
1791449332,744040,26724,376924,94940,3752,220696,54.308093994778076
1791449338,744601,27076,376936,94940,3816,220824,53.41348218119365
1791449344,746197,27784,377560,94940,3996,220824,65.47490846435494
1791449350,745689,27404,377296,94940,3980,220952,53.94822710463346
1791449356,746397,27780,377628,94940,3980,220952,54.99351491569391
1791449362,745853,27128,377480,94940,3980,221208,54.957874270900845
1791449368,748709,28548,378916,94940,3980,221208,56.017130620985014
1791449374,748045,27704,379260,94940,3952,221080,79.0757381258023
1791449379,746241,27324,377708,94940,3952,221208,54.677488252883386
1791449385,746473,27516,377872,94940,3956,221080,57.37740332685245
1791449391,745705,27144,377468,94940,3956,221080,56.50493774151997
1791449397,745673,27172,377444,94940,3924,221080,55.5052790346908
1791449403,747889,27988,378840,94940,3924,221080,55.63714902807776
1791449409,745437,26964,377432,94940,3924,221080,53.23063756953359
1791449415,746801,27548,378080,94940,3924,221208,53.21814254859611
1791449421,772941,27336,377792,94940,3924,247832,52.686308492201036
1791449427,746581,27312,378080,94940,3924,221208,54.75416937405242
1791449432,748181,27836,379156,94940,3924,221208,52.602270293424716
1791449438,745937,26704,378048,94940,3924,221208,54.81577246283129
1791449444,746049,26908,378084,94940,3924,221080,55.894440839281856
1791449450,746813,27332,378420,94940,3924,221080,55.07804147958093
1791449456,746337,27496,378168,94940,3656,221080,52.6791478373144
1791449462,746277,27432,378172,94940,3656,221080,56.46243775709028
1791449468,746833,27664,378496,94940,3656,221080,54.326396495071194
1791449474,746777,27628,378476,94940,3656,221080,54.56140350877193
1791449479,747393,27704,378672,94940,3800,221208,55.6732223903177
1791449485,746629,27284,378456,94940,3800,221080,57.54899849235409
1791449491,752637,27416,384336,94940,3800,221080,74.37011294526499
1791449497,746921,28100,377932,94940,3800,221080,54.41589289570287
1791449503,746941,28004,377920,94940,3800,221208,54.963155613350665
1791449509,747113,27936,377904,94940,3800,221464,56.04873803307223
1791449515,746757,27856,377760,94940,3800,221336,53.801670593274785
1791449520,748197,28672,378228,94940,3824,221464,62.913622690159
1791449526,747009,27988,377856,94940,3824,221336,57.06783369803063
1791449532,747729,28424,378136,94940,3824,221336,56.134234037916755
1791449538,749665,29104,378948,94940,3884,221720,57.3170731707317
1791449544,747493,28588,377536,94940,3800,221592,59.176191503127015
1791449550,747693,28708,377620,94940,3800,221592,55.97920277296361
1791449556,748285,28892,377896,94940,3800,221720,60.58252427184466
1791449561,747301,28200,377608,94940,3800,221720,56.07073538926029
1791449567,748065,28464,378104,94940,3800,221720,58.861718242804585
1791449573,747065,28200,377660,94940,3772,221464,56.83437702440077
1791449579,747261,28388,377568,94940,3748,221592,60.33854724662524
1791449585,747681,28792,377584,94940,3748,221592,58.73889123994922
1791449591,776593,29672,378964,94940,3772,248216,60.01719690455718
1791449597,775449,29028,378496,94940,3740,248216,51.518414818005596
1791449603,750489,29720,379468,94940,3740,221592,57.2407883461868
1791449609,775105,29036,378016,94940,3740,248344,55.79803166452717
1791449615,748321,28360,378532,94940,3740,221720,75.58367881300458
1791449621,749905,28380,380096,94940,3740,221720,53.43479179877404
1791449627,773901,27444,378404,94940,3740,248344,60.23939064200218
1791449632,746405,26700,378280,94940,3740,221720,56.79548415110725
1791449638,746733,27140,378296,94940,3740,221592,65.34868563980012
1791449644,746821,27288,378236,94940,3740,221592,52.93103448275862
1791449650,774761,27952,378908,94940,3716,248216,57.779682811830256
1791449656,773669,27432,378340,94940,3716,248216,53.195610071013554
1791449662,747061,27452,378332,94940,3716,221592,55.51941010626762
1791449668,773565,27204,378336,94940,3716,248344,53.13906149560745
1791449674,747205,27472,378332,94940,3716,221720,51.35022850020773
1791449680,747645,27656,378568,94940,3732,221720,54.81577246283129
1791449686,746613,26952,378244,94940,3732,221720,52.982381659944814
1791449692,773473,27116,378304,94940,3732,248344,50.551314673452076
1791449698,746825,27360,378168,94940,3732,221592,56.16763879887665
1791449703,746685,26964,378296,94940,3732,221720,49.7808939526731
1791449709,746597,27144,378280,94940,3732,221464,55.72568470994177
1791449715,746697,27204,378196,94940,3732,221592,53.081382864505045
1791449721,746941,27632,378136,94940,3732,221464,51.10056107034959
1791449727,747509,27156,378544,94940,3732,222104,50.48460047383158
1791449733,754769,28032,385180,94940,3732,221848,68.76061120543294
1791449739,749209,28272,379060,94940,3796,222104,52.86719249626945
1791449745,756553,29276,384720,94940,3820,222744,73.83015597920277
1791449751,781077,28032,383736,94940,3820,249496,56.19763694951665
1791449756,762633,32760,385504,94940,3852,224504,94.17852522639069
1791449762,757117,29056,383572,94940,3852,224632,53.090435914118416
1791449768,753725,28076,382900,94940,3852,222888,56.474664356864444
1791449774,754013,28716,382820,94940,3852,222616,54.28082191780822
1791449780,754485,29244,382764,94940,3852,222616,55.873558308415205
1791449786,756997,29612,384256,94940,3852,223268,54.976303317535546
1791449792,756341,29956,383032,94940,3828,223524,56.832500543124056
1791449798,756033,29616,383064,94940,3828,223524,58.0166011358672
1791449804,759753,29744,383420,94940,3804,226784,77.34138972809667
1791449809,764433,32532,387544,94944,3860,224480,84.15516107823801
1791449815,751961,27192,380816,94944,3860,224084,59.75319333189002
1791449821,751893,27300,381152,94944,3884,223540,57.16730851519042
1791449827,752761,28040,381552,94944,3884,223268,57.082002129925456
1791449833,751033,27012,380856,94944,3884,223268,53.8860103626943
1791449839,752485,27720,381468,94944,3884,223396,56.52735889702715
1791449845,751741,27468,381012,94944,3856,223396,55.97416576964478
1791449851,751485,27280,380948,94944,3856,223396,55.349135169762974
1791449857,751857,27372,381224,94944,3856,223396,53.34473178029493
1791449863,751713,27404,381048,94944,3856,223396,54.629021667761
1791449868,752229,27452,381564,94944,3824,223396,52.882531426094495
1791449874,751413,27104,381224,94944,3824,223268,55.55555555555556
1791449880,751137,27168,380940,94944,3780,223268,55.67190226876091
1791449886,754905,26976,380924,94944,3780,227244,58.01526717557252
1791449892,752665,27848,381784,94944,3780,223268,53.424951685634525
1791449898,751005,27024,380952,94944,3780,223268,55.667022411953035
1791449904,751125,27216,380876,94944,3780,223268,55.89821004960104
1791449910,751265,27348,380888,94944,3780,223268,57.47775124810072
1791449916,777825,27208,380884,94944,3748,250020,53.96348012889366
1791449922,777813,27064,381016,94944,3748,250020,57.91621911922664
1791449927,756629,27168,386476,94944,3748,223268,72.57019438444925
1791449933,751705,27216,381456,94944,3780,223268,53.63128491620112
1791449939,751461,27016,381352,94944,3840,223268,55.02371711944804
1791449945,751961,27104,381504,94944,3840,223524,55.244299674267104
1791449951,752169,27220,381592,94944,3840,223524,54.32848774137556
1791449957,752277,27152,381768,94944,3840,223524,54.27525306913633
1791449963,752217,27360,381372,94944,3840,223652,54.510719592443216
1791449969,752201,27340,381380,94944,3840,223652,56.37868817660794
1791449975,752473,27464,381436,94944,3812,223780,54.91554785621481
1791449981,752353,27348,381432,94944,3812,223780,56.99570815450644
1791449986,751877,27140,381292,94944,3812,223652,54.74231268947596
1791449992,752369,27428,381492,94944,3812,223652,56.33557922190828
1791449998,752297,27608,381276,94944,3780,223652,56.00000000000001
1791450004,752029,27392,381224,94944,3780,223652,57.192524989135165
1791450010,752185,27572,381200,94944,3780,223652,53.54058721934369
1791450016,752577,27764,381272,94944,3780,223780,55.87467362924282
1791450022,752453,27744,381164,94944,3780,223780,55.196205260888306
1791450028,752149,27368,381240,94944,3780,223780,53.52903086552989
1791450034,752337,27556,381240,94944,3780,223780,53.482373172828886
1791450039,752189,27424,381224,94944,3780,223780,53.333333333333336
1791450045,752205,27320,381320,94944,3804,223780,51.5358361774744
1791450051,752617,27436,381616,94944,3804,223780,71.17621714778113
1791450057,752481,27584,381460,94944,3804,223652,51.04210974053595
1791450063,753237,27732,382064,94944,3804,223652,54.09871711241574
1791450069,752717,27768,381512,94944,3804,223652,53.49439171699741
1791450075,754517,29012,382064,94944,3804,223652,58.549222797927456
1791450081,753437,28164,381688,94944,3924,223652,62.47848537005164
1791450087,754869,28380,383036,94944,3924,223524,68.52173913043478
1791450093,763217,31548,386380,94944,3996,225240,106.84990337126905
1791450099,756241,27472,383484,94944,3996,225240,58.70277353133873
1791450104,782377,26980,383532,94944,3972,251836,57.04317488006978
1791450110,782437,27168,383532,94944,3972,251708,62.04649141864002
1791450116,755653,27568,383512,94944,3972,224544,59.29145837861335
1791450122,755425,27436,383292,94944,3972,224672,58.591065292096225
1791450128,756209,27972,383700,94944,3944,224544,58.44044558697515
1791450134,781945,27480,383264,94944,3944,251208,59.879206212251944
1791450140,754381,27284,383016,94944,3976,224040,58.578856152513005
1791450145,754301,27004,383212,94944,3976,224040,60.66927422859626
1791450151,754249,27036,383252,94944,3976,223912,58.66320571057755
1791450157,755045,27440,383644,94944,3976,223912,57.819103972950124
1791450163,754601,27348,383292,94944,3976,223912,58.704540563804606
1791450169,755097,27512,383624,94944,3976,223912,61.37975499677627
1791450175,754841,27684,383232,94944,3948,223912,56.72539750752041
1791450181,754485,27392,383168,94944,3948,223912,61.431970581873244
1791450187,754505,27404,383048,94944,3948,224040,62.31977619969873
1791450193,755349,27520,383268,94944,3948,224552,63.655913978494624
1791450199,756157,27620,384020,94944,3916,224552,59.63920886763747
1791450204,754541,26856,383216,94944,3884,224552,61.53846153846154
1791450210,755193,27312,383540,94944,3884,224424,62.4113475177305
1791450216,756057,27620,384096,94944,3884,224424,74.63658060316772
1791450222,755285,27428,383520,94944,3884,224424,62.277503752948746
1791450228,755317,27520,383460,94944,3884,224424,62.42476354256233
1791450234,756161,27740,384080,94944,3884,224424,60.72268548214667
1791450240,757217,27976,384772,94944,3884,224552,63.72443487621098
1791450246,755905,27544,383892,94944,3884,224552,56.515184148180055
1791450252,755401,27248,383688,94944,3884,224552,65.89670952277184
1791450257,755925,27496,383960,94944,3884,224552,59.31758530183727
1791450263,754921,27004,383576,94944,3884,224424,60.47930283224401
1791450269,755289,27332,383616,94944,3884,224424,54.43228160549474
1791450275,781217,27096,383416,94944,3884,250792,57.2912159238425
1791450281,755177,27500,383704,94944,3804,224168,53.89042848006822
1791450287,754749,27224,383420,94948,3804,224296,58.767772511848335
1791450293,756297,27944,384220,94948,3732,224424,58.13148788927336
1791450299,754853,27332,383544,94948,3716,224296,58.655097613882866
1791450304,755193,27276,383808,94948,3716,224424,58.20082770638205
1791450310,754605,26992,383636,94948,3716,224296,60.11462534493738
1791450316,755797,27732,384084,94948,3716,224296,57.611039241052175
1791450322,756853,28216,384528,94948,3716,224424,60.546119114168995
1791450328,782197,27320,384144,94948,3716,251048,56.88429217840982
1791450334,787785,27432,389624,94948,3716,251048,75.4653130287648
1791450340,756521,27788,384560,94948,3780,224424,57.53191489361702
1791450346,782221,27268,384128,94948,3804,251048,56.31646108039132
1791450352,755753,27520,384032,94948,3804,224424,53.06998711893517
1791450358,756485,27652,384500,94948,3804,224552,59.58360163125134
1791450364,755905,27264,384312,94948,3804,224552,54.81611208406305
1791450369,755245,26776,384268,94948,3804,224424,58.0166011358672
1791450375,782649,27292,384564,94948,3776,251048,55.037273695420666
1791450381,755841,27244,384428,94948,3776,224424,56.71449989291069
1791450387,756209,27592,384448,94948,3776,224424,55.87079877782628
1791450393,756105,27352,384456,94948,3776,224552,57.9185520361991
1791450399,757241,27912,385064,94948,3744,224552,58.88108912997234
1791450405,755661,27036,384388,94948,3720,224552,61.10032362459547
1791450411,756865,27808,384816,94948,3720,224552,55.88235294117647
1791450416,756241,27268,384732,94948,3720,224552,57.0075349838536
1791450422,755509,26976,384296,94948,3720,224552,56.039904576013875
1791450428,756437,27240,385084,94948,3720,224424,54.600431965442766
1791450434,755701,27072,384520,94948,3720,224424,52.450558899398104
1791450440,782761,27312,384712,94948,3720,251048,56.89802913453299
1791450446,782609,27216,384660,94948,3720,251048,55.790147152911075
1791450452,757221,27608,385500,94948,3720,224424,56.87446626814688
1791450458,759253,28480,386532,94948,3720,224552,74.34238896075894
1791450464,756069,27220,384612,94948,3720,224552,58.28274067649609
1791450470,758213,28240,385476,94948,3720,224808,57.98868088811493
1791450475,756105,27108,384628,94948,3720,224680,58.34235014066219
1791450481,755861,26868,384628,94948,3720,224680,55.86640641943179
1791450487,757357,27740,385248,94948,3720,224680,58.672470076169745
1791450493,757309,27852,385088,94948,3720,224680,58.006042296072515
1791450499,756249,27304,384580,94948,3720,224680,58.1130453470879
1791450505,756245,27156,384592,94948,3720,224808,59.06155832974602
1791450511,756653,27420,384864,94948,3720,224680,58.05464480874317
1791450517,758245,28308,385544,94948,3744,224680,51.91893057352307
1791450522,756925,27304,385100,94948,3744,224808,57.277599142550905
1791450528,757489,27584,385512,94948,3744,224680,54.52572172780551
1791450534,758185,28128,385640,94948,3760,224680,59.233749461902704
1791450540,759033,28624,386060,94948,3820,224552,58.22193931678336
1791450546,758405,28268,385652,94948,3820,224680,58.58672376873662
1791450552,784097,27248,385488,94948,3820,251560,57.41056218057922
1791450558,757349,27216,385396,94948,3820,224936,60.49565769963991
1791450564,757553,27308,385504,94948,3820,224936,57.89697743720732
1791450570,757673,27344,385588,94948,3820,224936,60.165710643722115
1791450576,759845,27244,387796,94948,3768,225064,75.31236535975873
1791450582,784269,27540,385300,94948,3768,251688,61.72310330047149
1791450588,760469,29076,386328,94948,3768,225320,58.56209150326798
1791450593,757861,27512,385288,94948,3768,225320,60.25392726490209
1791450599,757845,27572,385244,94948,3736,225320,57.56013745704467
1791450605,757629,27644,385212,94948,3736,225064,55.84970111016225
1791450611,758333,28100,385328,94948,3736,225192,57.52421959095801
1791450617,758317,28396,385124,94948,3752,225064,59.2656962850315
1791450623,758213,28232,385052,94948,3752,225192,52.85285285285285
1791450629,758717,28348,385440,94948,3752,225192,60.0554489230113
1791450635,758281,27988,385240,94948,3752,225320,56.20971207563387
1791450641,785097,28188,385232,94948,3752,251944,57.043779800606856
1791450647,759221,28688,385476,94948,3752,225320,60.142579390797145
1791450653,785201,28072,385452,94948,3752,251944,59.35596170583116
1791450658,785341,28316,385344,94948,3756,251944,60.85633557922191
1791450664,758513,28248,385336,94948,3756,225192,57.52193451744062
1791450670,758989,28684,385372,94948,3756,225192,58.20406379724711
1791450676,758377,28352,385224,94948,3756,225064,56.255392579810184
1791450682,758693,28496,385264,94948,3756,225192,53.752181500872595
1791450688,758893,28520,385316,94948,3756,225320,55.178378378378376
1791450693,758669,28324,385416,94948,3756,225192,53.72211177380164
1791450699,760905,28252,386956,94948,3756,225960,74.1802388707926
1791450705,764145,30348,387172,94920,3756,226856,65.5793991416309
1791450711,795177,30688,389820,94920,3824,254812,84.79419918959266
1791450717,792329,30360,387556,94920,3824,254556,71.91205001077819
1791450723,761577,27912,386024,94920,3824,227792,61.35234391877296
1791450729,760765,27640,386016,94920,3824,227256,61.78010471204188
1791450734,760657,27728,386072,94920,3840,226984,61.6453223355763
1791450740,787473,27604,386364,94920,3840,253608,59.594450373532545
1791450746,760725,27800,386172,94920,3840,226856,69.11222053397005
1791450752,760593,27852,385992,94920,3840,226856,55.119124275595624
1791450758,761045,28124,386168,94920,3840,226856,58.88936719758932
1791450764,760437,27852,385836,94920,3840,226856,55.85778539301778
1791450770,787573,28008,386184,94920,3840,253480,59.36760593676059
1791450776,761197,28584,385768,94920,3812,226984,54.9792077040928
1791450782,760317,27692,385780,94920,3812,226984,57.4682435392028
1791450787,760597,27892,385860,94920,3812,226984,55.290834943120835
1791450793,760249,27668,385736,94920,3812,226984,58.712446351931334
1791450799,759997,27568,385760,94920,3780,226856,60.18538478120284
1791450805,761265,28220,386372,94920,3780,226856,56.466537551108246
1791450811,760197,27768,385760,94920,3780,226856,62.55843603909902
1791450817,760377,27960,385724,94920,3804,226856,55.625134960051824
1791450823,760765,28300,385772,94920,3804,226856,55.6745182012848
1791450829,760857,28348,385816,94920,3804,226856,58.25410544511668
1791450835,763021,28684,387644,94920,3804,226856,74.55698971778604
1791450841,763829,29868,387136,94920,3804,226984,64.44924406047517
1791450847,775929,29840,397800,94920,3804,228444,90.51348999129678
1791450852,770665,32512,389912,94920,3876,228316,82.92682926829268
1791450858,759121,27848,383300,94920,3880,228048,56.72287073065283
1791450864,759181,28184,383668,94920,3896,227384,61.31133304385584
1791450870,758681,28340,383280,94920,3896,227112,60.78388438800088
1791450876,758201,27792,383372,94920,3872,227112,55.14893617021277
1791450882,758765,28156,383604,94920,3844,227112,55.670103092783506
1791450888,758461,28228,383232,94920,3844,227112,58.8031222896791
1791450894,758581,28100,383352,94920,3844,227240,54.829727993146285
1791450900,760033,28856,384044,94920,3844,227240,66.9419691371441
1791450905,759661,28860,383668,94920,3844,227240,56.51984300043611
1791450911,757973,27632,383244,94920,3812,227240,53.981340854849215
1791450917,758541,28176,383396,94920,3812,227112,55.089304927910476
1791450923,758917,28484,383460,94920,3812,227112,56.16763879887665
1791450929,759333,28328,384036,94920,3812,227112,64.9694929518199
1791450935,759657,27732,384956,94920,3812,227112,58.66552973779577
1791450941,790193,29884,386392,94920,3876,253992,74.24274973147153
1791450947,770385,32040,389820,94920,3884,228560,113.62368590431238
1791450953,759873,27556,383800,94920,3884,228560,60.2058319039451
1791450959,761513,28244,384904,94920,3884,228404,59.99140524280189
1791450965,760509,27824,384064,94920,3884,228660,59.600347523892275
1791450971,759357,27488,383784,94920,3884,228124,62.911611785095324
1791450976,760101,27316,384184,94924,3884,228636,61.325847549125456
1791450982,759593,27292,383932,94924,3856,228440,62.12088621208862
1791450988,760801,28152,384840,94924,3856,227880,63.27490380504489
1791450994,759869,27808,384380,94924,3856,227752,63.15343915343915
1791451000,759085,27252,384024,94924,3856,227880,58.209588459906655
1791451006,759965,27592,384612,94924,3824,227880,60.71351351351352
1791451012,758033,26716,383688,94924,3824,227752,57.5107296137339
1791451018,759637,27572,384304,94924,3824,227880,59.86159169550172
1791451024,758785,27132,383892,94924,3824,227880,68.58616244091105
1791451030,786613,27820,384280,94924,3824,254632,64.40751133175048
1791451036,759533,27408,384236,94924,3824,228008,59.23360034639532
1791451041,760689,27712,385088,94924,3824,228008,60.12454369765944
1791451047,758493,26936,383800,94924,3824,227880,58.9655172413793
1791451053,758453,26936,383760,94924,3824,227880,58.43270868824531
1791451059,758601,27108,383736,94924,3824,227880,58.20354171111585
1791451065,758277,26796,383724,94920,3824,227880,59.27835051546392
1791451071,761201,27780,385660,94920,3824,227880,71.25506072874494
1791451077,758789,27136,384024,94920,3824,227752,63.93088552915766
1791451083,758977,27300,384048,94920,3824,227752,59.51115834218916
1791451089,759713,27612,384468,94920,3824,227752,59.594450373532545
1791451095,760721,27820,385140,94920,3824,227880,55.19031141868512
1791451101,759065,27436,383868,94920,3824,227880,57.47775124810072
1791451107,758957,27304,383872,94920,3848,227880,64.19431793537194
1791451112,758845,27068,383996,94920,3848,227880,58.96176030762658
1791451118,758925,27048,383960,94920,3848,228008,55.44385026737968
1791451124,760289,27532,384836,94920,3848,228008,57.448172686471466
1791451130,759029,27096,384140,94920,3848,227880,56.37411915438821
1791451136,786073,27312,384344,94920,3848,254504,59.32203389830508
1791451142,760333,27804,384668,94920,3908,227880,56.90810810810811
1791451148,759321,27420,384044,94920,3908,227880,59.961563100576555
1791451154,759469,27696,383988,94920,3868,227880,56.738804371116345
1791451160,761449,28264,385124,94920,3868,228136,57.11835334476844
1791451166,760717,27592,385064,94920,3868,228136,57.032091320267064
1791451172,760101,27352,384588,94920,3840,228264,56.75498138821984
1791451177,760593,27888,384576,94920,3816,228264,54.61222726290775
1791451183,759905,27384,384648,94920,3816,228008,59.51134380453752
1791451189,788965,27616,386724,94920,3816,254760,73.26943556975506
1791451195,760905,27512,385392,94920,3816,228136,58.536585365853654
1791451201,760905,27496,385312,94920,3784,228264,53.18319618882633
1791451207,759537,27064,384380,94920,3784,228264,57.7623590633131
1791451213,761505,28052,385356,94920,3784,228264,56.85106382978723
1791451219,759733,27188,384452,94920,3784,228264,58.79580029997857
1791451225,760485,27632,384756,94920,3784,228264,57.41297808336915
1791451230,760177,27328,384752,94920,3784,228264,55.93073593073593
1791451236,760773,27692,384984,94920,3784,228264,58.09379727685325
1791451242,760669,27436,385264,94920,3784,228136,61.60464616046462
1791451248,759525,27224,384336,94920,3784,228136,61.525092331088416
1791451254,759229,27072,384408,94920,3632,228136,54.31351351351351
1791451260,787325,27784,385164,94920,3632,254760,55.73840564223125
1791451266,761177,27884,385412,94920,3632,228264,54.963155613350665
1791451272,760469,27808,384908,94920,3632,228136,55.089304927910476
1791451278,761737,28036,386076,94920,3632,228008,58.79580029997857
1791451283,759817,27348,384572,94920,3744,228136,59.620832425365
1791451289,759451,27424,385144,94568,3744,227772,50.25081788440568
1791451295,760355,27792,385472,94568,3744,227900,61.68425586905018
1791451301,759926,27592,385084,94568,3744,228028,56.09492988133765
1791451307,759214,27396,384696,94568,3744,227900,54.375531011045034
1791451313,762170,27208,385796,94568,3744,229948,82.75268817204301
1791451319,759602,27212,385128,94568,3744,228028,55.268303280469254
1791451324,760058,27200,385212,94568,3744,228412,58.2910134687569
1791451330,760890,27524,385716,94568,3744,228412,59.35428693607013
1791451336,762670,27256,385844,94568,3744,230332,60.18158236057069
1791451342,762950,27708,385572,94568,3804,230332,56.51251591005515
1791451348,761374,27948,385928,94568,3804,228156,60.54054054054055
1791451354,760918,27400,385892,94568,3804,228284,54.66377440347071
1791451360,763806,27860,386144,94568,3804,230460,63.267973856209146
1791451366,761322,27728,385968,94568,3804,228284,56.21901271825824
1791451372,760958,27452,385916,94568,3776,228284,54.58089668615984
1791451377,762162,26912,385488,94568,3776,230460,53.772766695576756
1791451383,762146,26780,385468,94568,3776,230596,55.51298424861643
1791451389,760686,27128,385704,94568,3776,228548,55.130697774897385
1791451395,761198,27472,385872,94568,3776,228548,58.01330186655225
1791451401,760766,27352,385592,94568,3744,228548,56.46055437100214
1791451407,760922,27612,385880,94568,3472,228548,59.830912638196395
1791451413,761506,27704,386244,94568,3472,228676,68.65606621651057
1791451419,762402,27284,385512,94568,3472,230724,70.63866266609516
1791451425,760222,27176,385492,94568,3472,228676,61.0726643598616
1791451430,766826,27100,392172,94568,3472,228676,73.24306898774984
1791451436,759906,27012,385576,94568,3472,228676,55.00644606789859
1791451442,759954,26948,385812,94568,3472,228548,55.89821004960104
1791451448,760482,27336,385840,94568,3552,228548,53.3219397564623
1791451454,760190,27224,385652,94568,3552,228548,54.67563462790193
1791451460,763058,28180,387564,94568,3552,228548,54.044750430292595
1791451466,761514,27756,386340,94568,3528,228676,61.21057118499573
1791451472,761694,27600,386676,94568,3528,228676,64.86017775850857
1791451478,764062,27732,386864,94568,3528,230724,70.93942054433714
1791451483,762350,27964,386964,94568,3528,228680,64.41334768568353
1791451489,764690,27804,387544,94568,3528,230600,69.42937730527228
1791451495,761154,27436,386556,94568,3528,228424,61.16838487972509
1791451501,761958,28088,386576,94568,3528,228552,58.51132686084143
1791451507,760538,27524,386192,94568,3380,228296,55.21419299004759
1791451513,761862,27988,386796,94568,3472,228424,59.91797971077057
1791451519,761706,27676,386480,94568,3616,228684,58.747300215982726
1791451525,762006,27692,386616,94568,3616,228812,61.35129263523788
1791451530,761902,27576,386632,94568,3616,228812,58.33512583351258
1791451536,761590,27404,386492,94568,3616,228812,68.23987876163672
1791451542,762294,27888,386628,94568,3688,228812,61.13989637305699
1791451548,763502,28384,387316,94568,3712,228812,60.862068965517246
1791451554,765806,27924,388164,94568,3712,230732,73.3261105092091
1791451560,764346,29000,387672,94568,3712,228684,57.971014492753625
1791451566,763614,28312,387372,94568,3712,228940,58.532459293719604
1791451572,763558,28644,387152,94568,3684,228812,57.67712445460212
1791451578,763014,28128,387124,94568,3684,228812,56.89430187037843
1791451584,763434,28016,387268,94568,3684,229196,59.43740605540048
1791451590,763362,27880,387336,94568,3684,229196,57.50744364100383
1791451596,765202,28816,388236,94568,3684,229196,60.96878363832078
1791451602,763902,28060,387600,94568,3652,229324,61.23329021129798
1791451607,763794,28260,387572,94568,3628,229068,59.386397768719156
1791451613,763762,27872,387748,94568,3660,229196,55.77379667601986
1791451619,763618,27680,387924,94568,3660,229068,53.55004277159966
1791451625,763758,27760,387984,94568,3660,229068,53.525913338997455
1791451631,764966,28928,388020,94568,3660,229068,54.373927958833626
1791451637,765862,29340,388504,94568,3660,229068,58.08003498797289
1791451643,766110,29660,388300,94568,3660,229196,70.14505304178394
1791451649,782878,36324,396832,94568,3744,230656,98.1425485961123
1791451655,763926,28000,386328,94568,3744,230528,59.76027397260274
1791451660,764458,27844,386760,94568,3744,230784,54.86498071153022
1791451666,761394,27008,385612,94568,3744,229708,56.66162815806521
1791451672,761358,27216,385496,94568,3744,229580,57.87891799055389
1791451678,761374,27116,385604,94568,3744,229580,56.77530017152659
1791451684,762538,27800,386116,94568,3716,229580,67.10126032159931
1791451690,761570,27408,385544,94568,3716,229580,59.57263112454133
1791451696,764458,28516,387192,94568,3716,229708,56.88350983358548
1791451702,763446,28036,386788,94568,3716,229580,59.44540727902946
1791451708,763394,27196,385688,94568,3684,231500,56.64171122994652
1791451713,763174,27840,386744,94568,3684,229580,60.48229415598523
1791451719,761974,27120,386140,94568,3684,229708,57.54899849235409
1791451725,763358,27524,386732,94568,3684,230092,59.16343251401466
1791451731,763622,27752,386768,94568,3684,230092,58.372793801119236
1791451737,763266,27644,386332,94568,3744,230220,68.36268754076973
1791451743,764438,28148,387120,94568,3744,230092,58.83114082380849
1791451749,762466,27068,386104,94568,3744,230220,61.022776106574995
1791451755,763698,27856,386672,94568,3744,230092,58.336961253809314
1791451761,763214,27804,386644,94568,3468,230092,60.98034981645433
1791451766,763426,27756,386752,94568,3484,230220,59.07534246575342
1791451772,764278,27108,388416,94568,3456,230092,77.27272727272727
1791451778,764186,27704,387728,94568,3456,230092,58.05763073639274
1791451784,767266,28252,388212,94568,3456,232140,58.8260224623861
1791451790,763362,27352,387256,94568,3456,230092,57.00874759974397
1791451796,765061,27568,387088,94568,3456,231744,66.93017127799736
1791451802,765689,27960,387220,94568,3424,231872,58.66320571057755
1791451808,766121,28296,387444,94568,3424,231744,60.31540289479369
1791451814,766073,28180,387384,94568,3424,231872,60.48229415598523
1791451819,766401,28204,387480,94568,3568,231872,60.04338394793927
1791451825,767433,27860,386912,94568,3584,233792,62.13258957305299
1791451831,765149,27760,386900,94568,3584,231616,64.45743989603639
1791451837,766505,28408,387604,94568,3584,231616,63.41045415595544
1791451843,765745,28196,386932,94568,3584,231744,64.5973518558715
1791451849,766381,28348,387388,94568,3608,231744,60.46915725456125
1791451855,766061,28284,386772,94568,3608,231872,59.239956568946795
1791451861,765781,28040,386736,94568,3608,231872,56.667377853637724
1791451866,765641,27988,386648,94568,3608,231872,60.215053763440864
1791451872,767929,27936,386936,94568,3608,233920,59.62624945675793
1791451878,765189,27724,386716,94568,3608,231616,61.09154929577465
1791451884,766042,28384,386772,94568,3608,231744,59.067357512953365
1791451890,773348,28472,393856,94568,3608,231872,78.58512678457276
1791451896,766548,28576,387060,94568,3632,231744,57.14285714285714
1791451902,766728,28480,387196,94568,3636,231872,57.795344751866494
1791451908,769508,29388,389192,94568,3636,231744,57.858376511226254
1791451913,768140,29524,387652,94568,3664,231744,59.10563836681789
1791451919,766888,28540,387360,94568,3664,231744,61.20782290995057
1791451925,767996,29388,387424,94568,3708,231872,76.64155005382132
1791451931,779480,33852,392576,94568,3804,233628,85.55060471037555
1791451937,770464,28164,389908,94568,3804,232952,67.84941583729987
1791451943,770560,27960,390732,94568,3804,232424,57.877533231640875
1791451949,767952,27496,389144,94568,3804,231872,60.48229415598523
1791451955,769844,28516,390008,94568,3808,231872,61.05037513397642
1791451961,771240,28044,389828,94568,3808,233920,61.56484458735263
1791451966,770208,27308,389536,94568,3808,233920,55.00747384155456
1791451972,768056,27368,389408,94568,3780,231872,56.72539750752041
1791451978,771400,28076,389988,94568,3780,233924,56.7885396621766
1791451984,769144,27780,390208,94568,3780,231744,58.86990801576872
1791451990,768952,27812,389984,94568,3780,231744,58.98696302628766
1791451996,769048,28032,389736,94568,3780,231872,61.64412964155398
1791452002,769360,27920,390332,94568,3748,231744,57.858376511226254
1791452008,768732,27668,389828,94568,3748,231872,58.4192439862543
1791452014,771260,28024,389952,94568,3748,233920,56.678082191780824
1791452020,769572,28064,390272,94568,3748,231872,58.26330532212886
1791452025,768564,27732,389600,94568,3748,231872,58.62516212710766
1791452031,768148,27404,389512,94568,3748,231872,61.92324277705907
1791452037,770780,27820,389804,94568,3748,233792,59.181897302001744
1791452043,769380,28356,389916,94568,3748,231744,58.28497743391361
1791452049,775724,27876,396744,94568,3748,231744,75.16198704103671
1791452055,769604,28080,390416,94568,3748,231744,59.755312298776566
1791452061,769796,28252,390436,94568,3748,231744,58.62803579037068
1791452067,769712,28400,390204,94568,3748,231744,58.96379796228051
1791452073,771708,28356,390348,94568,3644,233792,59.76520811099253
1791452079,769620,28504,390156,94568,3644,231744,64.17391304347827
1791452084,769048,28128,390088,94568,3644,231616,57.09342560553633
1791452090,771364,27912,390444,94568,3644,233792,56.11888111888111
1791452096,769212,28152,390100,94568,3644,231744,55.250544662309366
1791452102,769824,28524,390340,94568,3644,231744,59.376372419850675
1791452108,769020,28264,389800,94568,3644,231744,53.95944503735326
1791452114,769452,28388,390240,94568,3548,231744,59.72461273666093
1791452120,768796,28100,389748,94568,3548,231872,57.41216795201372
1791452126,769092,28168,389972,94568,3548,231872,57.00874759974397
1791452132,771320,28396,390944,94568,3548,232900,62.25279449699054
1791452137,772820,27936,390796,94568,3608,234948,59.91416309012876
1791452143,771356,28432,391004,94568,3608,232772,61.16838487972509
1791452149,772196,28136,392140,94568,3608,232772,57.390550498482874
1791452155,773988,29612,392432,94568,3632,232772,58.109280138768426
1791452161,772988,28972,392072,94568,3632,232772,69.15763873535265
1791452167,774420,30056,392496,94568,3680,232644,67.0103092783505
1791452173,786404,34020,396400,94580,3724,236660,113.3129637712789
1791452178,775376,28132,393308,94580,3724,234612,64.72379295345803
1791452184,774188,27460,392944,94580,3724,234456,61.40577835273825
1791452190,777244,27900,393512,94580,3724,236504,61.726242371403664
1791452196,776776,28908,393456,94580,3780,235012,63.5465865178188
1791452202,776872,28720,393868,94580,3780,234884,59.11840968020743
1791452208,775212,27992,392916,94580,3752,234944,63.86701662292214
1791452214,776672,28844,394068,94580,3744,234404,61.03542234332425
1791452220,774584,28012,392948,94580,3748,234260,59.37898766482348
1791452226,774156,27584,392948,94580,3748,234260,56.76083674789735
1791452231,778904,28684,394720,94580,3716,236180,60.682460334709845
1791452237,775660,27160,393004,94580,3716,236180,56.95958948043618
1791452243,774044,27612,392980,94580,3716,234132,59.92702296630178
1791452249,773988,27536,393004,94580,3716,234132,57.155116927697925
1791452255,775036,28384,393232,94580,3684,234132,58.57485290913053
1791452261,775664,28632,393612,94580,3684,234132,56.36716224951519
1791452267,774460,28028,393012,94580,3688,234132,56.00346770697876
1791452273,776752,29320,394004,94580,3692,234132,58.444348947142245
1791452279,777964,29956,394580,94580,3692,234132,68.44733984799132
1791452284,777588,30292,393736,94580,3692,234260,67.30103806228374
1791452290,786996,34492,398048,94580,3760,235080,86.21128553245651
1791452296,774728,27464,392936,94580,3772,234940,59.39238339751819
1791452302,774932,27536,393056,94580,3776,234940,61.6176786097404
1791452308,774940,27900,393500,94580,3776,234132,59.84994640943194
1791452314,775668,27212,392872,94580,3776,236180,62.87683031869078
1791452320,775084,27788,393628,94580,3776,234260,59.535691039270986
1791452326,774312,27784,392900,94580,3748,234260,63.37308347529813
1791452332,776216,28448,394136,94580,3748,234260,63.559322033898304
1791452338,775760,28116,393960,94580,3776,234260,61.420672054444914
1791452344,773944,27120,393144,94580,3776,234260,57.21583652618135
1791452350,775460,28080,393696,94580,3776,234260,60.65538659241808
1791452356,774084,27408,392996,94580,3776,234260,58.427893542397356
1791452362,775356,28048,393624,94580,3776,234260,65.6140350877193
1791452367,774060,27052,393324,94580,3776,234260,60.25032369443245
1791452373,773600,27088,392996,94580,3748,234132,58.6932928152811
1791452379,773889,27204,393168,94580,3748,234132,61.245674740484425
1791452385,774661,27812,393328,94580,3748,234132,62.81995661605207
1791452391,774901,27880,393500,94580,3748,234132,57.105887427215876
1791452397,773801,27244,392912,94580,3748,234260,58.843830888697156
1791452403,773865,27472,392924,94580,3716,234132,55.39121114683816
1791452409,781285,27332,400480,94580,3716,234132,76.37067297355408
1791452414,773661,27176,393144,94580,3716,234004,56.255392579810184
1791452420,773921,27216,393360,94580,3716,234004,57.1553038553692
1791452426,774417,27540,393404,94580,3716,234132,56.190677072347604
1791452432,773561,27184,392908,94580,3716,234132,59.416897212172806
1791452438,774081,27696,392916,94580,3716,234132,56.62337662337662
1791452444,774181,27688,393128,94580,3648,234132,58.62516212710766
1791452450,774501,28140,392992,94580,3648,234132,58.65051903114187
1791452456,774105,27740,392992,94580,3648,234132,59.183673469387756
1791452462,774489,27804,393180,94580,3648,234260,54.79922697015246
1791452468,774325,27880,392944,94580,3648,234260,62.17616580310881
1791452473,774101,27484,393116,94580,3648,234260,55.623365300784656
1791452479,773773,27372,392900,94580,3648,234260,57.5945310831019
1791452485,773685,27336,392972,94580,3648,234132,57.996104739233935
1791452491,774225,27648,393156,94580,3676,234132,57.40976645435244
1791452497,774953,28008,393520,94580,3680,234132,54.29003674086882
1791452503,774189,27756,393012,94580,3680,234132,54.32848774137556
1791452509,774485,27868,393196,94580,3680,234132,55.19008970525417
1791452515,774389,27784,393216,94580,3656,234132,53.756977243452134
1791452521,775173,28416,393240,94580,3656,234260,51.18893212278426
1791452527,775933,27828,394584,94580,3660,234260,56.694286960314
1791452532,779081,28804,396756,94580,3660,234260,71.01295391802931
1791452538,777693,28464,395772,94580,3720,234132,59.732866214144956
1791452544,778309,29208,395612,94580,3736,234132,71.48420597144094
1791452550,786193,32016,399292,94580,3760,235480,89.7068264498181
1791452556,780329,28068,397792,94580,3760,235068,58.88628120332835
1791452562,779417,27708,397308,94580,3820,234940,61.90782422293676
1791452568,778113,27392,397312,94580,3840,234132,61.47473073736537
1791452574,778213,27388,397288,94580,3840,234260,62.407648848326815
1791452580,778841,27960,397468,94580,3840,234132,62.788708297690334
1791452586,778325,27640,397436,94580,3812,234004,61.93327630453379
1791452592,778313,27624,397188,94580,3812,234260,59.07099035933392
1791452597,778213,27452,397260,94580,3812,234260,60.039155971285616
1791452603,778237,27204,397528,94580,3812,234260,57.35389963067564
1791452609,779613,26972,397268,94580,3780,236180,60.495436766623214
1791452615,778333,27340,397664,94580,3780,234132,59.41368078175896
1791452621,777849,27292,397232,94580,3780,234132,55.49533925861695
1791452627,779149,27680,398012,94580,3780,234260,58.300991806813286
1791452633,778645,27440,397748,94580,3780,234260,59.32350390286209
1791452638,778097,27420,397352,94580,3780,234132,54.275741710296685
1791452644,778041,27432,397284,94580,3780,234132,59.52844473285745
1791452650,780145,27576,397496,94580,3748,235924,58.82097019795519
1791452656,777917,27496,397272,94580,3748,234004,58.207319745781284
1791452662,778033,27820,397492,94580,3444,234004,54.435831180017225
1791452668,787229,27948,404356,94580,3476,236180,80.01743299193724
1791452674,778225,27936,397392,94580,3476,234132,56.04986030517946
1791452680,777737,27600,397116,94580,3476,234260,57.72465692784417
1791452685,778037,27616,397524,94580,3476,234132,57.864923747276684
1791452691,778489,27988,397580,94580,3492,234132,61.258922777417254
1791452697,777925,27748,397260,94580,3492,234132,61.23583493692538
1791452703,777721,27728,397076,94580,3492,234132,58.51110143665651
1791452709,779125,28500,397572,94580,3492,234260,60.077686663789386
1791452715,778229,28152,397280,94580,3492,234004,61.1764705882353
1791452720,778789,28112,397752,94580,3492,234132,54.46958049637601
1791452726,778081,27696,397460,94580,3492,234132,60.42296072507553
1791452732,778701,28068,397704,94580,3496,234132,56.22837370242214
1791452738,778205,28040,397176,94580,3556,234132,60.50858509019778
1791452744,778813,28760,397144,94580,3600,234004,54.96847140682757
1791452750,779421,28716,397528,94580,3600,234260,55.12459371614301
1791452755,779493,29044,397308,94580,3680,234132,57.30410245278923
1791452761,782109,29040,397960,94580,3692,236052,70.05649717514125
1791452767,789465,33268,401624,94580,3712,235468,111.08719052744887
1791452773,781465,27916,398980,94580,3712,235468,60.884648742411095
1791452779,781177,27876,398736,94580,3728,235440,64.12614980289094
1791452785,783777,27936,399100,94580,3728,237616,60.33470984568572
1791452790,780121,27476,398496,94580,3728,235028,60.38062283737025
1791452796,779833,27220,398732,94580,3728,234760,61.114697654400686
1791452802,779501,27164,398620,94580,3700,234632,57.20402483408263
1791452808,781653,27348,398752,94580,3700,236464,58.94736842105262
1791452814,779881,27400,398848,94580,3700,234544,57.6530612244898
1791452820,779041,27404,398576,94580,3676,234004,54.408925123364085
1791452826,779197,27580,398600,94580,3644,234004,54.677488252883386
1791452832,779101,27760,398328,94580,3644,234004,58.22894168466522
1791452838,779869,28056,398796,94580,3644,234004,56.29693198884359
1791452844,779781,28060,398576,94580,3644,234132,62.15277777777778
1791452849,779573,27948,398356,94580,3644,234260,58.50667834464638
1791452855,780941,28672,399124,94580,3644,234132,57.993527508090615
1791452861,779293,28140,398460,94580,3416,234004,62.12765957446808
1791452867,779213,27976,398428,94580,3504,234004,59.896729776247845
1791452873,779137,27852,398348,94580,3504,234132,55.741263294985885
1791452879,780565,28664,398960,94580,3504,234132,60.01293382194438
1791452885,782333,28444,398356,94580,3524,236692,59.978331527627304
1791452891,780721,28108,398988,94580,3528,234772,75.54980595084088
1791452896,783137,28112,399112,94580,3528,236820,55.10026155187445
1791452902,780241,27584,398788,94580,3528,234772,57.993527508090615
1791452908,780461,27932,398792,94580,3528,234644,53.799126637554586
1791452914,780501,27908,398856,94580,3528,234644,56.89505637467476
1791452920,780677,28152,398788,94580,3528,234644,56.49280961579738
1791452926,780829,28196,398896,94580,3528,234644,57.6981213560786
1791452932,781829,28756,399204,94580,3528,234772,54.589056027904945
1791452938,781733,29004,398796,94580,3592,234772,61.9265057621222
1791452943,782805,29196,399668,94580,3592,234772,59.6078431372549
1791452949,784273,28996,399536,94580,3592,236564,70.39301310043669
1791452955,781737,28700,399220,94580,3592,234644,59.96123196209348
1791452961,792717,33840,403260,94580,3628,236380,98.61830742659758
1791452967,784153,28032,400372,94580,3628,236508,60.13628620102215
1791452973,783457,27848,400528,94580,3628,235844,64.76761619190404
1791452979,782793,27868,400384,94580,3724,235160,58.66782382295509
1791452985,783685,28308,400704,94580,3724,235288,61.92324277705907
1791452991,784961,27844,400400,94580,3724,237336,58.4426946631671
1791452996,783321,28256,400432,94580,3696,235288,59.49119373776908
1791453002,784997,27880,400432,94580,3696,237340,60.20942408376963
1791453008,782781,27748,400456,94580,3744,235160,57.98868088811493
1791453014,783141,28152,400420,94580,3744,235160,54.608096468561584
1791453020,783737,28516,400700,94580,3712,235160,58.70603560573166
1791453026,783637,28628,400356,94580,3712,235288,52.74343960095425
1791453032,786057,29876,401520,94580,3712,235288,66.36500754147812
1791453038,787541,30336,401068,94580,3712,236764,73.15480078380143
1791453043,794625,33000,405524,94580,3800,236636,102.95681769836204
1791453051,785941,28200,402300,94580,3800,235972,62.62491672218521
1791453058,785897,27856,402472,94580,3800,236100,59.62732919254658
1791453063,786621,28372,403460,94580,3824,235288,59.36887921653972
1791453069,785249,27976,402612,94580,3824,235160,60.64794816414687
1791453075,786377,28180,403020,94580,3812,235700,61.68466522678185
1791453081,787817,28092,404032,94580,3812,236212,62.647500536365584
1791453087,787049,27744,403612,94580,3812,236212,58.8663101604278
1791453093,786397,27792,403184,94580,3812,235944,60.678985818650624
1791453099,788261,27644,403448,94580,3780,237720,59.52124218244555
1791453105,786641,27628,403764,94580,3780,235800,57.966028811008385
1791453111,787097,27812,404036,94580,3780,235800,61.34969325153374
1791453116,785913,27300,403492,94580,3780,235672,60.357835740461304
1791453122,786437,27464,404004,94580,3756,235544,57.960954446854664
1791453128,785937,27376,403328,94580,3756,235800,61.45944789214637
1791453134,788741,27816,403516,94580,3756,237976,63.94439617723718
1791453140,788573,27472,403616,94580,3816,237976,64.1031149301826
1791453146,789681,28080,404108,94568,3816,237976,63.52485474499677
1791453152,788377,28508,404424,94568,3816,235928,63.566906788910714
1791453158,787349,27944,403832,94568,3816,236056,59.26562164483573
1791453163,787561,27716,404260,94568,3828,236056,83.10104529616724
1791453169,786505,27232,403804,94568,3832,235928,59.42156003505696
1791453175,789281,28692,405156,94568,3804,235928,63.58626536668079
1791453181,789141,28452,405196,94568,3848,235928,62.78568348426046
1791453187,787929,27868,404556,94568,3852,235928,61.69709989258861
1791453193,787517,27584,404428,94568,3852,235928,59.90961910910265
1791453199,788205,27896,404836,94568,3820,235928,61.59139784946237
1791453205,787517,27624,404420,94568,3820,235928,60.16857575102659
1791453211,786949,27244,404108,94568,3820,236056,61.75316179677278
1791453216,788945,28388,405084,94568,3820,235928,62.248824283882
1791453222,787169,27376,404196,94568,3820,236056,64.1711229946524
1791453228,786957,27076,404280,94568,3820,236056,59.06155832974602
1791453234,786833,27144,404220,94568,3820,235928,62.9193899782135
1791453240,789505,27484,404500,94568,3820,237976,60.81771720613288
1791453246,786873,27184,404220,94568,3820,235928,58.760911219927614
1791453252,787145,27372,404300,94568,3820,235928,57.85194694052203
1791453258,789961,28248,405472,94568,3820,236696,61.631419939577036
1791453264,789009,28264,404604,94568,3752,236696,57.34144222415291
1791453270,788817,28016,404556,94568,3736,236824,61.77540106951872
1791453276,787709,27508,404084,94568,3736,236696,60.37407568508048
1791453281,823029,29400,437512,94568,3736,236696,78.13712807244502
1791453287,788401,27624,404660,94568,3736,236696,58.41434435083171
1791453293,788273,27224,405060,94568,3736,236568,62.829017761609244
1791453299,788869,27964,404788,94568,3736,236696,59.39675174013921
1791453305,787601,26904,404584,94568,3736,236696,58.94920427294528
1791453311,789981,28228,405636,94568,3736,236696,57.65458422174841
1791453317,788561,27476,404968,94568,3736,236696,62.33766233766234
1791453323,788661,27536,405008,94568,3736,236696,59.450171821305844
1791453329,788825,27528,405180,94568,3736,236696,62.24295102819589
1791453335,795145,28380,406708,94568,3736,240636,63.85463984425698
1791453341,790701,27424,405464,94568,3796,238332,63.86773983032412
1791453346,795081,28424,406912,94568,3796,240256,61.230702326592734
1791453352,790997,27912,405268,94568,3796,238332,61.15525016104788
1791453358,792521,28276,406424,94568,3796,238332,62.771855010660985
1791453364,792121,28060,406216,94568,3820,238332,67.1123571274531
1791453370,791157,27640,405676,94568,3820,238332,60.99957283212303
1791453376,792317,28208,406300,94568,3792,238332,63.32905434317501
1791453382,792989,28548,406632,94568,3792,238332,59.40425531914894
1791453388,791981,28224,406076,94568,3792,238204,61.69578184916915
1791453394,791981,28324,405848,94568,3792,238332,63.609087012430344
1791453400,793329,28528,406896,94568,3760,238460,66.69561441597915
1791453406,795549,28852,406740,94572,3760,240508,81.7569036747119
1791453412,792697,28724,406064,94572,3760,238460,62.34676007005254
1791453417,792729,28532,406288,94572,3760,238460,72.05503009458297
1791453423,793353,28916,406808,94572,3736,238204,62.86701208981002
1791453429,794773,28592,406504,94572,3736,240252,59.13722089746369
1791453435,795277,29316,408332,94572,3736,238204,66.18088298328333
1791453441,795081,28592,408048,94572,3736,239016,65.08005192557334
1791453447,792933,27692,406800,94572,3736,239016,66.6521644550794
1791453453,792597,27584,406700,94572,3736,238888,66.91224268689058
1791453458,795525,28660,408296,94572,3736,239144,73.74301675977654
1791453464,796645,29252,408824,94572,3736,239144,71.20597652081109
1791453470,793189,27792,406828,94572,3736,239144,60.88254103602644
1791453476,795933,27636,406536,94572,3736,242336,59.31623931623932
1791453482,793773,27628,406432,94572,3736,240288,62.239415430904785
1791453488,794261,27888,406660,94572,3736,240288,60.28230184581977
1791453494,794953,28212,407028,94572,3736,240288,61.59110350727117
1791453500,793825,27596,406516,94572,3736,240288,59.14529914529915
1791453506,793477,27356,406280,94572,3736,240416,60.0384862091084
1791453512,795673,28148,407684,94572,3736,240416,59.06846962867568
1791453518,793145,27244,406064,94572,3736,240416,58.54073601361412
1791453524,800381,27776,412996,94572,3572,240416,76.273022751896
1791453529,796025,29032,407384,94568,3572,240416,63.43688898544427
1791453535,798249,29264,407328,94568,3572,242464,70.53763440860214
1791453541,800169,30716,410020,94568,3652,240160,70.44673539518901
1791453547,798509,30160,409028,94568,3652,240032,71.14556416881999
1791453553,798285,29900,408808,94568,3652,240288,70.97613882863341
1791453559,800441,30188,408628,94568,3652,242336,67.831715210356
1791453565,796081,28860,407572,94568,3716,240288,66.70942912123155
1791453571,795945,28844,407276,94568,3732,240416,61.74084630563473
1791453577,796449,27972,406644,94568,3704,242464,63.45903771131339
1791453582,795789,28012,407992,94568,3704,240416,62.997607135088096
1791453588,796645,28272,408552,94568,3736,240416,65.39040653904065
1791453594,797693,28860,409124,94568,3736,240288,62.34435379991413
1791453600,796021,28432,408040,94568,3704,240160,60.021436227224015
1791453606,797577,29028,408872,94568,3704,240288,57.14285714285714
1791453612,797573,29168,408728,94568,3704,240288,63.80891448069951
1791453618,796941,28968,408296,94568,3704,240288,62.589624630957395
1791453624,774221,30040,401020,94568,3736,223724,71.56989247311827
1791453630,770145,28572,398412,94568,3736,223724,58.83361921097771
1791453636,770557,28836,398560,94568,3736,223724,61.57860404435746
1791453642,772337,29424,398976,94568,3736,224500,59.469941822883
1791453648,768469,28228,397584,94568,3736,223220,80.01739508588824
1791453653,768341,27736,398076,94568,3736,223092,68.74328678839957
1791453659,767357,27168,397660,94568,3736,223092,68.24146981627297
1791453665,771553,28668,398372,94568,3760,225052,71.80588361606183
1791453671,768341,28168,397708,94568,3760,223004,68.71058925853445
1791453677,769621,28896,399504,94568,3760,221760,73.17909168808912
1791453683,767889,28356,398184,94568,3760,221888,66.47714848020992
1791453689,766581,27524,397708,94568,3760,221888,61.28400435255713
1791453694,766841,27536,397956,94568,3760,221888,67.65217391304348
1791453700,768861,28700,398812,94568,3760,221888,68.7261955141769
1791453706,774573,30100,401076,94568,3760,223936,73.69107104062567
1791453712,768593,28560,398556,94568,3864,221888,69.58774012518886
1791453718,769041,28836,398708,94580,3864,221888,64.24242424242425
1791453724,767141,27908,397604,94580,3844,222016,60.70038910505836
1791453730,767641,28364,397648,94580,3844,222016,72.06106870229007
1791453736,766113,27436,397052,94580,3844,222016,63.40525528733176
1791453741,766357,27584,397080,94580,3908,222016,69.40639269406392
1791453747,770373,28368,398252,94580,3912,224064,62.147622121799
1791453753,764817,27476,397172,94580,3912,220484,71.01604278074866
1791453759,765013,27396,397444,94580,3912,220484,68.47237269772481
1791453765,784513,27632,416708,94580,3912,220484,75.68276163425824
1791453771,765269,27400,397700,94580,3912,220484,65.23902227990483
1791453777,764453,27160,397032,94580,3884,220612,58.2701062215478
1791453783,764489,27252,396976,94580,3884,220612,56.25270445694505
1791453788,764693,27076,397352,94580,3884,220612,56.63254192986278
1791453794,764509,27200,397048,94580,3884,220612,53.68555602897316
1791453800,764901,27484,397312,94580,3852,220484,55.97920277296361
1791453806,765377,27788,397484,94580,3852,220484,54.41239776151529
1791453812,764905,27688,397240,94580,3852,220356,54.588641762038435
1791453818,766037,28072,397732,94580,3852,220612,54.863058011645464
1791453824,764261,27120,396908,94580,3852,220612,56.60699062233589
1791453830,764057,27100,396852,94580,3852,220484,56.83623095084782
1791453836,764305,27184,396888,94580,3852,220612,62.19698624153745
1791453841,764569,27360,396972,94580,3852,220612,60.56458511548332
1791453847,764789,27320,397308,94580,3800,220612,60.882800608828006
1791453853,764417,27148,397236,94580,3800,220484,55.26711006221841
1791453859,764481,27468,396984,94580,3800,220484,64.89270386266094
1791453865,764157,27176,397024,94580,3748,220484,52.392090155220075
1791453871,764229,27308,396968,94580,3748,220484,59.27846187081444
1791453877,766269,28424,397760,94580,3748,220612,56.269113149847094
1791453883,764497,27308,397104,94580,3748,220612,60.93919065137416
1791453888,767121,27288,397704,94580,3748,222660,81.22004357298475
1791453894,770345,28672,399540,94580,3748,222660,66.94125298070671
1791453900,764877,27576,397520,94580,3628,220484,67.15454154111063
1791453906,767193,27600,397600,94580,3656,222660,54.31587663009729
1791453912,763769,26792,397292,94580,3656,220356,54.41941074523397
1791453918,765685,27860,398136,94580,3656,220356,56.87285223367697
1791453924,765053,27668,397568,94580,3656,220484,54.269614217598615
1791453930,764493,27408,397272,94580,3656,220484,56.466537551108246
1791453936,766077,27732,398528,94580,3656,220484,56.99436985708098
1791453942,765217,27864,397324,94580,3732,220612,58.704540563804606
1791453948,765133,27564,397520,94580,3736,220612,54.42764578833693
1791453953,764881,27528,397308,94580,3736,220612,56.18267987936234
1791453959,766417,27904,398464,94580,3736,220612,57.11842667806755
1791453965,766781,28296,398540,94580,3760,220484,57.93823401478904
1791453971,765941,28032,398092,94580,3760,220356,58.250753985351146
1791453977,765561,27936,397716,94580,3732,220484,56.255392579810184
1791453983,765713,28464,397596,94580,3732,220228,56.1070349589987
1791453989,769081,28968,398284,94580,3732,222404,59.95642701525055
1791453995,766241,28412,397920,94580,3732,220484,54.80164751788424
1791454001,766077,28360,397968,94580,3700,220356,58.951018638925014
1791454006,767525,29020,398628,94580,3700,220484,62.87978863936592
1791454012,767277,27652,397828,94580,3700,222404,73.47639484978541
1791454018,767449,28580,398992,94580,3700,220484,56.81184295215619
1791454024,768453,29332,399268,94580,3676,220484,61.24401913875598
1791454030,768193,29392,398948,94580,3676,220484,61.81818181818181
1791454036,765569,28008,397584,94580,3676,220612,61.551798872995235
1791454042,765701,27884,397836,94580,3676,220612,56.592203241349104
1791454047,766201,28364,397984,94580,3676,220484,57.88113695090439
1791454053,766941,28100,398988,94580,3676,220484,57.29032258064516
1791454059,766989,28092,399148,94580,3700,220356,58.80817746846455
1791454065,767805,28812,399116,94580,3700,220484,52.29651783806879
1791454071,766321,28064,398384,94580,3700,220484,56.60215053763441
1791454077,770649,29716,401052,94580,3700,220484,58.37508168155085
1791454083,771805,30964,400932,94580,3720,220484,66.43109540636041
1791454088,774909,32596,401176,94580,3736,221688,76.01652533159383
1791454094,777097,31796,403872,94580,3736,221972,64.2169728783902
1791454100,770601,28296,401000,94580,3736,221844,60.884648742411095
1791454106,769273,27980,400400,94580,3736,221432,63.69536996971008
1791454112,768473,27888,400356,94580,3736,220768,59.54525954525954
1791454118,773805,28724,402104,94580,3712,223540,68.64165020847048
1791454124,770177,28396,400724,94580,3712,221620,69.28162185985015
1791454129,775533,28488,405988,94580,3712,221620,78.125
1791454135,769029,27280,400692,94580,3712,221620,57.70491803278689
1791454141,768925,27448,400436,94580,3808,221492,60.93919065137416
1791454147,770229,28240,400940,94580,3808,221492,60.543337645536866
1791454153,768785,27524,400216,94580,3808,221492,59.59252971137521
1791454159,768289,27128,400116,94580,3808,221492,56.6508824795523
1791454165,770177,28140,400988,94580,3808,221492,60.548885077186966
1791454171,771033,27656,400284,94580,3808,223540,57.42446968073709
1791454177,771101,27432,400480,94580,3780,223668,59.62199312714777
1791454182,768961,27352,400468,94580,3780,221620,58.699849817635695
1791454188,768993,27384,400468,94580,3780,221620,58.20991629104958
1791454194,770405,26968,400252,94580,3780,223668,56.26336041043181
1791454200,767945,27376,400868,94580,3748,220212,59.77011494252874
1791454206,767037,27024,400316,94580,3748,220212,60.23732470334412
1791454212,767201,27224,400280,94580,3748,220212,68.22107081174438
1791454218,767193,27208,400288,94580,3748,220212,54.2548596112311
1791454224,766961,27128,400132,94580,3748,220212,55.93803786574871
1791454230,767657,27448,400384,94580,3748,220340,56.40138408304498
1791454236,768901,28104,401020,94580,3712,220340,57.44125326370757
1791454241,768021,27668,400576,94580,3712,220340,58.30508474576271
1791454247,767481,27316,400388,94580,3712,220340,61.62988115449915
1791454253,769473,28160,401536,94580,3712,220340,80.25668449197862
1791454259,768549,28212,400512,94580,3752,220340,63.94409259663683
1791454265,767937,27712,400504,94580,3760,220212,64.64995678478824
1791454271,771241,27864,401608,94580,3760,222260,61.879394843383764
1791454277,768313,27700,400896,94580,3760,220212,62.518837459634014
1791454283,770505,28876,402036,94580,3760,220084,67.98283261802574
1791454289,768437,27724,400864,94580,3760,220340,57.37740332685245
1791454295,772169,28760,401512,94580,3760,222388,61.49881898217737
1791454301,769517,28184,401484,94580,3760,220340,54.75219909890582
1791454307,768093,27204,401044,94580,3760,220340,57.66391663048198
1791454312,767829,26936,401048,94580,3760,220340,62.51082251082251
1791454318,769725,27080,400880,94580,3760,222260,58.71878393051031
1791454324,768145,27524,400904,94580,3760,220212,56.613756613756614
1791454330,767889,27204,400840,94580,3760,220340,68.24978012313105
1791454336,770197,28372,401976,94580,3760,220340,57.45187107938568
1791454341,770177,27232,400984,94580,3824,222388,59.995601495491535
1791454347,768245,27316,401136,94580,3824,220212,59.34159897392048
1791454353,770197,27516,400844,94580,3824,222260,71.90435525192143
1791454359,768465,27672,400848,94580,3848,220340,65.69217540842648
1791454365,769113,27896,401276,94580,3848,220340,69.66292134831461
1791454371,773501,27404,406152,94580,3848,220340,85.05446623093682
1791454377,768345,27208,401360,94580,3820,220212,61.81897113088778
1791454382,769297,27712,401676,94580,3820,220340,56.78747587390092
1791454388,770769,27240,401572,94580,3820,222388,72.05022732193115
1791454394,769481,27728,401972,94580,3820,220212,70.03424657534246
1791454400,768501,27336,401420,94580,3788,220212,72.61645624727906
1791454406,769141,27708,401684,94580,3788,220212,68.684267010088
1791454412,768405,27372,401312,94580,3772,220212,63.0406852248394
1791454418,768121,27144,401384,94580,3676,220212,55.13676502261469
1791454424,768521,27388,401412,94580,3676,220340,59.65748970301322
1791454430,768709,27704,401284,94580,3676,220340,68.22510822510822
1791454436,768101,27216,401292,94580,3676,220212,65.87234042553192
1791454442,768221,27216,401284,94580,3676,220340,67.26673984632272
1791454447,770293,27124,401400,94580,3676,222388,57.42362743003632
1791454453,767993,27036,401236,94580,3676,220340,55.220017256255396
1791454459,768713,27372,401744,94580,3676,220212,55.67890691716482
1791454465,768145,27264,401284,94580,3676,220212,54.74045474045474
1791454471,770673,27500,401528,94580,3676,222260,56.994818652849744
1791454477,768513,27468,401448,94580,3676,220212,56.041131105398456
1791454483,768361,27372,401392,94580,3676,220212,60.216919739696316
1791454489,770429,27496,401164,94580,3676,222388,54.28387373845823
1791454495,769685,27968,401992,94580,3676,220340,85.52376855237685
1791454501,771885,28900,403260,94580,3676,220340,65.48167654158438
1791454506,768629,27528,401376,94580,3676,220340,72.94832826747721
1791454512,767817,27064,401160,94580,3676,220212,55.941655941655945
1791454518,768485,27348,401540,94580,3676,220212,60.95728697145311
1791454524,769937,27196,401096,94580,3676,222260,56.13430908308222
1791454530,767969,27364,401012,94580,3676,220212,58.41434435083171
1791454536,768077,27152,401204,94580,3676,220340,54.50971827910024
1791454542,768941,27584,401568,94580,3740,220340,57.92326035118145
1791454548,768869,27240,401832,94580,3740,220340,59.95717344753747
1791454553,769873,27960,402108,94580,3744,220340,62.02749140893471
1791454559,775957,28744,403276,94580,3764,224444,60.29889538661468
1791454565,769941,27768,402340,94580,3764,220340,59.12083244850287
1791454571,770193,28028,401928,94580,3764,220748,62.88816503800218
1791454577,770363,27740,402456,94564,3736,220728,42.28997587190173
1791454583,768345,27116,401900,94068,3736,220728,48.95496660202542
1791454589,768753,27528,402160,94068,3736,220460,56.073138876795824
1791454595,768116,27388,401784,94068,3736,220320,56.563914636775166
1791454600,768796,27336,402536,94068,3704,220328,57.98374698001317
1791454606,767932,27056,402084,94068,3704,220200,56.51328580686974
1791454612,794282,27696,425660,94164,3704,222120,67.286409915892
1791454618,768894,27616,402272,94164,3704,220200,69.25425207152203
1791454624,768916,27268,402216,94564,3704,220200,57.16745587602239
1791454630,769200,27472,402296,94564,3704,220200,55.35675792196594
1791454635,770000,27012,402596,94564,3704,221164,62.738301559792035
1791454641,768492,27484,402660,94564,3704,219116,64.00690101358637
1791454647,768184,27272,402692,94564,3704,218988,64.25005426524854
1791454653,769160,27692,403248,94564,3704,218988,61.910938175529616
1791454659,770480,28288,404076,94564,3728,218860,62.590850790936294
1791454665,768336,27560,402692,94564,3792,218732,55.631399317406135
1791454671,768352,27384,402748,94564,3792,218868,61.286851732300406
1791454677,771176,27616,403164,94564,3792,221044,59.35596170583116
1791454683,768792,27552,402892,94564,3792,218996,58.41051044583243
1791454688,769140,27580,403084,94564,3792,219124,60.59050064184852
1791454694,768792,27156,403160,94564,3792,219124,59.41368078175896
1791454700,768660,27176,403136,94564,3792,218996,57.42616943306748
1791454706,768924,27472,403104,94564,3792,218996,58.70925965896827
1791454712,770108,28016,403744,94564,3792,218996,56.089811480618515
1791454718,769408,27728,403228,94564,3768,219124,56.15532323447835
1791454724,768216,27228,402668,94564,3768,218996,57.18021355415123
1791454730,770804,28436,404040,94568,3768,218996,59.85338507977577
1791454736,771504,28352,404696,94568,3768,219124,74.00729770336983
1791454742,771097,28556,404020,94568,3832,219124,70.21184608733246
1791454747,769353,27580,403532,94568,3632,219124,61.47223417993973
1791454753,768133,27216,402872,94568,3584,218996,63.55545908400261
1791454759,768977,27672,403252,94568,3588,218996,67.13525026624069
1791454765,767797,27104,402640,94568,3588,218996,58.12188245499892
1791454771,769365,27880,403432,94568,3588,218996,57.93823401478904
1791454777,769853,27300,402620,94568,3560,220916,58.494250379691906
1791454783,769053,27672,403364,94568,3560,218996,58.37422658416897
1791454789,768557,27496,403044,94568,3560,218996,58.66782382295509
1791454794,768617,27336,403264,94568,3560,218996,57.999118554429266
1791454800,768621,27204,403536,94568,3544,218868,60.553633217993074
1791454806,770077,28176,404020,94568,3544,218868,58.88108912997234
1791454812,769725,28040,403804,94568,3544,218868,63.4619530071136
1791454818,769249,27832,403536,94568,3544,218868,58.843537414965986
1791454824,769201,27772,403548,94568,3544,218868,58.813263525305416
1791454830,767833,27196,402888,94568,3544,218740,57.87087022241416
1791454836,769325,27800,403280,94564,3716,218996,60.37407568508048
1791454841,769573,27732,403568,94564,3720,218996,58.27117156647652
1791454847,769101,27280,403676,94564,3720,218868,57.6278563656148
1791454853,769317,27424,403620,94564,3720,218996,54.14316702819957
1791454859,768369,27248,402852,94564,3720,218996,71.62340519137703
1791454865,769705,27556,404004,94564,3720,218868,55.35561268209083
1791454871,772225,27860,403916,94564,3720,221172,57.86432698480633
1791454877,769737,27588,403752,94564,3720,219124,53.677419354838705
1791454883,769305,27280,403628,94564,3720,219124,56.274424663482414
1791454888,769593,27344,403848,94564,3720,219124,57.84399649430324
1791454894,769053,27076,403704,94564,3720,218996,59.21450151057401
1791454900,769817,27616,403924,94564,3720,218996,56.61905777019825
1791454906,769201,27308,403620,94564,3720,218996,57.97598627787307
1791454912,769189,27236,403680,94564,3720,218996,62.46764452113891
1791454918,769193,27364,403684,94564,3720,218868,56.35241540753352
1791454924,768993,27200,403520,94564,3720,218996,55.607675906183374
1791454930,769149,27224,403652,94564,3720,218996,57.26495726495726
1791454936,769121,27428,403420,94564,3720,218996,51.99053152571551
1791454942,768221,27388,403640,94564,3784,217848,53.09355598372939
1791454948,768045,27144,403700,94564,3784,217848,54.95124593716143
1791454953,770045,26928,404000,94564,3784,219768,55.04745470232959
1791454959,768033,26976,403836,94564,3808,217848,52.886885597767765
1791454965,768033,26948,403992,94564,3808,217720,55.97920277296361
1791454971,768237,27120,404024,94564,3808,217720,55.893699099871405
1791454977,768249,27284,403908,94564,3780,217720,69.98046451052747
1791454983,768461,27160,404116,94564,3780,217848,52.20397579948142
1791454989,770977,28488,405300,94564,3780,217848,57.035647279549714
1791454995,770377,27236,404084,94564,3748,219768,56.03448275862068
1791455001,768213,27260,403976,94564,3716,217720,57.216716932356746
1791455007,768433,27356,403968,94564,3716,217848,52.56602963281082
1791455013,768477,27424,403948,94564,3716,217848,54.02373247033441
1791455018,770673,27448,404012,94564,3752,219896,53.333333333333336
1791455024,768617,27448,403992,94564,3756,217848,53.636938646426316
1791455030,768917,27576,404268,94564,3780,217720,52.649572649572654
1791455036,768805,27480,404252,94564,3780,217720,54.23728813559322
1791455042,771761,28412,406272,94564,3780,217720,57.58354755784062
1791455048,770293,28040,405268,94564,3780,217592,56.1525129982669
1791455054,770257,28332,405448,94564,3780,217080,56.333190210390725
1791455060,769865,28132,405128,94564,3780,217208,57.45762711864407
1791455066,770129,28376,405020,94564,3780,217336,59.39995683142673
1791455072,769989,28224,405036,94564,3780,217336,60.66350710900474
1791455078,770361,28408,405220,94564,3780,217336,53.86620330147698
1791455083,770097,28308,405060,94564,3780,217336,58.64332603938731
1791455089,772445,28236,405604,94564,3740,219256,57.911595131326074
1791455095,770673,29128,405032,94564,3748,217208,58.81845623113411
1791455101,772133,28228,405344,94564,3748,219256,69.72397304933709
1791455107,770068,28328,405228,94564,3748,217208,53.677419354838705
1791455113,772286,28320,405400,94564,3748,219256,55.69191705459162
1791455119,771266,29004,405744,94564,3748,217208,58.24742268041238
1791455125,770122,28700,404908,94564,3748,217208,55.72729197543934
1791455131,773342,28416,408280,94564,3748,217336,56.98154180238871
1791455136,775694,29028,407972,94564,3748,219388,56.23226369788256
1791455142,775866,29112,408884,94564,3808,218500,65.01950585175553
1791455148,776898,30524,408488,94564,3808,218504,74.72908539228436
1791455154,776918,30324,408708,94564,3808,218504,61.87459034301944
1791455160,777726,30612,409100,94564,3808,218632,60.41349292709467
1791455166,783218,32116,411168,94564,3808,220552,77.45813653928725
1791455172,776126,29696,408544,94564,3808,218504,74.45442875481386
1791455177,776070,29444,408528,94564,3780,218760,71.8148388492321
1791455183,775194,28972,408376,94564,3780,218504,58.099586866710155
1791455189,775938,29108,408980,94564,3780,218504,75.76980250583988
1791455195,774806,28144,408684,94564,3780,218632,61.93001060445387
1791455201,775518,29280,409444,94564,3748,217480,75.13043478260869
1791455207,774546,28064,409664,94564,3764,217480,60.79447322970639
1791455213,775234,27440,408928,94564,3764,219528,58.222413052812364
1791455219,779254,27696,414612,94564,3764,217608,78.84904444921624
1791455225,774602,28076,409580,94564,3764,217608,62.045060658578855
1791455230,776554,27884,409672,94564,3764,219660,61.51187904967602
1791455236,774218,27744,409656,94564,3764,217480,64.32596445600348
1791455242,774106,27572,409716,94564,3764,217480,62.775283301261496
1791455248,773738,27504,409416,94564,3764,217480,61.21829611966183
1791455254,777550,27712,411560,94564,3764,218940,63.83701188455009
1791455260,779354,27772,411256,94564,3764,220988,65.07424144609425
1791455266,779074,28488,412308,94564,3764,218940,65.43897216274091
1791455272,778230,28116,411836,94564,3764,218940,64.78082487583676
1791455278,779610,28392,412988,94564,3732,218940,66.02025425554837
1791455284,776818,27656,410808,94564,3732,219068,64.94845360824742
1791455289,779226,29212,411784,94564,3732,218940,69.5124593716143
1791455295,780002,29136,412508,94564,3732,219068,73.92795883361921
1791455301,776926,28020,410676,94564,3732,218940,65.94547814798788
1791455307,780170,29656,412280,94564,3732,218940,62.88816503800218
1791455313,778170,28724,411212,94564,3732,218940,64.13867822318527
1791455319,777894,28848,410816,94564,3732,218940,61.72677595628415
1791455325,777886,28932,410592,94564,3732,219068,60.46210321744764
1791455330,782194,29628,414184,94564,3756,219068,63.624733475479744
1791455336,779478,29756,411336,94564,3756,219068,65.0042992261393
1791455342,782730,29848,412388,94564,3820,221116,76.15765668748654
1791455348,780874,29644,412904,94564,3820,218940,61.403892411983385
1791455354,777858,28508,411152,94564,3820,218812,59.464131374243735
1791455360,783846,30528,412944,94564,3820,220988,58.83103081827843
1791455366,781206,29364,413488,94564,3844,218940,62.444017914267434
1791455372,781306,29764,413164,94564,3852,218940,63.494772775762755
1791455378,779654,29292,412144,94564,3824,218812,63.52485474499677
1791455384,780626,29412,412704,94564,3860,219068,66.45035691109669
1791455390,781482,30024,413068,94564,3848,218940,66.30785791173305
1791455395,779610,29180,411912,94564,3848,219068,62.29007633587786
1791455401,780742,29404,412824,94564,3840,219068,65.97582037996546
1791455407,780382,28992,413004,94564,3840,218940,62.382176520994
1791455413,780074,29272,412548,94564,3840,218812,60.66104990278678
1791455419,779966,28740,412972,94564,3840,218812,66.12971598134803
1791455425,778050,27560,412108,94564,3840,218940,60.66838046272493
1791455431,779126,27796,412944,94564,3840,218940,61.41968689684752
1791455437,777326,27208,411736,94564,3840,218940,56.79862306368331
1791455443,777642,27512,411744,94564,3840,218940,57.16768027801912
1791455449,779126,27692,412920,94564,3840,219068,58.59204197638827
1791455454,779326,28088,412724,94564,3840,219068,59.83909545553381
1791455460,783350,27376,417484,94564,3816,219068,72.96137339055794
1791455466,782662,27212,412984,94564,3816,223044,55.261459005810195
1791455472,778178,27580,412236,94564,3816,218940,56.07073538926029
1791455478,778354,27792,412200,94564,3816,218940,56.50874946649594
1791455484,778790,27784,412644,94564,3816,218940,57.03175631885936
1791455490,780966,28036,412648,94564,3816,220860,58.32628909551987
1791455496,779498,28532,412724,94564,3820,218812,60.47813913418049
1791455502,778322,28064,412008,94564,3828,218812,58.755115227223776
1791455508,780222,28360,413484,94564,3828,218940,62.13760276936391
1791455513,778618,27852,412260,94564,3828,219068,61.32282084975908
1791455519,778034,27292,412236,94564,3828,219068,59.48984003458712
1791455525,777942,27532,412304,94564,3644,218940,58.599827139152985
1791455531,780094,28968,412996,94564,3660,218940,62.28462029355456
1791455537,779130,28488,412512,94564,3660,218940,61.64296327743579
1791455543,777626,27504,411932,94564,3720,218940,57.53542292829541
1791455549,778514,28060,412256,94564,3720,218940,59.28479103834554
1791455555,779666,27472,411928,94564,3736,220988,56.12547689699024
1791455561,779686,28532,413028,94564,3768,218812,57.508532423208194
1791455567,778154,27652,412232,94552,3768,218940,55.9685177087888
1791455572,780346,27860,412168,94552,3768,220988,56.03112840466926
1791455578,779934,27508,412136,94556,3740,220988,53.632248329381326
1791455584,779046,27104,413700,94552,3740,218940,70.15437392795883
1791455590,778638,27708,412688,94552,3740,218940,54.891774891774894
1791455596,778586,27732,412612,94552,3740,218940,54.78279477851488
1791455602,778510,27532,412640,94552,3708,219068,58.58716785482826
1791455608,779166,28016,412940,94552,3708,218940,55.825974585397375
1791455614,777870,27368,412424,94552,3708,218812,58.64052844662263
1791455620,777898,27164,412400,94552,3708,219068,56.05762933857237
1791455625,779090,27884,412868,94552,3708,219068,58.49015790612157
1791455631,780546,27388,412772,94552,3708,221116,56.563914636775166
1791455637,777886,27112,412436,94552,3708,219068,58.544984933275934
1791455643,778450,27700,412524,94552,3724,218940,54.68310620808998
1791455649,778138,27392,412516,94552,3724,218940,58.300991806813286
1791455655,778086,27392,412460,94556,3724,218940,58.06171229900043
1791455661,778998,27928,412832,94556,3724,218940,54.3317370483239
1791455667,778170,27268,412536,94556,3724,219068,51.701852649719946
1791455672,780858,28764,413728,94556,3724,219068,56.774193548387096
1791455678,778730,27704,412664,94556,3724,219068,56.66307857911733
1791455684,779174,27600,412676,94556,3724,219604,60.02162162162163
1791455690,778502,27092,412640,94556,3724,219476,51.97691814490276
1791455696,778110,26748,412592,94556,3724,219476,53.90742734122712
1791455702,783286,27144,417580,94556,3784,219208,68.44827586206897
1791455708,778586,27528,412852,94552,3796,218812,55.13784461152882
1791455714,777562,26828,412532,94552,3796,218812,52.10335255178305
1791455720,777678,27052,412424,94552,3796,218812,53.057708871662356
1791455726,777586,26960,412424,94552,3796,218812,51.53061224489795
1791455732,779734,27060,412420,94552,3796,220860,52.83993115318416
1791455738,777746,27112,412304,94552,3796,218940,51.877729257641924
1791455743,777958,27148,412416,94552,3856,218940,53.298497713912475
1791455749,778482,27360,412720,94552,3856,218940,52.76632675200694
1791455755,778162,27228,412408,94552,3856,219068,55.35448158398978
1791455761,777898,27084,412440,94552,3832,218940,53.162393162393165
1791455767,777890,27076,412440,94552,3832,218940,53.855986365573074
1791455773,780142,27272,412448,94552,3832,220988,50.69817400644469
1791455779,777938,27256,412344,94552,3804,218940,53.07083244168628
1791455785,778074,27312,412420,94552,3804,218940,51.8882014081502
1791455791,778558,27736,412336,94552,3816,219068,52.3090202848511
1791455797,780190,27280,412368,94552,3820,221116,50.39370078740157
1791455803,778266,27380,412420,94556,3788,219068,50.399137001078756
1791455808,777834,26960,412408,94556,3788,219068,49.39785417122838
1791455814,777646,26840,412468,94556,3788,218940,49.46843133000651
1791455820,778030,27048,412516,94556,3788,219068,49.326964828484584
1791455826,779606,27292,413976,94556,3788,218940,67.34473057779702
1791455832,778146,27192,412488,94556,3788,219068,51.8759488180438
1791455838,778282,27448,412368,94556,3788,219068,51.97255574614065
1791455843,778206,27196,412416,94556,3788,219196,50.3448275862069
1791455849,778078,27092,412388,94556,3788,219196,53.87263339070568
1791455855,778514,27272,412648,94556,3788,219196,52.03532199009261
1791455861,778106,26912,412600,94556,3788,219196,53.35620844949604
1791455867,778770,27504,412796,94556,3788,219068,52.09542230818827
1791455873,778198,27128,412604,94556,3788,219068,53.71988914943508
1791455879,778262,27168,412628,94556,3788,219068,51.10396570203645
1791455885,777746,27408,412516,94556,3436,218940,52.15168299957392
1791455891,777974,27372,412684,94556,3508,218940,50.236559139784944
1791455897,778210,27320,412948,94556,3512,218940,48.765829577162485
1791455903,779114,27712,413328,94556,3516,219068,49.26839921380214
1791455908,779618,27828,413588,94556,3516,219196,51.04548394050442
1791455914,778754,27300,413252,94556,3516,219196,48.16573154941735
1791455920,777998,26960,412840,94552,3516,219196,50.301464254952634
1791455926,778110,27224,412816,94552,3516,219068,50.79906243341147
1791455932,778506,27324,413108,94552,3516,219068,52.70988310308182
1791455938,779974,28088,413812,94552,3516,219068,52.323580034423415
1791455944,786790,27644,420884,94552,3576,219196,71.48420597144094
1791455950,781274,27296,413796,94552,3484,221244,54.553227875160324
1791455956,781774,27408,414308,94552,3484,221116,56.912295604162246
1791455962,780998,28248,414740,94552,3484,219068,56.92307692307692
1791455968,779202,27212,413832,94552,3500,219196,57.4509381065344
1791455974,779790,27496,414132,94552,3500,219196,54.70525187566988
1791455979,779630,27436,414068,94552,3472,219196,53.88961321164712
1791455985,779450,27360,413964,94552,3472,219196,53.669127225358224
1791455991,779582,27416,414296,94552,3472,218940,54.52590840679423
1791455997,779650,27480,414172,94552,3472,219068,52.109932914953475
1791456003,779854,27672,414192,94552,3464,219068,52.81886387995712
1791456009,779218,27328,413900,94552,3464,219068,50.68344543284877
1791456015,779242,27316,413816,94552,3588,219068,54.66377440347071
1791456020,779786,27552,414004,94552,3624,219068,52.4704853519895
1791456026,780066,27764,413924,94556,3636,219196,54.29943256219991
1791456032,779274,27096,413928,94552,3636,219068,51.43708750266127
1791456038,779706,27456,414004,94552,3636,219068,55.172413793103445
1791456044,780322,27704,414368,94552,3636,219068,53.586862575626625
1791456050,782526,27640,414588,94552,3636,221116,54.65622280243691
1791456056,780214,27912,414180,94552,3636,218940,53.93258426966292
1791456061,780498,27800,414344,94552,3612,219196,56.84117905851298
1791456067,781650,27548,415748,94552,3612,219196,71.94676969306718
1791456073,779242,26980,413864,94552,3660,219196,56.572520705032915
1791456079,779002,26888,413836,94552,3660,219068,51.92594168972122
1791456085,779062,26968,413816,94552,3660,219068,53.97507520412549
1791456091,779622,27420,414048,94552,3660,218940,55.08309950356141
1791456097,779358,27216,413848,94552,3660,219068,54.553227875160324
1791456103,779554,27356,413904,94552,3660,219068,53.67631296891747
1791456109,782066,28304,415324,94564,3660,219196,55.202437962559856
1791456115,780146,27532,414176,94564,3660,219196,53.127014829142496
1791456121,781494,28744,414440,94564,3660,219068,56.16468039003251
1791456126,780042,27544,414064,94564,3660,219196,52.56219434403572
1791456132,783026,28448,414520,94564,3660,220816,56.05864596808969
1791456138,781390,27160,414300,94564,3660,220688,52.48677248677248
1791456144,781510,27280,414364,94564,3724,220560,54.8885077186964
1791456150,780198,27144,413988,94564,3724,219752,55.92334494773519
1791456156,779906,27484,414292,94564,3724,218816,54.678740836567485
1791456162,781134,27436,415444,94564,3724,218944,57.98116925771841
1791456168,783470,27548,415480,94564,3736,221120,57.24565260843494
1791456174,782214,27860,415948,94564,3736,219072,55.61497326203209
1791456180,783390,27256,415716,94564,3712,221120,57.27965179542982
1791456186,788050,27608,422200,94564,3712,218944,73.47639484978541
1791456192,781598,27480,415620,94564,3712,219200,58.30597504924491
1791456198,784930,29436,416992,94564,3712,219200,57.42702702702702
1791456203,782642,28564,415608,94564,3680,219200,59.11072362685266
1791456209,783422,28660,416420,94564,3680,219072,59.30488341399032
1791456215,785642,29220,416160,94564,3680,220992,58.82352941176471
1791456221,782426,28720,415492,94564,3680,218944,56.982030742584975
1791456227,783026,29104,415564,94564,3696,219072,58.16922743994807
1791456233,783642,29628,415752,94564,3712,218944,59.76613252490256
1791456238,783266,29172,415704,94564,3712,219072,58.92008639308855
1791456244,783106,28828,415760,94564,3712,219200,55.87411079974133
1791456250,786410,29632,416212,94564,3712,221248,57.41056218057922
1791456256,783506,28832,416284,94564,3712,219072,57.15515386270712
1791456262,782618,28420,415808,94564,3712,219072,55.846120596498814
1791456268,784974,28788,415748,94564,3712,221120,55.47826086956522
1791456274,786998,30104,418632,94564,3712,218944,62.16908625106746
1791456280,785426,29660,417632,94564,3712,218816,58.20379965457686
1791456286,784398,29068,416940,94564,3712,219072,57.579062159214836
1791456291,785130,29388,417352,94564,3712,219072,61.00818612666954
1791456297,785698,29024,416708,94564,3480,220992,62.75182168881269
1791456303,786330,29224,417116,94564,3504,220992,59.214760780948296
1791456309,785918,29072,418904,94564,3504,218944,76.57600674678473
1791456316,786250,30608,417448,94564,3584,219072,64.58042654973092
1791456322,784470,29064,417212,94564,3584,219072,64.53000645300064
1791456328,787354,30068,419096,94564,3584,219072,60.800685078141726
1791456333,784902,28876,417580,94564,3584,219328,64.7148124051182
1791456339,784206,28304,417512,94564,3640,219200,62.8632938643703
1791456345,784198,28288,417564,94564,3708,219072,65.98114824335904
1791456351,785658,29292,417912,94564,3776,219072,60.077686663789386
1791456357,786302,29348,418500,94564,3776,219072,61.65904637491836
1791456363,785710,29136,418144,94564,3752,219072,59.5069667738478
1791456369,784966,28932,417604,94564,3752,219072,58.41820151679307
1791456375,784714,28552,417604,94564,3752,219200,55.86975149957155
1791456381,785698,29272,417904,94564,3724,219200,57.681349989042296
1791456386,786330,28392,417372,94564,3724,221248,54.4020464719676
1791456392,784246,28280,417396,94564,3772,219200,52.636165577342055
1791456398,784946,28768,417712,94564,3772,219072,52.92490959370346
1791456404,784706,28560,417584,94564,3740,219200,54.56907752273712
1791456410,784822,28672,417716,94564,3740,219072,53.92284351972258
1791456416,792462,30808,421984,94564,3740,220308,63.012516184721626
1791456422,791302,30224,421280,94564,3740,220436,64.75694444444444
1791456428,795254,29000,426584,94564,3740,220308,80.31496062992126
1791456434,802510,29124,430332,94564,3744,223688,74.65963987703118
1791456439,791850,29748,421012,94564,3836,221628,98.70472008781559
1791456445,791026,28220,421712,94564,3836,221628,59.32891643513572
1791456451,788742,27184,420492,94564,3836,221600,55.61038403776014
1791456457,789114,27784,420804,94564,3836,221060,57.67599660729432
1791456463,791150,28356,422392,94564,3836,220932,64.04131697869593
1791456469,789046,27916,420728,94564,3836,220932,57.687310524036384
1791456475,789286,28120,420888,94564,3808,220844,58.435681965093735
1791456481,788102,27716,420644,94564,3808,220308,58.13207950416756
1791456487,788810,27852,421088,94564,3808,220436,58.15998284366288
1791456493,790006,28668,421468,94564,3808,220436,58.630496609057104
1791456498,786754,27444,420068,94564,3456,220308,57.98355690177412
1791456504,786418,27020,420024,94564,3456,220436,57.167530224525045
1791456510,788950,28816,420712,94564,3488,220436,61.7363344051447
1791456516,787598,28132,420172,94564,3488,220308,58.42309349418354
1791456522,788038,28688,419984,94564,3536,220308,58.23223570190641
1791456528,788190,28720,420104,94564,3536,220308,62.22222222222222
1791456534,788738,28964,420408,94564,3536,220308,58.13803483121909
1791456540,789134,29744,419972,94564,3580,220308,58.536585365853654
1791456546,789602,29468,420528,94564,3640,220436,57.90045642251685
1791456551,789222,29444,420144,94564,3644,220436,59.30408472012103
1791456557,817454,29584,448236,94564,3644,220436,76.19047619047619
1791456563,789966,28920,421540,94564,3644,220308,61.9067977768277
1791456569,788770,28768,420484,94564,3656,220308,60.79447322970639
1791456575,789318,29256,420532,94564,3660,220308,57.83340526542944
1791456581,789734,29408,420832,94564,3632,220308,58.402911582102334
1791456587,792018,30536,421860,94564,3632,220436,57.19222462203024
1791456593,790054,29412,421020,94564,3632,220436,58.34599522465813
1791456599,790778,29776,421380,94564,3632,220436,57.938718662952645
1791456604,789814,29336,420864,94564,3624,220436,61.103979460847235
1791456610,792538,30688,422236,94564,3624,220436,61.41935483870967
1791456616,790182,29380,421172,94564,3640,220436,58.703071672354945
1791456622,789178,28576,420940,94564,3656,220436,56.774193548387096
1791456628,789742,29032,421176,94564,3656,220308,56.72287073065283
1791456634,788458,27740,421184,94564,3656,220308,53.84281372123317
1791456640,789850,27280,420992,94564,3656,222356,54.29003674086882
1791456646,801034,28184,431980,94564,3660,221640,67.4929332463579
1791456652,793774,30360,422560,94564,3760,221512,80.07085916740479
1791456657,790318,27724,422132,94564,3760,221116,64.45664105378704
1791456663,789254,27272,421676,94564,3736,220988,69.26256254078747
1791456669,788286,27264,421652,94564,3736,220052,62.1036518696698
1791456675,788866,27772,421596,94564,3736,220180,58.24485373781149
1791456681,788370,27156,421588,94564,3736,220308,51.44086021505376
1791456687,790406,27172,421596,94564,3708,222356,55.81395348837209
1791456693,788322,27152,421576,94564,3708,220308,51.15177610333692
1791456698,788490,27132,421768,94564,3708,220308,53.44753747323341
1791456704,788346,27172,421712,94564,3708,220180,53.437432227282585
1791456710,792118,26848,421760,94564,3660,224284,53.53925353925354
1791456716,788518,27332,421780,94564,3660,220180,49.85061886470337
1791456722,788706,27268,422032,94564,3660,220180,54.50662110209312
1791456728,788434,27324,421832,94564,3660,220052,52.8641922334263
1791456734,788350,27160,421784,94564,3660,220180,52.23848001747107
1791456740,787978,27196,421740,94564,3408,220180,54.6324488908221
1791456746,788246,27244,421760,94564,3472,220308,54.33701059917803
1791456751,788414,27384,421780,94564,3472,220308,52.237837837837844
1791456757,787882,26848,421788,94564,3472,220308,54.58534444931987
1791456763,787974,26908,421820,94564,3472,220308,52.34124438742784
1791456769,794786,27580,427956,94564,3472,220308,71.53347732181426
1791456775,788714,27612,421856,94564,3472,220308,53.275862068965516
1791456781,788426,27484,421740,94564,3444,220308,55.74550962995023
1791456787,788262,27300,421760,94564,3444,220308,53.57766143106457
1791456792,789190,27716,422132,94564,3444,220436,53.78006872852234
1791456798,788098,27136,421752,94564,3444,220308,53.024453024453024
1791456804,788006,26960,421740,94564,3412,220436,53.84447832716184
1791456810,788702,27264,421924,94564,3636,220308,55.33938607868569
1791456816,789262,27528,422216,94564,3636,220308,54.08450704225351
1791456822,789210,27348,422344,94564,3636,220308,53.276776246023324
1791456828,788986,27396,422072,94564,3636,220308,54.08643560119811
1791456834,788926,27544,421868,94564,3636,220308,53.03773182690258
1791456840,788530,27156,421860,94564,3636,220308,53.42584562012143
1791456846,790854,27304,421860,94564,3636,222484,52.21887117621715
1791456851,789490,27616,422228,94564,3636,220436,56.843940714908456
1791456857,788790,27224,421924,94564,3636,220436,54.000431313349154
1791456863,789418,27372,422528,94564,3636,220308,52.82856528285653
1791456869,790562,27020,421980,94564,3636,222356,54.7850507669043
1791456875,789338,27508,422312,94564,3636,220308,55.55555555555556
1791456881,788434,27328,421916,94564,3416,220308,51.97934595524957
1791456887,788298,27188,421920,94564,3416,220308,53.51747949935262
1791456893,789390,27168,423032,94564,3416,220308,70.83153813011633
1791456899,790594,27584,421796,94564,3400,222356,55.072463768115945
1791456904,789370,27812,422364,94564,3424,220308,56.50493774151997
1791456910,788430,27448,421792,94564,3424,220308,55.260361317747076
1791456916,789258,27936,422088,94564,3456,220308,56.52549697493517
1791456922,789234,27808,422112,94564,3504,220308,55.74973031283711
1791456928,788790,27672,421776,94564,3624,220180,55.53406404470235
1791456934,791050,28752,421996,94564,3628,221104,56.59492861708928
1791456940,789262,27532,421684,94564,3628,220848,56.1525129982669
1791456946,789598,27652,421832,94564,3696,220848,56.11015490533563
1791456952,789022,27252,421652,94564,3696,220848,51.228978007761974
1791456958,788486,27236,421672,94564,3696,220308,53.97096498719044
1791456964,788942,27672,421716,94564,3672,220308,54.778156996587036
1791456970,788914,27292,422056,94564,3684,220308,52.42801890846584
1791456975,789166,27520,422068,94564,3688,220308,54.077253218884124
1791456981,789826,27824,422368,94564,3724,220308,57.24227925184863
1791456987,788746,26984,422132,94564,3724,220308,52.212001752080596
1791456993,791146,27420,422044,94564,3724,222356,52.13249621130115
1791456999,789814,27664,422516,94564,3724,220308,52.346104175634956
1791457005,788518,27324,422620,94564,3692,219284,55.00644606789859
1791457011,796622,27232,428640,94564,3692,221460,69.31160197297876
1791457017,788746,27232,422812,94564,3692,219412,54.672010124446324
1791457023,788726,27228,422788,94564,3692,219412,51.31690739167375
1791457029,788894,27484,422700,94564,3692,219412,53.40268747290854
1791457034,788318,27032,422704,94564,3692,219284,52.62700825010855
1791457040,787950,27052,422692,94564,3436,219284,53.15846994535519
1791457046,790406,27472,422680,94564,3436,221332,50.17006802721088
1791457052,790438,27592,422596,94564,3436,221332,54.85322476965931
1791457058,789626,27548,423876,94564,3436,219284,54.67128027681662
1791457064,788994,27208,423452,94564,3436,219412,52.17391304347826
1791457070,789918,27804,423904,94564,3436,219284,53.65747775124811
1791457076,788922,27172,423416,94564,3436,219412,53.482373172828886
1791457081,789074,27312,423428,94564,3436,219412,56.27705627705628
1791457087,790814,26996,423436,94564,3436,221460,54.21402530559726
1791457093,788750,27116,423428,94564,3436,219284,51.72488609242786
1791457099,788786,27148,423432,94564,3436,219284,56.88506981740065
1791457105,789358,27396,423756,94564,3436,219284,54.35390238658353
1791457111,790474,28056,424208,94564,3436,219284,55.55555555555556
1791457117,793154,28224,424512,94564,3468,221460,56.109780004356345
1791457123,789934,27472,424092,94564,3468,219412,54.891994917407885
1791457129,789398,27264,423768,94564,3468,219412,54.50206118463875
1791457134,790546,27300,424876,94564,3468,219412,69.55009780482504
1791457140,794946,26820,423736,94564,3468,225436,54.51800733232693
1791457146,789302,27184,423784,94564,3544,219284,55.44217687074829
1791457152,789254,27128,423776,94564,3548,219284,52.28534814181973
1791457158,789610,27452,423680,94564,3548,219412,54.19354838709678
1791457164,789154,27136,423668,94564,3548,219284,51.46096816397733
1791457170,791578,28500,424596,94564,3548,219412,54.80873135941214
1791457176,789578,27516,423596,94564,3548,219396,50.9987250318742
1791457182,789202,27180,423596,94564,3520,219396,52.36363636363637
1791457188,789246,27160,423652,94564,3520,219404,54.037928830172596
1791457193,789270,27308,423528,94564,3520,219404,53.90557939914164
1791457199,789214,27236,423544,94564,3520,219404,51.74555579353181
1791457205,789834,27360,424044,94564,3512,219404,54.009890346162116
1791457211,791050,26896,423796,94564,3512,221328,54.85122897800776
1791457217,790170,27528,424332,94564,3512,219276,54.11460577337355
1791457223,789422,27352,423764,94564,3512,219276,54.666954084932094
1791457229,789874,27468,424096,94564,3512,219276,56.68885548636461
1791457235,789522,27396,423816,94564,3512,219276,55.865921787709496
1791457241,789790,27552,423804,94564,3512,219404,56.113256113256114
1791457247,790778,28076,424264,94564,3512,219404,56.03781693167168
1791457253,796526,28224,429848,94564,3528,219404,71.78153446033811
1791457258,792854,28012,424308,94564,3544,221452,57.453754080522316
1791457264,791262,27528,424008,94564,3556,220636,58.15972222222222
1791457270,791526,27408,424284,94564,3532,220764,54.57258580260073
1791457276,791050,27300,423920,94564,3532,220764,54.172956653008406
1791457282,789562,27348,423992,94564,3536,219148,50.75838496047853
1791457288,789974,27900,423848,94564,3536,219156,52.9664660361135
1791457294,789974,27576,424072,94564,3600,219156,54.8619957537155
1791457300,789902,27668,423912,94564,3600,219156,54.019292604501615
1791457306,789758,27560,423876,94564,3600,219156,54.033453313571876
1791457312,791610,27236,423876,94564,3600,221332,53.22033898305085
1791457318,789578,27180,423948,94564,3600,219284,51.53532316942238
1791457324,789866,27456,423960,94564,3600,219284,54.33376455368693
1791457329,789710,27300,423960,94564,3600,219284,52.642934196332256
1791457335,789666,27368,423848,94564,3600,219284,55.5144659560583
1791457341,789650,27556,423772,94564,3600,219156,55.16648764769065
1791457347,789734,27500,423844,94564,3664,219156,53.671328671328666
1791457353,790926,28204,424324,94564,3664,219156,53.671328671328666
1791457359,790094,27840,423856,94564,3664,219156,56.69969840585954
1791457365,791102,28604,424104,94564,3664,219156,55.73770491803278
1791457370,791142,28444,424172,94564,3664,219284,56.908816555292084
1791457376,793686,27892,425220,94564,3664,221332,72.19343696027633
1791457382,789674,27376,423940,94564,3636,219156,51.288715616200996
1791457388,790206,27904,423944,94564,3636,219156,54.35897435897436
1791457394,790374,28056,423960,94564,3636,219156,59.827586206896555
1791457400,790294,27848,423912,94564,3668,219284,53.16129032258065
1791457406,790306,27968,423836,94564,3636,219284,55.77379667601986
1791457412,792594,28088,423828,94564,3636,221460,56.806795905031585
1791457417,790378,27976,423896,94564,3636,219284,55.275938189845476
1791457423,792374,28044,423908,94564,3636,221204,54.636700850970975
1791457429,792346,28012,423912,94564,3636,221204,54.3855886768175
1791457435,790854,28584,423896,94564,3636,219156,53.8163001293661
1791457441,790330,28200,423884,94564,3636,219028,52.749140893470795
1791457447,790894,28624,423896,94564,3636,219156,53.141527395811295
1791457453,793406,30204,424824,94564,3636,219156,64.5909383723427
1791457459,795150,30908,425192,94568,3636,219820,68.61598440545808
1791457465,791950,28324,424704,94564,3636,219692,71.95013357079252
1791457470,796342,30388,426028,94564,3728,220604,119.18971901546504
1791457476,792438,27272,425236,94564,3728,220604,58.51547284137632
1791457482,792150,27124,425256,94564,3728,220448,57.391304347826086
1791457488,794958,27908,425604,94564,3856,221960,57.24137931034483
1791457494,791998,27160,425440,94564,3856,219912,55.75860603484914
1791457500,791990,27188,425404,94564,3856,219912,54.74956822107081
1791457506,791762,27284,425440,94564,3828,219552,55.00644606789859
1791457512,792562,27996,425772,94564,3852,219284,53.813196229648675
1791457518,791510,27192,425400,94564,3852,219412,53.04628632938644
1791457523,791654,27160,425576,94564,3852,219412,55.975662755323775
1791457529,793546,28080,426576,94564,3820,219412,55.244299674267104
1791457535,791154,27072,425448,94564,3820,219156,56.78315606685479
1791457541,791830,27412,425656,94564,3820,219284,52.846588439808784
1791457547,791794,27676,425520,94564,3728,219284,54.01709401709402
1791457553,791458,27472,425384,94564,3728,219284,55.57212870232261
1791457559,793210,27184,425376,94564,3728,221332,59.380378657487086
1791457565,791146,27148,425420,94564,3712,219284,54.68310620808998
1791457570,791034,27196,425380,94564,3536,219412,57.25439167208849
1791457576,791242,27340,425444,94564,3536,219412,56.932089390323284
1791457582,790602,26868,425440,94564,3508,219284,56.982030742584975
1791457588,815178,27576,449304,94564,3508,219284,69.80100590422043
1791457594,791674,27176,426280,94564,3452,219284,58.67008766303186
1791457600,790794,27360,425220,94564,3452,219284,53.859348198970835
1791457606,790474,27104,425188,94564,3420,219284,55.24384980578334
1791457612,791414,27580,425520,94564,3420,219412,53.46020761245674
1791457617,790826,27348,425168,94564,3420,219412,53.03390196501836
1791457623,790542,27060,425172,94564,3420,219412,54.735013032145964
1791457629,790174,26840,425152,94564,3420,219284,55.39257981018119
1791457635,790406,27016,425208,94564,3420,219284,52.069995731967566
1791457641,790618,27268,425220,94564,3384,219284,54.43940375891121
1791457647,793818,27652,425956,94564,3412,221332,54.584588893671985
1791457653,790730,27388,425164,94564,3416,219284,50.7662421756961
1791457659,790730,27268,425152,94564,3416,219412,53.01940265969043
1791457664,790446,27092,425176,94564,3416,219284,55.83386855063156
1791457670,791282,27356,425616,94564,3416,219412,53.539918226813
1791457676,793326,27572,425328,94564,3464,221460,51.49700598802395
1791457682,790658,27100,425308,94564,3464,219284,54.29628018272786
1791457688,790642,27060,425460,94564,3464,219156,53.677419354838705
1791457694,790818,27072,425496,94564,3464,219284,52.342906499676104
1791457700,791878,27416,426208,94564,3464,219284,51.51904150620453
1791457706,791494,27588,425528,94564,3464,219412,51.98180636777128
1791457712,792066,27176,426512,94564,3464,219412,70.20267356619232
1791457717,791886,27596,425908,94564,3464,219412,54.58089668615984
1791457723,791006,26956,425672,94564,3464,219412,52.67702936096719
1791457729,790746,26764,425604,94564,3464,219412,54.10795577715153
1791457735,790786,26916,425644,94564,3448,219284,55.32646048109966
1791457741,791318,27508,425664,94564,3496,219156,53.700516351118765
1791457747,793770,27656,425696,94568,3560,221332,55.1060572928056
1791457753,791330,27248,425708,94568,3560,219284,52.97670405522001
1791457759,791350,27264,425712,94568,3560,219284,55.101604278074866
1791457764,792254,27796,426080,94568,3560,219284,55.97416576964478
1791457770,791566,27340,425724,94568,3560,219412,56.25806451612904
1791457776,792546,27472,426568,94568,3560,219412,51.83585313174947
1791457782,791746,27400,426004,94568,3532,219284,52.29098805646038
1791457788,791410,27340,425728,94568,3532,219284,54.38373570520966
1791457794,791774,27468,425964,94568,3532,219284,55.83008235804074
1791457800,791830,27432,426056,94568,3532,219284,54.05174257002352
1791457806,791566,27592,425692,94568,3484,219284,56.03576751117735
1791457812,792302,27936,426056,94564,3508,219284,54.702329594477995
1791457818,791558,27372,425752,94564,3508,219412,57.68402927249247
1791457824,791478,27312,425796,94564,3556,219284,55.957219251336895
1791457829,797958,27252,432304,94564,3572,219284,64.07682234831951
1791457835,793710,27744,427560,94564,3572,219284,64.20937840785169
1791457841,791314,26868,425916,94564,3572,219412,54.66265577997421
1791457847,793294,28076,426812,94564,3572,219284,55.130434782608695
1791457853,792022,27564,426056,94564,3572,219284,54.266580254914665
1791457859,791622,27140,426204,94564,3572,219156,56.62650602409639
1791457865,792978,28192,426256,94564,3668,219284,57.4566962399662
1791457871,793758,28448,426656,94564,3644,219412,52.94888597640891
1791457877,793958,28488,426280,94564,3644,219952,60.36756756756757
1791457882,792682,27228,426264,94564,3644,219952,58.30653804930333
1791457888,792418,26996,426232,94564,3644,219952,55.10116229014206
1791457894,791930,26796,426216,94564,3644,219680,55.8299334335409
1791457900,791974,27072,426252,94564,3644,219412,57.34888653234358
1791457906,791782,26976,426284,94564,3644,219284,52.653927813163484
1791457912,791902,27220,426288,94564,3644,219156,56.515184148180055
1791457918,791734,27152,426188,94564,3644,219156,55.294863665187066
1791457924,791670,27036,426240,94564,3644,219156,53.82158824781775
1791457930,792090,27368,426200,94564,3644,219284,54.514187446259676
1791457936,791774,27184,426068,94564,3644,219284,53.32182916307161
1791457942,791766,27316,426056,94564,3644,219156,52.297734627831716
1791457948,792170,27480,426100,94564,3708,219284,54.2548596112311
1791457953,792354,27144,426616,94564,3708,219284,70.9873858199217
1791457959,794050,26928,426476,94564,3708,221332,52.151462994836486
1791457965,791782,26788,426528,94564,3708,219156,52.53218884120172
1791457971,792986,27600,426916,94564,3708,219156,53.39055793991416
1791457977,791886,26912,426508,94564,3708,219156,52.517527087316765
1791457983,792926,27564,426928,94564,3680,219156,53.24261109929832
1791457989,791902,27024,426448,94564,3680,219156,53.503184713375795
1791457995,791846,26976,426440,94564,3680,219156,50.361548277328794
1791458001,793178,27772,426972,94564,3680,219156,54.280279010779964
1791458007,791710,26868,426444,94564,3648,219156,52.4366886571611
1791458013,792034,26728,426908,94564,3648,219156,52.56849315068494
1791458019,792038,26912,426852,94564,3648,219028,54.36071126164268
1791458025,794282,26968,426868,94564,3648,221204,53.045356371490286
1791458031,792618,27020,427196,94564,3648,219156,50.747543784707396
1791458037,792350,26976,426848,94564,3648,219284,53.51747949935262
1791458042,792386,26972,426888,94564,3648,219284,52.5764192139738
1791458048,792286,26868,426892,94564,3648,219284,51.08188375053033
1791458054,792582,27128,426928,94564,3648,219284,59.297343616109686
1791458060,792538,27148,426864,94564,3648,219284,52.22294513120798
1791458066,792238,26916,426924,94564,3648,219156,52.01026518391788
1791458072,817582,27664,451516,94564,3648,219156,65.45138888888889
1791458078,793398,27060,427936,94564,3648,219156,56.4786913473956
1791458084,795654,27720,427588,94564,3672,221076,52.10662080825451
1791458090,792926,27256,427244,94564,3672,219156,54.2314335060449
1791458096,794902,27944,428532,94564,3672,219156,52.531243380639694
1791458102,792626,27148,427056,94564,3672,219156,52.87257019438445
1791458107,795274,27440,427352,94564,3672,221204,54.037928830172596
1791458113,792794,27164,427072,94564,3672,219284,55.05449882453516
1791458119,792286,26952,427092,94564,3460,219284,53.021442495126706
1791458125,793462,27884,427264,94564,3504,219284,54.50206118463875
1791458131,796590,28496,427856,94564,3508,221204,52.50162443144899
1791458137,794290,28840,427236,94564,3524,219156,54.796888504753674
1791458143,794270,28716,427340,94564,3524,219156,52.09222886421861
1791458149,795346,29368,427668,94564,3604,219156,57.19163465642338
1791458155,795022,29128,427456,94564,3604,219284,53.103448275862064
1791458161,794298,28736,427124,94564,3604,219284,52.57889009793254
1791458166,794406,28860,427232,94564,3604,219156,53.588516746411486
1791458172,793838,28260,427096,94564,3640,219284,52.833478639930256
1791458178,794718,28916,427404,94564,3660,219156,53.855986365573074
1791458184,793918,28316,427240,94564,3632,219156,53.700516351118765
1791458190,795874,29716,427792,94564,3632,219156,51.65763813651137
1791458196,795714,28992,428232,94564,3632,219284,69.21564343456413
1791458202,794426,28764,427172,94564,3632,219284,50.77989601386482
1791458207,796146,28928,426708,94564,3600,221332,53.05133289270765
1791458213,793886,28416,427012,94564,3600,219284,53.19380858949204
1791458219,793534,28404,426800,94564,3600,219156,53.07725883893496
1791458225,793474,28560,426580,94564,3600,219156,51.7948717948718
1791458231,794826,29372,427120,94564,3600,219156,52.94370434035238
1791458237,794310,29188,426820,94564,3580,219156,50.182599355531686
1791458243,794258,28984,426844,94564,3580,219284,51.80102915951973
1791458249,794370,29304,426636,94564,3580,219284,50.18386329223448
1791458254,793734,28464,426820,94564,3604,219284,51.9369944657301
1791458260,793466,28356,426784,94564,3604,219156,46.7027027027027
1791458266,793058,27952,426784,94564,3604,219156,52.253429131286744
1791458272,796778,29400,426964,94564,3648,221204,61.91897654584222
1791458278,806446,33084,433144,94564,3748,220872,108.90052356020942
1791458284,796254,27728,428564,94564,3748,220616,52.26735439501397
1791458290,796034,27600,428500,94564,3748,220588,55.65669700910273
1791458296,795590,27632,428684,94564,3748,219924,55.71366968520914
1791458302,795390,27616,428520,94564,3748,219908,58.61624409110443
1791458307,794910,27264,428520,94564,3748,219780,51.50802139037434
1791458313,795158,27760,428376,94564,3720,219712,54.1991341991342
1791458319,793962,27144,428372,94564,3696,219156,51.89655172413793
1791458325,794922,27616,428988,94564,3696,219028,52.613538988860334
1791458331,794466,27576,428424,94564,3824,219028,51.277609354699
1791458337,794222,27192,428424,94564,3804,219156,50.59356788258148
1791458343,796266,27824,429832,94564,3804,219156,53.424951685634525
1791458349,795094,27760,428632,94564,3872,219156,53.402239448751075
1791458355,794858,27324,428708,94564,3872,219284,54.68001741401829
1791458361,796318,28152,429336,94564,3872,219284,52.93103448275862
1791458366,795726,27776,429120,94564,3872,219284,51.52951314088755
1791458372,794994,27232,428932,94564,3872,219284,54.824935952177626
1791458378,794998,27384,428784,94564,3872,219284,54.0120793787748
1791458384,800534,26968,428752,94564,3844,225308,55.52961154744216
1791458390,796018,28304,429048,94564,3844,219156,55.47755796639014
1791458396,795218,27812,428744,94564,3844,219156,55.37403267411866
1791458402,796890,28200,429488,94564,3844,219692,69.84263849967665
1791458408,795250,27528,428680,94564,3812,219564,54.87674169346195
1791458414,795638,27808,428660,94564,3812,219692,52.58215962441315
1791458420,795514,27672,428812,94564,3812,219552,52.17768147345612
1791458426,797014,27996,430256,94564,3812,219284,57.404580152671755
1791458431,796858,28000,430096,94564,3812,219284,57.17998700454841
1791458437,796330,27628,429940,94564,3812,219284,57.155116927697925
1791458443,795530,27264,429508,94564,3812,219284,55.44385026737968
1791458449,797594,28068,430892,94564,3812,219156,56.738804371116345
1791458455,796582,27920,430156,94564,3812,219028,58.519491896627244
1791458461,797562,27408,429476,94564,3812,221204,54.50206118463875
1791458467,796290,27696,429960,94564,3812,219156,57.990965799096585
1791458473,795478,27332,429516,94564,3812,219156,60.00426166631153
1791458479,795594,27332,429504,94564,3812,219284,59.30356761375775
1791458484,795902,27448,429692,94564,3812,219284,55.99133261105093
1791458490,796622,27828,430032,94564,3812,219284,56.888134154107405
1791458496,796010,27700,429756,94564,3756,219156,57.14285714285714
1791458502,797014,26944,429472,94564,3756,221204,56.328440757285684
1791458508,794974,27208,429472,94564,3756,218900,55.66876219380013
1791458514,794902,27204,429400,94564,3756,218900,55.41276410368111
1791458520,806170,28476,437216,94564,3756,221076,72.1311475409836
1791458526,795786,27800,429560,94564,3756,219028,53.73390557939914
1791458532,796306,27912,429836,94564,3756,219156,53.21888412017167
1791458538,797206,28488,430160,94564,3756,219156,57.953568357695616
1791458543,796386,28216,429740,94564,3756,219028,57.66076823478636
1791458549,796490,28100,429888,94564,3820,219028,58.01330186655225
1791458555,796282,28196,429716,94564,3820,218900,57.09342560553633
1791458561,797970,27800,429724,94564,3844,220948,58.86922744928788
1791458567,796374,28136,429712,94564,3844,219028,57.904761904761905
1791458573,796670,28584,429564,94564,3844,219028,56.262209680920336
1791458579,796182,28196,429628,94564,3816,218900,53.482373172828886
1791458585,796394,28532,429504,94564,3816,218900,54.72424112868748
1791458591,796514,28504,429392,94564,3816,219156,56.88506981740065
1791458596,796322,28204,429504,94564,3816,219156,56.743780008729814
1791458602,797202,28572,430012,94564,3816,219156,54.95399101219773
1791458608,798410,29220,430604,94564,3784,219156,56.620616365568544
1791458614,795810,27944,429540,94564,3784,218900,56.15848406546081
1791458620,796618,28700,429484,94564,3760,219028,55.838000861697545
1791458626,795962,28116,429416,94564,3760,219028,54.67440361057382
1791458632,797570,29264,429872,94564,3760,219028,52.6791478373144
1791458638,798034,29740,429728,94564,3760,219156,55.00747384155456
1791458644,800282,30628,430960,94564,3760,219284,86.12729234088458
1791458650,809126,33592,435668,94564,3852,220360,98.79725085910653
1791458656,799010,28052,431192,94564,3868,220232,55.21267723102585
1791458662,797318,27460,430632,94564,3868,219696,55.14864282636795
1791458668,796754,27484,430576,94564,3872,219156,53.748109742925045
1791458673,796634,27284,430532,94564,3872,219284,52.57974737743524
1791458679,797226,27540,430860,94564,3872,219284,53.72112917023097
1791458685,796618,27288,430544,94564,3844,219284,51.8095238095238
1791458691,796358,27040,430536,94564,3844,219284,53.493872285529996
1791458697,796458,27172,430752,94564,3844,219028,53.09355598372939
1791458703,796854,27648,430552,94564,3844,219156,54.86498071153022
1791458709,796218,27208,430388,94564,3812,219156,49.59025005253204
1791458715,799362,27924,430760,94564,3812,221204,52.81911548941521
1791458721,797066,27812,430756,94564,3812,219028,49.71652856519843
1791458727,795974,27216,430264,94564,3812,219028,51.54013015184382
1791458733,796606,27520,430588,94564,3720,219156,53.07974929760104
1791458738,796838,27536,430908,94564,3736,219028,55.79817680729276
1791458744,797002,27424,430848,94564,3816,219284,53.90010626992561
1791458750,798798,28348,431704,94564,3816,219284,56.608584785380366
1791458756,796934,27348,430844,94564,3816,219284,55.04745470232959
1791458762,797074,27436,430892,94564,3816,219284,55.088783022953656
1791458768,796674,27156,430904,94564,3816,219156,57.971014492753625
1791458774,797850,27112,432124,94564,3816,219156,69.4663167104112
1791458780,798050,27792,431672,94564,3788,219156,55.56028973157222
1791458786,799650,27576,431440,94564,3788,221204,56.017130620985014
1791458792,796626,27256,430792,94564,3788,219156,52.166452166452174
1791458798,797522,27744,431196,94564,3788,219156,55.46620299934797
1791458803,796850,27172,431100,94564,3788,219156,55.83386855063156
1791458809,798702,26964,431136,94564,3756,221208,56.52081109925293
1791458815,799258,27364,431164,94564,3756,221336,52.5235243798118
1791458821,797346,27328,431340,94564,3756,219284,56.65236051502146
1791458827,797634,27612,431472,94564,3756,219156,54.46808510638298
1791458833,797578,27976,431056,94564,3756,219156,58.94736842105262
1791458839,797158,27432,431176,94564,3756,219156,54.42525058647899
1791458845,797594,27872,431176,94564,3756,219156,55.74193548387096
1791458851,797978,28084,431184,94564,3792,219284,56.809842434707534
1791458857,802714,28984,431292,94564,3828,222948,59.59095801937567
1791458862,800330,28328,431612,94564,3828,220900,54.25785482123511
1791458868,799458,28268,431308,94564,3860,220364,58.36909871244635
1791458874,798166,26996,431288,94564,3860,220364,53.88147824185437
1791458880,798974,27496,431716,94564,3860,220236,56.134157105030894
1791458886,798662,27636,431680,94564,3860,219824,52.7245315528753
1791458892,805054,27540,438584,94564,3860,219412,73.9833843463052
1791458897,797994,27612,431444,94552,3860,219412,55.38063403062324
1791458903,798666,27856,431856,94552,3876,219412,57.21540414727042
1791458909,797790,27320,431512,94552,3876,219412,55.12518724588059
1791458915,797642,27168,431512,94552,3876,219412,56.50107991360691
1791458921,798742,27904,432024,94552,3852,219284,63.043948906689764
1791458927,798338,27788,431772,94552,3820,219284,56.44811115935736
1791458933,797582,27348,431460,94552,3820,219284,58.253256459534484
1791458939,797966,27600,431712,94552,3820,219156,55.30352127889393
1791458945,797786,27492,431448,94552,3884,219284,56.11940298507463
1791458951,797826,27408,431444,94552,3884,219412,54.81611208406305
1791458956,799086,28064,432040,94552,3884,219412,57.00834581639204
1791458962,798278,27712,431740,94552,3776,219412,58.14054997817547
1791458968,799298,26976,431584,94552,3776,221332,54.844290657439444
1791458974,797766,27392,431680,94552,3776,219284,56.50493774151997
1791458980,797598,27352,431588,94552,3748,219284,54.24017003188097
1791458986,798802,27692,432324,94552,3748,219412,56.95736853494915
1791458992,798314,27860,431668,94556,3748,219412,55.56036347901342
1791458998,798746,27812,432272,94556,3748,219284,55.07057546145494
1791459003,797462,27308,431624,94556,3748,219156,55.220017256255396
1791459009,797902,27564,431708,94556,3716,219284,57.71611526147279
1791459015,799374,28264,432328,94556,3732,219412,69.91938905388206
1791459021,797886,27432,431672,94556,3732,219412,55.60307955517536
1791459027,797866,27724,431488,94556,3732,219284,60.419341035515615
1791459033,797746,27440,431652,94556,3732,219284,54.50971827910024
1791459039,797550,27504,431392,94552,3732,219284,53.90742734122712
1791459045,799034,27248,431088,94552,3732,221332,53.92872477458136
1791459051,798250,27820,431648,94552,3732,219412,53.09200603318251
1791459056,797158,27372,431136,94552,3732,219284,52.249890782000875
1791459062,797174,27088,431308,94552,3732,219412,51.68539325842697
1791459068,796794,27012,431132,94552,3732,219284,50.57667663391713
1791459074,799950,27560,431688,94552,3732,221332,54.20765027322404
1791459080,797294,27316,431200,94552,3732,219412,53.42524773804394
1791459086,797310,27424,431236,94552,3732,219284,51.53532316942238
1791459092,797786,27652,431480,94552,3732,219284,54.21972803798835
1791459097,797510,27416,431312,94552,3732,219412,63.42930812204555
1791459103,798190,27700,431708,94552,3732,219412,53.624454148471614
1791459109,796990,27016,431324,94552,3732,219284,55.962117950925524
1791459115,797642,27340,431648,94552,3732,219284,57.678065780875635
1791459121,797478,27504,431324,94552,3732,219284,54.171088940776905
1791459127,796942,27344,431292,94552,3492,219284,57.52769932652618
1791459133,804010,27520,438160,94552,3508,219284,70.72291710833156
1791459139,797638,27620,431524,94552,3536,219412,56.24596860890131
1791459144,797998,27380,432048,94552,3600,219412,58.30653804930333
1791459150,797658,27400,431684,94552,3600,219412,55.3082191780822
1791459156,799362,27120,431620,94552,3600,221460,53.88509795289457
1791459162,797074,27000,431600,94552,3624,219284,56.9829997848074
1791459168,797590,27460,431656,94552,3624,219284,55.85003232062056
1791459174,798642,28076,431960,94552,3624,219412,61.80555555555556
1791459180,797898,27728,431604,94552,3596,219412,63.45123258306538
1791459186,797790,27892,431460,94552,3596,219284,55.190199871050936
1791459191,798594,28100,431928,94552,3596,219412,57.378830688980656
1791459197,798610,28212,431996,94552,3672,219156,56.89876121315677
1791459203,798178,27520,432000,94552,3672,219412,56.84843280377845
1791459209,798262,27704,431932,94552,3640,219412,54.61847389558233
1791459215,798374,27964,431912,94552,3640,219284,58.707557502738226
1791459221,798298,27940,431880,94552,3616,219284,55.44385026737968
1791459227,798270,28044,431880,94552,3616,219156,54.74764756201882
1791459233,798978,28416,432088,94552,3616,219284,57.49235474006116
1791459239,798918,28316,432104,94552,3640,219284,57.67161609640629
1791459245,799266,28540,432100,94552,3640,219412,54.917150850010756
1791459250,799166,28416,432124,94552,3640,219412,54.105445116681075
1791459256,799626,27928,433188,94556,3640,219284,72.80682563990374
1791459262,798378,27844,432180,94556,3612,219156,52.71317829457365
1791459268,798522,27976,432192,94556,3612,219156,55.63589961718418
1791459274,799102,28476,432144,94556,3612,219284,62.84722222222222
1791459280,799290,28608,432196,94556,3612,219284,49.35511607910576
1791459286,799042,28308,432244,94560,3612,219284,52.922286448298
1791459292,799822,29100,432232,94560,3612,219284,56.1222293953088
1791459297,800646,29472,432704,94560,3588,219284,60.66104990278678
1791459303,800802,29880,432324,94560,3588,219412,62.913622690159
1791459309,809898,30544,439360,94560,3676,220712,103.29380764163373
1791459315,803142,29560,433812,94560,3680,220476,72.64789347304082
1791459321,802890,27912,433164,94560,3680,222524,52.450446525811365
1791459327,800490,27504,433248,94560,3680,220448,66.5947811084753
1791459333,800398,27452,433128,94560,3744,220448,63.3276740237691
1791459339,800062,27536,433100,94560,3744,220036,56.71578048259662
1791459345,800226,27592,433292,94560,3764,219908,53.61003026372676
1791459350,800594,27776,433416,94560,3764,219968,55.528793518721265
1791459356,799782,27208,433192,94560,3764,219948,60.80760095011877
1791459362,800974,27012,433196,94560,3764,221332,55.244299674267104
1791459368,800574,28152,433708,94560,3764,219276,54.78036175710594
1791459374,799882,27776,433392,94560,3764,219276,56.255392579810184
1791459380,800078,27844,433556,94560,3736,219276,51.79608517960852
1791459386,800162,27784,433576,94560,3736,219404,54.37059200683907
1791459392,799774,27764,433208,94560,3736,219404,52.89541918755402
1791459397,799550,27396,433352,94560,3736,219404,57.858376511226254
1791459403,799266,27252,433340,94560,3736,219276,56.21716287215411
1791459409,799294,27256,433304,94560,3792,219284,55.972696245733786
1791459415,802742,28192,433724,94560,3800,221332,64.42266723476779
1791459421,801106,28112,434216,94560,3800,219284,60.01734605377277
1791459427,801378,27320,433232,94560,3800,221332,53.24143872496231
1791459433,806930,27560,440464,94560,3800,219412,76.62168045276448
1791459439,799762,27332,433652,94560,3800,219284,55.43199315654406
1791459445,800142,27552,433684,94560,3800,219412,56.99526474386569
1791459450,800126,27592,433632,94560,3800,219412,56.490850376749194
1791459456,801834,27152,433728,94560,3800,221460,54.87989612637957
1791459462,800006,27436,433788,94560,3800,219284,53.160173160173166
1791459468,800798,27660,434356,94560,3800,219284,55.50321199143469
1791459474,800282,27588,433912,94560,3800,219284,53.1629392971246
1791459480,800490,27884,433828,94560,3800,219284,56.624946050927925
1791459486,799918,27308,433836,94560,3800,219284,54.78036175710594
1791459492,800826,27700,434216,94560,3800,219412,57.52421959095801
1791459498,800610,27728,433972,94560,3800,219412,53.31018016062513
1791459503,800150,27620,433752,94560,3800,219284,58.37508168155085
1791459509,800846,27732,434204,94560,3800,219412,56.92241748821261
1791459515,799782,27124,433780,94560,3784,219412,55.00848896434635
1791459521,799694,27164,433772,94560,3784,219284,58.02310654685494
1791459527,799718,27168,433796,94560,3784,219284,56.53587686971602
1791459533,802082,27416,433864,94560,3784,221332,54.25463851567498
1791459539,800962,28024,434156,94560,3808,219284,54.182590233545646
1791459545,801762,28368,434548,94560,3872,219284,56.328440757285684
1791459551,801378,27732,434796,94560,3872,219284,55.73072006817213
1791459557,803142,28204,436084,94560,3872,219284,72.68041237113401
1791459563,802474,28120,435340,94560,3904,219412,57.428757885577554
1791459568,802482,28292,435176,94560,3904,219412,57.79995660663918
1791459574,801238,27432,434796,94560,3904,219412,62.65685850281264
1791459580,804334,28012,435552,94560,3876,221204,56.821134690342134
1791459586,803018,28428,435740,94560,3876,219284,65.04895700297999
1791459592,803154,27536,434720,94560,3876,221332,60.76606795066003
1791459598,801990,28036,435128,94560,3852,219284,60.48988285410011
1791459604,800610,27292,434368,94560,3852,219412,54.626675175494576
1791459610,803334,27972,434396,94560,3820,221460,60.59050064184852
1791459616,801410,27828,434920,94560,3732,219284,57.88113695090439
1791459622,801410,27852,434796,94560,3700,219412,58.000858000858
1791459627,802546,28496,435288,94560,3700,219412,56.50301464254953
1791459633,802258,28308,435192,94560,3700,219412,62.55144032921811
1791459639,800866,27420,434688,94560,3700,219412,62.778730703259
1791459645,804042,27680,435680,94560,3700,221332,57.81865965834429
1791459651,800690,27340,434848,94560,3700,219156,56.490850376749194
1791459657,801410,27664,435112,94560,3700,219284,55.36747375187486
1791459663,801266,27748,435012,94560,3700,219156,57.472738935214885
1791459669,801166,27532,434876,94560,3700,219412,57.58354755784062
1791459675,808542,27868,441912,94560,3700,219412,81.42275551746305
1791459680,801454,27660,435032,94560,3700,219412,57.33964700817907
1791459686,800150,27184,434524,94560,3480,219412,56.44012944983818
1791459692,800038,27184,434540,94560,3480,219284,56.8286782493952
1791459698,802322,28064,435644,94560,3608,219412,57.1798747570719
1791459704,800526,27288,434888,94560,3608,219156,56.61591250268068
1791459710,800730,27364,435016,94560,3608,219156,55.11945392491467
1791459716,800538,27328,434732,94560,3608,219284,55.82206716092455
1791459721,801726,27992,435232,94560,3608,219284,51.62400516240052
1791459727,801026,27384,435140,94560,3608,219284,55.02371711944804
1791459733,801274,27356,435412,94560,3608,219284,56.17057936678871
1791459739,800842,27176,435164,94560,3608,219284,55.83778014941302
1791459745,802010,27828,435612,94560,3668,219284,58.05892547660312
1791459751,802746,28004,436292,94560,3668,219156,57.87671232876712
1791459757,801430,27576,435276,94560,3668,219284,56.35241540753352
1791459763,803714,28796,436340,94560,3668,219284,68.9093636168845
1791459769,802710,28168,435836,94560,3668,219412,53.44790547798066
1791459775,803254,28584,435288,94560,3780,219952,62.405200433369444
1791459780,803386,28040,436000,94560,3752,219952,55.65669700910273
1791459786,804098,28128,436620,94560,3752,219952,55.56036347901342
1791459792,801754,27256,435424,94560,3752,219680,58.119658119658126
1791459798,803858,27828,437220,94560,3752,219412,75.34246575342466
1791459804,801598,27308,435616,94560,3720,219284,55.917667238421956
1791459810,802626,27528,436420,94560,3720,219284,57.14285714285714
1791459816,804182,27564,436020,94560,3720,221204,56.1222293953088
1791459822,802550,27980,435892,94560,3720,219284,57.094307561597276
1791459828,805198,28372,436100,94560,3720,221332,68.5516943665012
1791459834,802634,28028,436060,94560,3720,219156,56.911608093716715
1791459840,802962,28156,436104,94560,3744,219284,53.52903086552989
1791459845,804858,29304,436724,94560,3744,219412,58.813263525305416
1791459851,806758,28924,437084,94560,3744,221332,59.8357111975789
1791459857,802910,28048,436160,94560,3744,219284,58.17245817245818
1791459863,803758,28568,436484,94560,3744,219284,58.17245817245818
1791459869,807974,29616,437480,94560,3744,221460,62.497294957801344
1791459875,804954,29300,436948,94560,3744,219284,55.36747375187486
1791459881,804250,28920,436752,94560,3744,219156,70.17241379310344
1791459887,805802,29660,437312,94560,3744,219412,58.929336188436835
1791459892,805510,29436,437240,94560,3744,219412,57.08089351550639
1791459898,804198,28716,436676,94560,3720,219412,58.92205282370625
1791459904,804022,28508,436708,94560,3720,219412,57.26681127982647
1791459910,803606,28376,436608,94560,3680,219284,56.02577873254565
1791459916,810186,28760,442808,94560,3680,219284,81.54657293497364
1791459922,806546,28936,436940,94560,3680,221332,53.275862068965516
1791459928,803878,29044,436216,94560,3680,219284,55.39396570436293
1791459934,805030,29552,436704,94560,3696,219412,57.08070480748314
1791459939,808262,31220,438264,94560,3696,219412,70.72488707248871
1791459945,806226,29744,437592,94560,3792,219412,52.84466226294481
1791459951,818174,33752,441696,94560,3820,223180,128.7120239623449
1791459957,807606,28004,438804,94560,3820,221260,57.14285714285714
1791459963,807378,28176,438428,94560,3820,221232,59.84048286268593
1791459969,805546,27520,437796,94560,3820,220692,54.164886800512605
1791459975,805882,27680,437972,94560,3820,220692,63.11738293778063
1791459981,807538,28092,439212,94560,3820,220692,66.63847780126851
1791459987,808594,28356,438360,94560,3792,222372,71.42857142857143
1791459993,805630,27848,438208,94560,3792,220068,61.35234391877296
1791459998,806234,28012,438520,94560,3792,220196,67.45303626037571
1791460004,808586,28156,438676,94560,3792,222248,68.62068965517241
1791460010,808030,27584,438876,94560,3760,222116,73.02405498281786
1791460016,805854,27724,438604,94560,3760,220068,59.8114824335904
1791460022,805298,27488,438284,94560,3760,220068,59.15735167669819
1791460028,804922,27460,437940,94560,3760,220068,55.97416576964478
1791460034,806298,28256,438644,94560,3760,219940,56.5691091647084
1791460040,805862,27844,438364,94560,3760,220196,66.19140203067617
1791460046,804850,27260,437940,94560,3760,220196,57.55764304013663
1791460051,804806,27520,437764,94560,3760,220068,57.0566688213747
1791460057,804906,27432,437824,94560,3760,220196,61.697990926766046
1791460063,807706,28492,439560,94560,3760,220196,60.09552757273122
1791460069,805570,27624,438420,94560,3760,220068,62.46193997390169
1791460075,808274,28388,440364,94560,3760,220068,76.592082616179
1791460081,806698,28004,439296,94560,3760,219940,58.20991629104958
1791460087,808102,27672,438856,94560,3760,222116,58.04361908874973
1791460093,806510,28136,438872,94560,3656,220196,69.52771188268278
1791460098,807366,28504,439336,94560,3680,220196,71.6236722306525
1791460104,806378,27932,438896,94560,3688,220196,72.12830515821413
1791460110,805362,27344,438596,94560,3688,220068,58.018562486509815
1791460116,804746,27064,438392,94560,3688,219940,57.87087022241416
1791460122,806690,28172,439224,94560,3688,219940,58.21596244131455
1791460128,806186,28324,438572,94560,3688,219940,69.82758620689656
1791460134,808742,29516,439304,94560,3768,220476,62.34435379991413
1791460140,806954,27872,439136,94560,3792,220476,59.07319185794716
1791460146,807238,28020,438988,94560,3904,220604,60.07294571980262
1791460152,808282,27584,438676,94560,3904,222384,58.47750865051903
1791460157,807786,28176,439772,94560,3904,220196,57.83549783549784
1791460163,808018,28516,439664,94560,3904,220196,66.19263089851324
1791460169,808746,27116,440488,94560,3904,221504,58.39540327729304
1791460175,808430,27044,440240,94560,3904,221504,59.29108485499462
1791460181,808422,27456,439984,94560,3876,221376,55.690796497971384
1791460187,809042,27732,440456,94560,3876,221248,56.31646108039132
1791460193,812486,28176,443328,94560,3876,221376,72.09793161671591
1791460199,809246,27416,440876,94560,3852,221376,56.99614890885751
1791460205,809382,27788,440700,94560,3800,221376,56.376410474771134
1791460211,811358,28884,441576,94560,3800,221376,70.38887681946557
1791460217,810602,28560,441272,94560,3800,221248,59.667146085884525
1791460223,812658,28308,441660,94560,3800,223168,70.64846416382252
1791460229,810838,27576,440576,94560,3800,223168,62.51082251082251
1791460235,811994,28784,442440,94560,3800,221248,69.3103448275862
1791460241,809502,28032,440572,94560,3800,221376,66.86983021332172
1791460246,812110,27812,441468,94560,3800,223312,58.482046871640506
1791460252,814178,28212,442580,94560,3800,223864,60.543337645536866
1791460258,814998,28792,442820,94560,3800,223864,60.763888888888886
1791460264,815878,28932,443588,94560,3784,223864,61.082910321489
1791460270,815158,29024,442904,94560,3784,223736,60.91106290672451
1791460276,814438,29056,442152,94560,3784,223736,73.89903329752954
1791460282,815202,29108,442860,94560,3784,223736,73.13691507798961
1791460288,815318,29492,442592,94560,3784,223736,69.64016375781081
1791460294,816866,30132,443372,94560,3784,223864,68.33226564168268
1791460300,817810,29440,442960,94560,3784,225912,63.77573368374945
1791460305,815074,29136,442704,94560,3784,223736,59.55803475649002
1791460311,824890,29700,449780,94560,3784,225912,73.93489185055714
1791460317,819094,30852,444880,94560,3784,223864,84.09140369967356
1791460323,823950,32752,446796,94560,3864,224824,101.11972437553834
1791460329,816866,28364,444516,94560,3864,224404,57.400644468313644
1791460335,821202,28136,446120,94560,3864,227360,65.76772509786863
1791460341,817814,27476,445980,94560,3864,224772,62.58620689655172
1791460346,821206,29332,447476,94560,3888,224772,63.67732246299077
1791460352,821430,28160,446696,94560,3888,226948,62.60720411663808
1791460358,819758,28288,446944,94560,3888,224900,69.42220298636659
1791460364,818290,27496,446268,94560,3888,224900,61.525315103610346
1791460370,821878,29060,448420,94560,3888,224772,61.801109688433634
1791460376,820106,28388,447320,94560,3888,224772,58.75802997858672
1791460382,819626,28472,446792,94560,3860,224772,55.362131957876635
1791460388,817639,27448,445968,94560,3860,224644,57.9786072909845
1791460394,818614,27800,446324,94560,3860,224900,66.62362814719174
1791460400,821094,29032,447700,94560,3860,224772,66.80905595899188
1791460405,818186,27448,446324,94560,3804,224900,60.45209903121636
1791460411,819158,27876,446992,94560,3804,224772,61.498371335504885
1791460417,820794,28628,447748,94560,3804,224900,71.06555626734999
1791460423,820398,28440,447540,94560,3804,224900,71.16827438370846
1791460429,819842,28092,447460,94560,3804,224772,64.49399656946827
1791460435,818614,27536,446788,94560,3804,224772,58.78813923506661
1791460441,859122,29068,485892,94560,3804,224644,78.44155844155844
1791460447,818662,27588,446660,94560,3804,224900,57.11813067935958
1791460453,820170,27348,446640,94560,3700,226820,58.76983264507716
1791460458,821770,29152,448352,94560,3700,224900,56.24596860890131
1791460464,822874,28920,447848,94560,3556,226948,65.52781427945685
1791460470,823606,28736,448892,94560,3556,226820,64.50225757901526
1791460476,819542,28124,447488,94560,3556,224772,54.173764906303234
1791460482,818550,27748,446872,94560,3556,224772,53.40114431023522
1791460488,818138,27448,446632,94560,3556,224900,53.91714960291908
1791460494,818450,27732,446788,94560,3556,224772,54.35062151735962
1791460500,819686,28364,447516,94560,3556,224644,53.44864864864864
1791460506,819642,28276,447560,94560,3556,224644,63.64812419146184
1791460512,819398,28312,447332,94560,3520,224644,57.15504371934315
1791460517,818406,27616,446908,94560,3520,224772,60.03490401396161
1791460523,823326,28828,448440,94560,3520,226948,65.54511688879178
1791460529,820834,27848,447056,94560,3520,226820,70.995670995671
1791460535,818490,27672,447148,94560,3460,224644,52.17768147345612
1791460541,819310,27368,448148,94560,3460,224772,54.98281786941581
1791460547,819402,27436,448108,94560,3520,224772,51.91489361702127
1791460553,821382,27260,448212,94560,3520,226820,52.19616204690831
1791460559,819546,27416,448140,94560,3520,224900,50.21645021645021
1791460565,820478,27368,449120,94560,3520,224900,71.72175415856556
1791460570,819258,27348,447920,94560,3520,224900,51.961639058413255
1791460576,819218,27300,447928,94560,3520,224900,54.83870967741935
1791460582,819666,27388,448252,94560,3568,224900,53.5729567821994
1791460588,819510,27284,448140,94560,3584,224900,56.76083674789735
1791460594,819890,27412,448520,94560,3584,224772,57.402204452128814
1791460600,820022,27260,448808,94560,3584,224772,60.2224123182207
1791460606,820082,27352,448800,94560,3552,224772,53.857661893567
1791460612,819986,27272,448788,94560,3552,224772,54.588641762038435
1791460618,821270,27692,449648,94560,3552,224772,54.68001741401829
1791460624,820066,27520,448748,94560,3552,224644,55.1543007222587
1791460629,820594,27436,449092,94560,3556,224900,50.884001724881415
1791460635,821150,27724,449232,94560,3664,224900,55.02371711944804
1791460641,820822,27560,449156,94560,3668,224772,54.653130287648054
1791460647,820634,27284,449220,94560,3692,224772,54.600431965442766
1791460653,821086,27604,449348,94560,3692,224772,53.333333333333336
1791460659,821890,28268,449488,94560,3692,224772,54.81577246283129
1791460665,820670,27292,449120,94560,3692,224900,50.03234850118611
1791460671,820766,27580,449056,94560,3692,224772,56.09808560980856
1791460677,820482,27304,449048,94560,3692,224772,54.73863153421165
1791460683,857386,27488,485692,94560,3692,224876,72.52075141983399
1791460688,821810,27644,449936,94560,3692,224884,54.105445116681075
1791460694,821198,27336,449760,94560,3692,224756,53.96756756756756
1791460700,820630,27224,449460,94560,3676,224628,51.701852649719946
1791460706,820986,27348,449680,94560,3676,224636,55.14879040890601
1791460712,821210,27648,449652,94560,3636,224636,52.90959845394031
1791460718,821730,27604,450216,94560,3636,224636,52.9664660361135
1791460724,821298,27656,449444,94560,3636,224916,53.45979737012287
1791460730,821194,27296,449452,94560,3636,225172,55.87301587301587
1791460736,821322,27424,449448,94560,3636,225172,53.99614313263338
1791460741,821558,27544,449564,94560,3636,225172,54.48334756618275
1791460747,821842,27772,449556,94560,3696,225172,55.601122382905245
1791460753,821466,27200,449752,94560,3696,225172,56.376999567661045
1791460759,822718,27916,450396,94560,3708,225044,56.04232804232804
1791460765,822230,27488,449952,94560,3708,225428,57.15489989462592
1791460771,823058,27580,449792,94560,3708,226324,55.893699099871405
1791460777,823246,27896,449668,94560,3708,226324,56.321098948272166
1791460783,824490,28868,449964,94560,3680,226324,54.93562231759657
1791460789,827414,29928,450304,94560,3700,227820,58.12850366537301
1791460795,826574,28968,450172,94560,3700,228076,56.30601092896175
1791460801,827498,29520,450320,94560,3760,228204,56.55172413793104
1791460806,827546,29308,451276,94560,3732,227536,74.37056165267914
1791460812,826502,28760,450784,94560,3732,227536,60.029844382860794
1791460818,826034,28640,450432,94560,3732,227536,56.02049530315969
1791460824,824070,28016,450176,94560,3732,226452,59.18323711781056
1791460830,824806,28648,450408,94560,3732,226324,59.12596401028277
1791460836,826970,29376,451844,94560,3732,226324,59.42156003505696
1791460842,824174,28440,449988,94560,3732,226324,56.29438347320852
1791460848,823798,28212,449964,94560,3732,226196,58.55348635773062
1791460854,826414,28516,449976,94560,3732,228500,57.25305335333191
1791460860,825402,29284,450240,94560,3732,226452,54.408925123364085
1791460865,826082,29236,450968,94560,3732,226452,53.85450597176982
1791460871,824078,28292,449912,94560,3732,226452,58.93824485373781
1791460877,823990,28184,450060,94560,3732,226324,52.26828738875624
1791460883,825310,29084,450476,94560,3732,226324,55.90740336317973
1791460889,824346,28696,449896,94560,3732,226324,51.80853367987871
1791460895,824526,29028,449848,94560,3748,226196,54.14581066376496
1791460901,831122,29320,453844,94560,3748,228500,62.77948268303376
1791460906,862950,30000,485820,94560,3752,227664,98.12154696132596
1791460912,836934,31176,458540,94560,3848,227652,87.2471416007036
1791460918,832382,28112,457204,94560,3848,227496,59.525899912203684
1791460924,831390,27528,456796,94560,3848,227496,57.93581960104076
1791460930,830830,27404,456772,94560,3848,227084,57.22983257229832
1791460936,832286,28044,457584,94560,3848,227084,57.55270593349272
1791460941,835286,27488,457036,94560,3848,231188,58.6414445399828
1791460947,830898,27736,457104,94560,3872,226452,54.906991661321356
1791460953,830158,27196,456900,94560,3872,226452,56.935242573199396
1791460959,830670,27436,457168,94560,3872,226452,57.14285714285714
1791460965,832034,27916,458052,94560,3872,226452,58.549222797927456
1791460971,831006,27680,457388,94560,3872,226324,56.05095541401274
1791460977,829978,27180,456864,94560,3872,226324,58.71400736090063
1791460983,830230,27420,456784,94560,3844,226452,55.76127205401873
1791460989,830202,27504,456800,94560,3844,226324,59.58173282116944
1791460995,830602,27464,457108,94560,3844,226452,56.86148576321987
1791461001,830826,27764,457036,94560,3844,226452,57.86432698480633
1791461006,830074,27384,456792,94560,3756,226452,51.966109059309154
1791461012,830578,27608,457092,94560,3732,226452,55.97416576964478
1791461018,830298,27140,457284,94560,3732,226452,56.43648763853367
1791461024,831314,27712,457852,94560,3732,226324,58.38297872340426
1791461030,838566,27732,465084,94560,3732,226324,83.15041962556488
1791461036,830830,27448,457632,94560,3732,226324,57.057441810805045
1791461042,831006,27644,457616,94560,3732,226324,58.295380611581
1791461048,831090,27572,457644,94560,3732,226452,57.55764304013663
1791461054,830682,27424,457512,94560,3732,226324,55.80989753651624
1791461059,831370,27620,457868,94560,3732,226452,58.51547284137632
1791461065,831910,28248,457908,94560,3732,226324,53.93258426966292
1791461071,832074,28088,458104,94560,3732,226452,60.20008699434537
1791461077,831934,28084,458096,94560,3732,226324,55.05522514868309
1791461083,831534,28020,457760,94560,3732,226324,59.77306786555342
1791461089,831522,27716,457796,94560,3732,226580,58.80341880341881
1791461095,831118,27512,457600,94560,3732,226580,59.18279569892473
1791461101,831974,27948,458144,94560,3732,226452,56.57439446366782
1791461107,831862,27980,457872,94560,3732,226580,57.20514497492915
1791461112,830950,27396,457548,94560,3732,226580,55.52213149978513
1791461118,832042,27716,458316,94560,3732,226580,57.649859337805665
1791461124,831234,27452,457792,94560,3732,226560,62.46808510638297
1791461130,833766,27604,458252,94560,3732,228480,57.03308431163288
1791461136,831006,27452,457696,94560,3732,226432,60.273972602739725
1791461142,831618,27740,457880,94560,3732,226568,59.195525919552594
1791461148,831366,27700,457596,94560,3796,226576,55.45238609371626
1791461154,834174,28116,460108,94560,3796,226448,78.30826248092436
1791461160,831590,27340,458176,94560,3796,226576,60.198361362656314
1791461165,831842,27488,458200,94560,3860,226568,58.42696629213483
1791461171,832790,27888,458728,94560,3860,226576,59.208556149732615
1791461177,832682,27780,458728,94560,3860,226576,58.655097613882866
1791461183,831846,27576,458264,94560,3832,226448,58.42696629213483
1791461189,831350,27312,458032,94560,3832,226448,58.67589787970575
1791461195,831534,27620,458036,94560,3832,226320,55.906533967979236
1791461201,832402,28092,458300,94560,3832,226448,58.61624409110443
1791461207,835462,28752,458684,94560,3800,228496,56.75213675213675
1791461212,833154,28600,458040,94560,3800,226988,61.2916842549599
1791461218,834094,28452,459000,94560,3800,227116,55.61497326203209
1791461224,833718,28264,458808,94560,3800,227116,59.45485519591141
1791461230,831758,27340,458044,94560,3800,226848,56.43010752688172
1791461236,831086,27076,458036,94560,3800,226448,57.00914699000212
1791461242,832298,27608,458332,94560,3800,226832,59.57263112454133
1791461248,831986,27316,458312,94560,3800,226832,59.380378657487086
1791461254,832282,27552,458348,94560,3824,226832,55.26711006221841
1791461260,834122,27596,458224,94560,3824,228752,57.64529273000214
1791461266,832154,27520,458248,94560,3824,226832,57.105887427215876
1791461272,866018,28236,491140,94560,3824,227088,75.84415584415585
1791461277,832618,27428,458552,94560,3824,227088,58.699849817635695
1791461283,832526,27224,458660,94560,3824,227088,60.15300546448088
1791461289,832110,27012,458588,94560,3824,226960,57.89815817984832
1791461295,832970,27616,458840,94560,3824,226960,58.18800510421097
1791461301,832610,27572,458656,94560,3824,226832,55.577130528586835
1791461307,832562,27468,458584,94560,3824,226960,64.74289433716642
1791461313,832254,27800,458328,94560,3640,226832,65.16464471403813
1791461319,832178,27368,458428,94560,3640,227088,60.021436227224015
1791461324,833754,28208,458880,94560,3664,227344,60.27164685908319
1791461330,833330,28016,458776,94560,3664,227216,65.86414445399828
1791461336,834618,28504,459448,94560,3664,227344,58.80817746846455
1791461342,833994,28088,459240,94560,3664,227344,58.729817007534976
1791461348,832550,27424,458524,94560,3728,227216,58.499037844772296
1791461354,833026,27728,458688,94560,3728,227216,58.93470790378007
1791461360,832262,27352,458304,94560,3728,227216,54.50971827910024
1791461366,832658,27636,458412,94560,3728,227216,59.85686402081978
1791461372,833126,27700,458688,94560,3728,227344,58.52395338800173
1791461377,832422,27436,458252,94560,3728,227344,59.78284011070897
1791461383,834158,28220,459260,94560,3676,227344,57.13052858683927
1791461389,832286,27312,458296,94560,3676,227344,58.56142584341184
1791461395,833926,27532,459720,94560,3676,227344,81.20876782294106
1791461401,831950,27048,458356,94560,3676,227216,58.8797221016066
1791461407,833730,27736,458696,94560,3660,227984,62.5
1791461413,834066,27828,459064,94560,3660,227856,73.7772031889679
1791461419,833794,27888,458600,94560,3660,227984,66.1342542628966
1791461425,833406,27532,458568,94560,3660,227984,72.49302125832081
1791461431,833658,27544,458680,94560,3660,228112,71.3277742142399
1791461436,835358,27440,458564,94560,3660,230032,62.46246246246246
1791461442,833298,27268,458596,94560,3660,228112,55.172413793103445
1791461448,834178,27660,459208,94560,3660,227984,68.50635129215944
1791461454,833926,27628,458988,94560,3660,227984,56.11292073832791
1791461460,834202,27812,459084,94560,3660,227984,59.744680851063826
1791461466,834146,27528,459180,94560,3664,228112,64.70588235294117
1791461472,833998,27488,459072,94560,3664,228112,56.98154180238871
1791461478,835966,27496,459112,94560,3664,230032,58.41161400512382
1791461483,834546,27644,459460,94560,3664,228112,59.824298264409684
1791461489,834138,27584,459100,94560,3680,228112,57.82925782925783
1791461495,833726,27136,459136,94560,3680,228112,61.85478689226815
1791461501,834074,27468,459072,94560,3728,228112,60.198361362656314
1791461507,833654,27044,459200,94560,3728,227984,58.55777584708949
1791461513,855398,27376,478696,94560,3728,229904,76.87267962437213
1791461519,835906,27772,460600,94560,3728,228112,75.89208006962576
1791461525,836110,28056,460260,94560,3728,228368,60.13239376468076
1791461530,835110,27640,459680,94560,3728,228368,59.84522785898538
1791461536,835734,28000,460196,94560,3728,228112,58.292734590129214
1791461542,835206,27860,459808,94560,3728,228112,60.822743915571834
1791461548,835262,27692,459840,94560,3792,228240,59.476982926302135
1791461554,837150,27760,459732,94560,3792,230160,61.48516995020567
1791461560,834846,27536,459576,94560,3792,228240,58.14450619923044
1791461566,835366,28024,459608,94560,3792,228240,59.44432479000646
1791461572,835190,27996,459584,94560,3792,228112,57.34204793028322
1791461578,835714,28268,459708,94560,3792,228240,65.85832801531589
1791461584,835602,28076,459700,94560,3764,228368,58.81099509908374
1791461589,835714,28496,459784,94560,3488,228368,58.406699592012025
1791461595,837170,28132,459560,94560,3488,230416,54.949847361535106
1791461601,835126,27912,459804,94560,3472,228368,58.31514622435618
1791461607,834798,27948,459728,94560,3440,228112,57.92630676949443
1791461613,834670,27928,459496,94560,3440,228240,59.04761904761905
1791461619,835418,28388,459576,94560,3600,228240,57.90607496768634
1791461625,835638,28392,459492,94560,3700,228368,62.07346229080635
1791461631,835766,28432,459576,94560,3700,228368,59.663328361389304
1791461636,837866,28284,461316,94560,3700,228880,80.24369016536119
1791461642,836698,28600,459960,94560,3700,228752,54.15595544130248
1791461648,836838,28364,460332,94560,3700,228752,59.84994640943194
1791461654,837410,28876,460392,94560,3700,228752,60.04717992708557
1791461660,837038,28992,459904,94560,3704,228752,61.78861788617886
1791461666,840826,31244,461304,94560,3704,228880,68.12567713976165
1791461672,852774,32844,470208,94552,3796,230204,120.23422251138582
1791461678,839482,28472,461556,94552,3796,229948,56.88429217840982
1791461684,838710,27672,461480,94552,3772,230076,59.90504963314631
1791461689,840170,28300,462332,94552,3772,230048,60.268142157905935
1791461695,837894,27336,461564,94552,3772,229508,60.850880962612806
1791461701,838130,27584,461552,94552,3772,229508,61.20596498811325
1791461707,838442,27748,461600,94552,3848,229508,65.67550096961861
1791461713,837414,27112,461544,94552,3848,229164,65.63386428103863
1791461719,837454,27380,461316,94552,3848,229164,63.66723259762309
1791461725,837566,27596,461748,94552,3848,228624,59.51972555746141
1791461731,837030,27312,461372,94552,3848,228752,57.82073813708261
1791461737,838046,27968,461640,94552,3816,228880,58.51154833190761
1791461743,837346,27388,461524,94552,3816,228880,60.87888531618435
1791461748,837806,27648,461652,94556,3880,228880,57.8480190517428
1791461754,839098,28244,462340,94556,3880,228880,57.52653238033355
1791461760,837114,27012,461720,94556,3880,228752,60.76606795066003
1791461766,838114,27876,462076,94556,3716,228752,61.68264110756123
1791461772,837630,27496,461720,94552,3716,229008,57.21716514954487
1791461778,837830,27608,461804,94552,3720,229008,60.60606060606061
1791461784,838206,27804,462016,94552,3692,229008,58.91271388347412
1791461789,838478,27824,462268,94552,3692,229008,60.640383358745375
1791461795,840174,27380,464412,94552,3692,229008,78.49252761533462
1791461801,839478,27792,463428,94552,3692,228880,67.82307025151778
1791461807,840094,28276,463464,94552,3660,229008,67.30892742453436
1791461813,837770,27368,462176,94552,3660,228880,61.22186495176849
1791461819,838074,27632,462216,94556,3660,228880,65.13642269380684
1791461825,839714,28396,463088,94556,3660,228880,59.00106269925611
1791461831,839182,27972,462852,94556,3660,229008,69.7224015493867
1791461836,839426,28480,462696,94556,3584,229008,72.49134948096886
1791461842,837774,27392,462136,94556,3584,229008,65.38796861377506
1791461848,837502,27112,462272,94556,3584,228880,58.15998284366288
1791461854,838450,27700,462476,94552,3608,229008,58.1130453470879
1791461860,837910,27504,462136,94552,3608,229008,68.03722138065353
1791461866,837814,27512,462160,94552,3608,228880,61.92324277705907
1791461872,838238,27596,462368,94552,3608,229008,65.51949466347202
1791461878,838278,27532,462604,94552,3608,228880,62.17084136159281
1791461883,838910,27692,462564,94552,3608,229392,59.67567567567568
1791461889,838786,27576,462556,94552,3608,229392,67.71755560354136
1791461895,839038,27844,462540,94552,3608,229392,59.29108485499462
1791461901,838614,27412,462544,94552,3608,229392,67.41379310344827
1791461907,840838,28792,463644,94552,3608,229136,69.72318339100346
1791461913,839494,28380,462668,94552,3652,229136,58.56142584341184
1791461919,841954,28724,464080,94552,3680,229808,76.67676330592818
1791461925,839450,27492,462912,94552,3704,229680,61.431970581873244
1791461931,839870,27880,462884,94552,3736,229680,60.39030666952606
1791461937,840154,28184,463276,94552,3740,229264,58.3404619332763
1791461942,840206,28316,463072,94552,3740,229392,63.198791279948196
1791461948,842570,28452,463240,94552,3852,231312,60.06006006006006
1791461954,839750,27864,462924,94552,3852,229392,60.44905008635578
1791461960,841222,28712,463636,94552,3888,229264,65.32361765966567
1791461966,841258,28536,463720,94552,3888,229392,69.000853970965
1791461972,839506,27716,462920,94552,3888,229264,55.640078243860025
1791461978,839330,27712,462876,94552,3888,229136,61.21919584954605
1791461984,840342,28356,463172,94552,3836,229264,60.0384862091084
1791461990,840354,28084,463324,94556,3836,229392,61.33796698523023
1791461995,842274,28236,463044,94556,3836,231440,65.23902227990483
1791462001,840722,28480,463292,94552,3836,229392,67.53579824748877
1791462007,840122,28168,463040,94552,3804,229392,58.57049750162937
1791462013,839162,27636,462868,94552,3804,229136,62.02342917997869
1791462019,840418,28604,463152,94552,3804,229136,69.57997454391175
1791462025,840182,28448,462948,94552,3804,229264,61.44578313253012
1791462031,839154,27480,462888,94552,3804,229264,59.342076972694045
1791462037,842310,28172,465220,94552,3804,229392,91.90600522193212
1791462043,839578,27832,463084,94552,3804,229136,74.24593967517401
1791462049,840778,28032,463188,94552,3804,230032,73.13902285594465
1791462055,840570,27772,463492,94552,3804,230032,65.56815750053498
1791462061,840142,27600,463108,94552,3804,230160,59.06040268456376
1791462066,840422,27932,463040,94564,3804,230160,70.62818336162988
1791462072,841378,28228,463700,94564,3804,230160,66.95059625212947
1791462078,840042,27668,462928,94564,3804,230160,67.44487678339819
1791462084,842590,27744,463348,94564,3804,232208,75.98157490677781
1791462090,840310,27704,463284,94564,3804,230032,67.85178839151853
1791462096,840110,27656,463092,94564,3844,230032,61.03868347937593
1791462102,840470,27752,463324,94564,3852,230032,58.197424892703864
1791462108,840226,27508,463324,94564,3852,230032,56.98395721925134
1791462114,840078,27548,463012,94564,3852,230160,57.41626794258373
1791462120,842290,27628,463220,94564,3852,232080,61.551540913921365
1791462126,842498,28456,464520,94564,3852,230160,67.27037516170763
1791462131,840826,28064,463368,94564,3852,230032,63.82157409393094
1791462137,843902,28236,464096,94564,3852,232208,67.31058166988623
1791462143,841590,27868,464200,94564,3852,230160,60.919786096256686
1791462149,840150,27708,462984,94564,3916,230032,56.55862519034153
1791462155,840654,27928,463240,94564,3940,230032,61.51165323458942
1791462161,840238,27340,463412,94564,3940,230032,73.55531686358754
1791462167,840170,27592,463092,94564,3940,230032,58.78813923506661
1791462172,840138,27432,463088,94564,3940,230160,59.26562164483573
1791462178,840266,27412,463240,94564,3940,230160,61.05945945945946
1791462184,841894,27140,463124,94564,3912,232212,59.394731112562596
1791462190,841170,27872,463844,94564,3912,230032,61.55176140047547
1791462196,840002,27428,463124,94564,3912,230032,59.95680345572354
1791462202,840062,27448,463164,94564,3912,230032,58.14493978449187
1791462208,840070,27640,463140,94564,3880,229904,55.83386855063156
1791462214,840090,27732,463092,94564,3856,229904,58.88108912997234
1791462220,840954,28212,463472,94564,3856,229904,57.32786531405137
1791462226,839778,27380,463132,94564,3856,229904,58.288424229359784
1791462231,841406,27912,463584,94564,3856,230544,59.31656995486782
1791462237,841114,27888,463316,94564,3856,230548,58.482046871640506
1791462243,841422,28164,463352,94564,3856,230544,55.74614065180102
1791462249,842058,28532,463744,94564,3856,230416,64.23611111111111
1791462255,843114,28884,463908,94564,3856,230956,63.17152103559871
1791462261,842162,28124,463716,94564,3856,230956,58.83114082380849
1791462267,841662,28112,463360,94564,3856,230828,61.36752136752137
1791462273,842422,28720,463920,94564,3856,230416,61.760339342523864
1791462279,842894,28620,464496,94564,3856,230416,80.0
1791462285,841742,28508,463456,94564,3856,230416,58.77061469265368
1791462291,841910,28496,463500,94564,3856,230548,63.07125839289582
1791462297,842414,28808,463948,94564,3856,230292,59.233896854269204
1791462303,841694,28316,463596,94564,3856,230420,59.77306786555342
1791462309,842070,28576,463456,94564,3856,230676,58.1539117458964
1791462314,842238,28672,463524,94564,3856,230680,53.10418904403866
1791462320,841706,28064,463604,94564,3856,230676,58.12188245499892
1791462326,841698,28080,463580,94564,3856,230676,54.78746243022756
1791462332,841802,28252,463636,94564,3856,230552,54.763948497854074
1791462338,841462,27920,463632,94564,3856,230548,57.73369909263558
1791462344,844542,29604,465024,94564,3856,230548,61.130136986301366
1791462350,842994,29120,463900,94564,3920,230544,55.08825452168228
1791462356,847138,31084,465124,94564,3920,231488,72.6331679965495
1791462362,846746,29976,463864,94564,3920,233468,71.67832167832168
1791462367,850774,30920,467008,94564,3976,233336,93.98528775421894
1791462373,847866,27400,465572,94564,3976,235384,58.895705521472394
1791462379,846718,27780,466208,94564,3976,233212,58.81845623113411
1791462385,845322,27920,465460,94564,4000,232404,59.20884729902169
1791462391,844730,27456,465608,94564,4000,232128,58.620689655172406
1791462397,844666,27536,465456,94564,4000,232132,72.51063829787235
1791462403,844846,27580,465632,94564,3972,232128,67.09021601016518
1791462409,845550,28168,465748,94564,3972,232128,69.55039420413381
1791462415,844458,27340,465484,94564,3972,232128,60.12163336229366
1791462420,845070,27600,465708,94564,3972,232256,56.43010752688172
1791462426,844606,27416,465480,94564,3940,232256,58.599827139152985
1791462432,844458,27364,465384,94564,3940,232256,59.29108485499462
1791462438,846226,27088,465380,94564,3940,234304,56.87763713080168
1791462444,844182,27040,465456,94564,3916,232256,56.92241748821261
1791462450,844490,27472,465436,94564,3940,232128,59.91726540387546
1791462456,844834,27300,465696,94564,3940,232384,58.644067796610166
1791462462,844730,27332,465680,94564,3856,232384,60.46114432109309
1791462468,845950,28036,466300,94564,3692,232512,59.02748414376321
1791462474,845718,27872,466092,94564,3800,232512,63.738156761412576
1791462480,845026,27516,465844,94564,3816,232388,60.20775916896333
1791462486,852942,27448,473960,94564,3816,232252,81.87234042553192
1791462492,847901,28144,468092,94564,3816,232384,57.26756874727194
1791462497,846777,27424,467372,94564,3816,232704,59.25282363162467
1791462503,846557,27200,467368,94564,3820,232700,60.81668114682884
1791462509,847269,27888,467516,94564,3820,232572,60.18158236057069
1791462515,847321,27848,467508,94564,3796,232700,57.08218305372691
1791462521,848013,27964,468208,94564,3796,232572,61.511953478354506
1791462527,849897,28636,469420,94564,3796,232572,57.53660637381568
1791462533,853125,27492,467508,94564,3796,238856,60.837808807733616
1791462538,848189,28348,468000,94564,3796,232572,59.335920655454935
1791462544,847757,28052,467612,94564,3796,232828,58.89995669120831
1791462550,847225,27384,467672,94564,3860,232828,59.927644179612685
1791462556,847049,27260,467496,94564,3860,232956,58.25993555316864
1791462562,847525,27388,467840,94564,3860,232956,59.335476956055736
1791462568,847425,27600,467660,94564,3860,232828,63.00429184549357
1791462574,850017,28552,469296,94564,3860,232828,57.705479452054796
1791462580,849533,27852,467592,94564,3860,234752,59.58360163125134
1791462586,847465,27812,467776,94564,3832,232572,58.41647208660582
1791462592,847393,27876,467512,94564,3832,232700,61.57782515991471
1791462598,848441,28364,468072,94564,3832,232700,66.49528706083976
1791462604,848649,28156,468232,94564,3832,232956,62.058504875406285
1791462609,848661,27668,468764,94564,3800,232960,73.29299913569577
1791462615,847945,27868,467844,94564,3800,232960,61.51172893136403
1791462621,848345,28044,468072,94564,3800,232956,66.3167104111986
1791462627,848561,28384,467960,94564,3800,232700,72.94266976940978
1791462633,848341,27896,468096,94564,3800,232832,59.038706933219906
1791462639,849197,28296,468420,94564,3800,232960,61.186440677966104
1791462645,848697,28080,468132,94564,3800,232964,58.031959629941134
1791462651,849381,28528,468324,94564,3832,232960,62.8281117696867
1791462657,850357,28908,468108,94564,3848,233760,60.13239376468076
1791462663,848401,27456,467984,94564,3848,233372,59.33417614833544
1791462669,849545,28152,468252,94564,3964,233368,57.671290458175704
1791462675,848561,27648,468036,94564,3968,233104,68.27781406488134
1791462681,848241,27600,468008,94564,4000,232828,58.43270868824531
1791462687,848329,27648,468048,94564,4000,232828,63.10865405060599
1791462692,848025,27300,467960,94564,4000,232960,69.20415224913495
1791462698,853565,27928,468896,94564,4000,236932,68.51255634256277
1791462704,849441,28216,468332,94564,4000,233084,72.99332902948139
1791462710,849165,27644,468500,94564,4000,233212,71.74809989142237
1791462716,848229,27312,468028,94564,4000,233084,73.1128074639525
1791462722,848897,27692,468312,94564,4000,233084,70.16645326504481
1791462728,850589,27764,469936,94564,4000,233084,74.40677966101696
1791462734,848193,27256,468048,94564,4000,233084,72.77375372816361
1791462740,848385,27468,468048,94564,3976,233088,72.44701348747591
1791462746,848289,27352,468132,94564,4040,232956,72.10152721015271
1791462752,848445,27496,468012,94564,4040,233084,57.43944636678201
1791462757,848549,27480,468000,94564,4040,233216,65.83584013751612
1791462763,848265,27412,468044,94564,4040,232956,69.68641114982579
1791462769,847929,26916,468076,94564,4040,233084,58.502812635222845
1791462775,849441,27316,468420,94564,4040,233852,59.26562164483573
1791462781,850825,28040,469112,94564,4012,233852,69.28725701943844
1791462787,849709,27344,468692,94564,4012,233852,74.74048442906575
1791462793,849853,27584,468592,94564,4012,233856,63.7817096567896
1791462799,852237,27080,468796,94564,4012,236540,57.19207579672696
1791462805,851409,27608,469612,94564,4012,234364,62.355460385438974
1791462811,852633,28504,470072,94564,3820,234496,70.90791459995687
1791462816,851065,27924,469344,94564,3820,234240,58.05066552168313
1791462822,851521,27812,469656,94564,3820,234492,67.21382289416846
1791462828,851257,27732,469472,94564,3820,234492,70.62378588387654
1791462834,850489,27316,469248,94564,3820,234364,63.847321622207765
1791462840,850545,27312,469312,94564,3820,234364,69.4229112833764
1791462846,851493,28160,469408,94564,3820,234368,77.30876365973859
1791462852,852557,28708,469924,94564,3820,234364,77.53765553372625
1791462858,855165,29404,470084,94564,3820,236116,60.052219321148826
1791462863,854025,28424,469932,94564,3820,236116,58.474032913015606
1791462869,854845,28612,470012,94564,3820,236664,57.31497418244407
1791462875,854013,27756,469912,94564,3820,236792,65.82064297800339
1791462881,853977,27872,469888,94564,3820,236660,65.01283147989734
1791462887,853333,28940,470196,94564,3820,234636,68.4446340943034
1791462893,852337,28276,469860,94564,3820,234640,59.98718222602009
1791462899,852537,28064,470148,94564,3820,234764,63.69098712446352
1791462905,852165,28088,469756,94564,3820,234764,59.86509274873525
1791462911,852469,28336,469812,94564,3820,234764,67.64452113891286
1791462917,851973,28188,469592,94564,3820,234636,62.74848746758859
1791462923,853001,28540,470136,94564,3820,234764,61.32524902555219
1791462929,851921,28036,469560,94564,3820,234768,58.93657911595132
1791462934,852049,28092,469504,94564,3820,234896,62.26617931627607
1791462940,852749,28368,469924,94564,3820,234896,69.95202791103358
1791462946,852329,28016,469792,94564,3884,234896,69.2223439211391
1791462952,852485,28304,469652,94564,3884,234896,58.12912848923929
1791462958,851765,27696,469632,94564,3916,234768,56.200471192974945
1791462964,852237,28148,469644,94564,3916,234768,61.81430096051227
1791462970,858633,28256,475932,94564,3916,234768,86.12146459109844
1791462976,853061,28624,469996,94564,3916,234764,56.58831140823809
1791462982,853533,28928,470176,94564,3912,234764,66.50872280852896
1791462987,855873,29676,471760,94564,3912,234768,70.4907306434024
1791462993,856045,29840,471644,94564,3912,234892,62.9193899782135
1791462999,902113,31680,514396,94564,4040,236220,126.98137721957556
1791463005,866905,30316,478592,94564,4108,238036,96.89119170984456
1791463011,863517,28504,477312,94564,4108,237740,63.59761295822677
1791463017,863345,28268,477372,94564,4108,237744,74.04530744336569
1791463023,863001,28212,477352,94564,4108,237476,64.15910073497622
1791463029,862005,27968,476600,94564,4108,237476,62.664084355498176
1791463035,863329,28540,477304,94564,4108,237532,67.63494472143941
1791463040,868597,29104,479896,94564,4056,239696,74.4786067512363
1791463046,868241,29496,479280,94564,4056,239564,78.40761575075724
1791463052,868309,28288,478508,94564,4056,241612,65.25679758308158
1791463058,866033,28376,478444,94564,4056,239312,65.57659208261619
1791463064,866373,28668,478540,94564,4024,239312,72.39819004524887
1791463070,866893,29068,478532,94564,4024,239440,69.15688367129135
1791463076,869225,29432,478476,94564,4008,241488,70.0942587832048
1791463082,866409,28540,478212,94564,4008,239828,63.76938196112688
1791463087,866837,28908,478404,94564,4008,239696,62.55430060816681
1791463093,867689,29344,478816,94564,4008,239696,60.87530239718496
1791463099,866113,28456,478256,94564,4008,239568,62.70783847980997
1791463105,866885,28896,478848,94564,4008,239308,70.26220422084843
1791463111,866369,28664,478432,94564,4008,239440,59.13410770855333
1791463117,869777,29360,479172,94564,3956,241488,60.78514140987758
1791463123,873713,28756,485764,94564,3956,239436,86.59619450317125
1791463129,867557,29096,479136,94564,3956,239568,58.99957246686618
1791463135,866701,28832,478676,94564,3956,239436,53.26590813316477
1791463141,872997,28688,479728,94564,3956,244828,55.208333333333336
1791463147,876953,29600,480368,94564,4052,247132,58.89464594127807
1791463152,876493,29224,480400,94564,4052,247004,60.04717992708557
1791463158,879357,30608,481880,94564,4052,247000,70.40838611050447
1791463164,878281,27624,482560,94564,4052,248228,69.88624168276453
1791463170,878661,27116,481528,94564,4052,250152,67.02014846235419
1791463176,879357,28716,482800,94564,4052,247972,66.63804207814513
1791463182,879369,28792,482772,94564,4024,247972,69.86974161862054
1791463188,884093,29592,485928,94564,4024,248740,77.01916864096489
1791463194,885605,29448,485408,94564,4024,250916,74.83870967741936
1791463200,883417,29344,485244,94564,4024,248996,73.09027777777779
1791463205,883785,29716,485312,94564,3960,248996,74.49392712550608
1791463211,881553,28856,483936,94564,3960,249000,70.74479502039064
1791463217,883965,30048,485028,94564,3960,249128,75.63318777292577
1791463223,885761,29660,485804,94564,3960,250536,71.16458960034379
1791463229,881229,27968,483096,94564,3960,250408,71.39469713300281
1791463235,882917,28708,483912,94564,3960,250536,71.31647776809066
1791463241,885869,30108,485588,94564,3960,250412,71.61125319693095
1791463247,885657,29908,485448,94564,3960,250540,90.8973531310523
1791463253,883873,29052,484392,94564,3960,250668,73.46410864410433
1791463258,887289,30116,486692,94564,4012,250668,82.65039232781169
1791463264,886217,29052,486680,94564,4012,250672,70.59334927189741
1791463270,885785,29184,486252,94564,4012,250536,66.09442060085837
1791463276,888413,30228,487832,94564,4012,250540,69.64665815240528
1791463282,890277,29144,486660,94564,4036,254636,68.04872836076085
1791463288,884565,28764,485424,94564,4036,250540,69.02768834513844
1791463294,886725,29724,486752,94564,4036,250412,76.71232876712328
1791463300,884597,29120,485228,94564,4036,250412,67.1664167916042
1791463306,886569,30144,486048,94564,4036,250540,66.88325752653238
1791463311,887261,29940,485968,94564,4036,251516,69.32764140875133
1791463317,887873,29468,487056,94564,4036,251512,69.12303382891618
1791463323,888813,30228,487236,94564,4036,251512,71.7948717948718
1791463329,886473,28524,486600,94564,4036,251512,68.95958727429063
1791463335,884237,27468,485416,94564,4036,251516,65.61567959096719
1791463341,883585,27416,485100,94564,4012,251256,68.58594411515665
1791463347,884773,27920,485596,94564,4072,251384,69.35622317596567
1791463353,890353,29012,485980,94564,4072,255480,66.60929432013769
1791463359,885045,27956,485824,94564,4072,251384,70.56286392063834
1791463365,893829,27952,494484,94564,4072,251512,86.05099635740304
1791463371,887677,28788,487496,94564,4072,251512,65.32030401737242
1791463376,886117,28224,486500,94564,4072,251512,64.36387041407423
1791463382,885369,27664,486348,94564,4044,251512,65.80616932837454
1791463388,886901,28576,486968,94564,4044,251512,64.01347652137292
1791463394,889353,27976,485924,94564,4044,255608,67.18080548414738
1791463400,884917,27996,485824,94564,4044,251252,62.40409207161125
1791463406,886881,28856,486280,94564,4012,251928,66.18088298328333
1791463412,888197,28984,487468,94564,4012,251928,63.26618088298328
1791463418,885997,28024,486100,94564,4012,252056,60.69565217391304
1791463424,884337,27396,485600,94564,4012,251524,61.89655172413793
1791463430,887365,28920,487116,94564,4012,251512,64.28878384185647
1791463435,885493,27776,486388,94564,4012,251512,62.129144851657934
1791463441,885293,27808,486152,94564,4012,251516,61.00217864923747
1791463447,884253,27316,485612,94564,4012,251512,60.822743915571834
1791463453,885113,27732,486180,94564,4012,251384,62.08541079557771
1791463459,884177,27484,485624,94564,4012,251252,57.84588819339521
1791463465,886901,28652,487052,94564,4012,251380,60.860168575751025
1791463471,885605,27692,486716,94564,4012,251380,60.38062283737025
1791463476,886905,28108,487468,94564,4012,251512,60.37407568508048
1791463482,884773,27420,486156,94564,4012,251384,58.68725868725869
1791463488,885693,27552,486812,94564,4012,251512,81.1919671777154
1791463494,885109,27260,486780,94564,4012,251252,63.130659767141005
1791463500,886853,27848,487676,94564,4012,251512,58.94920427294528
1791463506,886261,27760,487376,94564,3960,251384,61.472048348802076
1791463512,886097,27740,487232,94564,3960,251384,63.86411889596603
1791463518,886785,28080,487580,94564,3960,251384,62.5346112886049
1791463524,889517,29528,488732,94564,3960,251516,61.35338345864662
1791463529,891361,28184,487828,94564,3960,255608,60.65359477124183
1791463535,886161,27700,487336,94564,3960,251384,63.72736954206603
1791463541,890249,27812,487212,94564,3960,255484,62.604120999561594
1791463547,885645,27256,487204,94564,4020,251384,62.324172257087206
1791463553,886157,27540,487424,94564,4020,251384,57.31549417350021
1791463559,887389,28332,487864,94564,4020,251384,61.05037513397642
1791463565,887457,28720,487416,94564,4020,251512,59.464131374243735
1791463571,886809,28220,487264,94564,4020,251516,59.246427024686014
1791463576,887625,28852,487576,94564,4020,251388,61.96095258528212
1791463582,886389,28080,486996,94564,4016,251516,64.21232876712328
1791463588,887533,28408,487816,94564,4016,251512,59.2528982395878
1791463594,887441,28560,487572,94564,4016,251512,62.72138228941685
1791463600,886689,28260,487248,94564,4016,251384,59.495580944169
1791463606,930013,29500,529364,94564,3984,251384,83.83285933056224
1791463612,889365,29276,488940,94564,3984,251384,62.29296622929662
1791463618,891969,28608,488120,94564,3984,255476,62.62497340991279
1791463624,889777,29440,489192,94564,3984,251380,69.58011996572408
1791463629,887697,28536,488016,94564,3984,251380,62.317596566523605
1791463635,887589,28408,488036,94564,3984,251380,61.446298673513056
1791463641,888257,28824,488308,94564,3960,251384,62.547288776796975
1791463647,891609,30472,490012,94564,3960,251380,63.624733475479744
1791463653,890501,29644,489732,94564,3960,251380,61.93327630453379
1791463659,892641,28792,488628,94564,3960,255476,67.89541363051865
1791463665,887045,27884,488168,94564,3960,251252,61.4065180102916
1791463671,893885,29512,489148,94564,3960,255480,66.85332758992031
1791463677,888729,28920,488896,94564,3808,251384,65.22945570971184
1791463683,887033,28388,487824,94564,3836,251260,59.97392438070405
1791463689,893489,29560,488824,94564,3868,255484,66.95576756287944
1791463694,889065,29124,488804,94564,3872,251512,65.6561281940234
1791463700,893193,29492,488468,94564,3872,255608,58.93470790378007
1791463706,889109,29184,488656,94564,3872,251644,66.68109980515263
1791463712,888345,28916,488420,94564,3872,251384,59.48717948717949
1791463718,888325,29140,488104,94564,3920,251388,59.827586206896555
1791463724,887573,28456,488040,94564,3920,251384,69.13155631986243
1791463730,889209,28588,489372,94564,3952,251512,85.23332623055614
1791463736,927409,31036,523900,94564,3956,252724,99.3579809608147
1791463741,900473,31664,495964,94564,4032,253000,90.09009009009009
1791463747,897665,29140,495660,94564,4036,253000,66.16019101367485
1791463753,896921,29140,495616,94564,4036,252300,69.3913043478261
1791463759,895729,28484,495208,94564,4036,252172,65.82936336076224
1791463765,896981,29916,495152,94564,4036,252044,68.07032776210114
1791463771,897457,30204,495708,94564,4036,251676,64.28263679448514
1791463777,900053,29232,495060,94564,4036,255900,63.407279776006895
1791463783,900829,29464,495768,94564,4008,255768,64.11688869789428
1791463788,896037,29052,495352,94564,4008,251804,59.09287257019439
1791463794,896381,29416,495332,94564,4008,251804,65.14433433864714
1791463800,895737,28872,495232,94564,4008,251804,63.12148724600086
1791463806,895457,28584,495368,94564,4008,251676,64.46886446886447
1791463812,897257,29880,495920,94564,3976,251676,61.512027491408936
1791463818,896273,29320,495628,94564,3976,251544,59.96055226824457
1791463824,896637,29400,495780,94564,3976,251676,62.04363793475913
1791463830,896937,30024,495456,94564,3976,251676,64.12411118293471
1791463835,898505,30500,496544,94564,3976,251676,64.51056489866322
1791463841,900745,31408,497748,94564,3976,251804,70.91178337211763
1791463847,898813,30448,496776,94564,3976,251808,58.77137428752375
1791463853,896969,29776,495584,94564,3992,251808,72.49190938511327
1791463859,912845,34960,503040,94564,4112,254916,110.82993780827792
1791463865,903841,28216,500240,94564,4112,255444,69.94906621392191
1791463871,904877,28976,500776,94564,4112,255176,72.49521378430121
1791463877,904637,29656,500796,94564,4112,254236,75.15977844056242
1791463883,908093,30508,502324,94564,4136,255288,70.91650568791586
1791463889,904589,29052,500280,94564,4136,255284,67.5335749307184
1791463895,907141,29888,502032,94564,4108,255284,69.30352536543423
1791463901,907117,29828,502200,94564,4108,255152,67.4428633031479
1791463906,907089,30044,501956,94564,4108,255152,72.74294333117862
1791463912,905441,29244,501104,94564,4108,255156,77.21410146173689
1791463918,904105,28332,500584,94564,4076,255284,62.45989304812834
1791463924,908069,28324,500460,94564,4076,259380,64.72602739726028
1791463930,904961,28408,501236,94564,4076,255412,66.93565512847738
1791463936,908477,28364,500828,94564,4076,259380,68.9984792526613
1791463942,903529,28368,499976,94564,4076,255284,63.93762183235867
1791463948,908405,28760,500320,94564,4112,259384,64.56494325346785
1791463954,909913,29732,500984,94564,4112,259248,68.17599316531397
1791463960,911805,32612,504088,94564,4112,255152,79.59675651983345
1791463965,923373,34780,508160,94564,4116,260456,108.68905742145178
1791463971,913569,30048,507056,94564,4116,256492,72.50597696153011
1791463977,916293,29328,506404,94564,4116,260588,68.95353886235344
1791463983,913529,30148,507996,94564,4116,255412,77.73972602739725
1791463989,909986,28844,505868,94564,4140,255284,72.14532871972318
1791463995,913549,30528,507736,94568,4140,255284,78.83461868037703
1791464001,910141,28972,505920,94568,4112,255284,65.7700650759219
1791464007,911825,29804,506644,94568,4112,255412,65.56248655624866
1791464013,915397,29536,506648,94568,4112,259248,64.56624946050928
1791464019,909453,28472,505604,94568,4112,255412,65.32015470562956
1791464024,909001,28528,505144,94568,4080,255416,66.03012942923829
1791464030,909069,28444,505300,94568,4080,255412,65.68313021167414
1791464036,908845,28492,505024,94568,4080,255412,60.047588146225394
1791464042,908985,28368,505288,94568,4080,255416,64.93055555555556
1791464048,908257,28144,505068,94568,4056,255156,65.22781774580336
1791464054,909305,28956,505048,94568,4056,255412,62.839879154078545
1791464060,913753,31116,507460,94568,4056,255284,65.85418002993372
1791464066,910301,29780,505344,94568,4056,255284,64.9160568230736
1791464072,910133,29520,505432,94568,4056,255288,70.37671232876713
1791464078,820933,33876,425504,94564,4140,241572,142.61694330674715
1791464083,809513,28572,419516,94564,4140,241440,67.94567794783359
1791464089,808409,28268,419164,94564,4140,240992,65.31317494600431
1791464095,806709,27420,418576,94564,4140,240728,63.745704467353946
1791464101,806397,27096,418724,94564,4140,240596,67.00021753317381
1791464107,807997,28544,418872,94564,4140,240596,64.16558861578267
1791464113,811357,28020,418780,94564,4112,244608,65.67418119948958
1791464119,807913,28276,419592,94564,4112,240096,63.76561826798793
1791464125,814317,28244,419316,94564,4112,246808,63.35616438356164
1791464131,814425,28328,419468,94564,4112,246680,61.259706643658326
1791464136,812457,27412,418324,94564,4080,246808,63.49206349206349
1791464142,813761,27812,419224,94564,4080,246808,64.98503634031637
1791464148,813073,27820,418344,94564,4140,246932,66.26506024096386
1791464154,812677,27328,418560,94564,4140,246804,62.56210844674875
1791464160,812637,27500,418352,94564,4140,246804,66.80942184154176
1791464166,812909,27536,418584,94564,4140,246804,60.904996783186796
1791464172,812897,27768,418344,94564,4140,246804,62.2107969151671
1791464178,813289,27888,418608,94564,4140,246808,62.532299741602074
1791464184,812909,27484,418540,94564,4112,246936,62.17084136159281
1791464190,813849,27904,419064,94564,4112,246932,61.38107416879796
1791464195,812937,27612,418444,94564,4112,246936,62.25279449699054
1791464201,814513,28240,419392,94564,4112,246936,87.94386561769083
1791464207,813861,28316,418824,94564,4080,246808,67.55479157713793
1791464213,814509,28316,418808,94564,4080,247468,62.83724978241949
1791464219,815621,28452,419912,94564,4080,247340,68.08510638297872
1791464225,813881,27696,418928,94564,4080,247344,62.832618025751074
1791464231,814389,28672,419120,94564,4080,246680,64.22097539922314
1791464237,814117,28376,419020,94564,4080,246808,64.20824295010846
1791464242,815177,28744,419580,94564,4080,246936,64.90663232453316
1791464248,813709,27952,418912,94564,4080,246932,59.39161880450968
1791464254,813829,27964,419020,94564,4080,246932,63.30935251798561
1791464260,813377,27660,418872,94564,4080,246932,60.543337645536866
1791464266,814077,27972,419380,94564,4080,246808,65.02802932298405
1791464272,814725,28244,419756,94564,4080,246808,64.43532714316562
1791464278,814597,28448,419556,94564,4080,246676,65.24575902566333
1791464284,814185,28556,419040,94564,4080,246676,58.94916702263989
1791464290,814217,28352,419124,94564,4104,246804,62.002152852529605
1791464295,814857,28828,419284,94564,4104,246804,60.802732707087955
1791464301,815785,29172,419736,94564,4104,246936,63.620386643233736
1791464307,814733,28748,419104,94568,4104,246936,59.88749459108611
1791464313,814585,28580,419256,94568,4104,246804,62.95585412667947
1791464319,839961,29616,443280,94568,4156,247064,86.82713347921225
1791464325,824969,34132,423712,94564,4216,247300,118.02990325417765
1791464331,816369,28064,421052,94564,4216,247428,65.97222222222221
1791464337,820761,28400,421280,94564,4216,251252,64.9624060150376
1791464343,812929,27612,420836,94564,4216,244656,64.42266723476779
1791464348,813489,27676,421080,94564,4192,244912,65.84575502268308
1791464354,817837,27896,421112,94564,4192,249012,62.58915063756213
1791464360,817105,27204,421076,94564,4192,249008,64.31642304385211
1791464366,814965,28320,421908,94564,4192,244916,61.76470588235294
1791464372,812709,27292,420812,94564,4192,244788,62.35294117647059
1791464378,813329,27708,421016,94564,4192,244788,60.42608134280181
1791464384,813157,27704,420884,94564,4164,244788,60.29539530842746
1791464390,813093,27516,421008,94564,4164,244788,61.31386861313869
1791464396,813261,27604,420960,94564,4164,244912,60.950727154330366
1791464401,815109,28776,421636,94564,4164,244912,61.89856957087127
1791464407,813605,27580,421376,94564,4132,244912,64.75195822454309
1791464413,813401,27380,421372,94564,4132,244912,62.54355400696864
1791464419,817517,27608,421292,94564,4132,248884,63.07125839289582
1791464425,814589,28336,421728,94564,4132,244788,61.855670103092784
1791464431,813633,27820,421168,94564,4132,244912,61.801109688433634
1791464437,814121,27948,421524,94564,4132,244912,62.815575524176296
1791464443,813805,28036,421224,94564,4156,244788,63.938290122134134
1791464448,814297,27828,421796,94564,4156,244916,85.62744246634824
1791464454,814253,27852,421724,94564,4156,244916,65.29194703711742
1791464460,813985,27804,421640,94564,4156,244784,61.68590720975822
1791464466,822969,30256,422972,94564,4096,250064,62.74172754619683
1791464472,818969,27616,421612,94564,4096,250068,62.48941574936494
1791464478,819873,28172,421956,94564,4096,250068,63.298215437540314
1791464484,814897,28000,421520,94564,4096,245700,60.660276890308836
1791464490,814885,28068,421836,94564,4096,245304,64.23232970318172
1791464496,814533,27996,421432,94564,4096,245432,61.12899763897832
1791464502,815025,28140,421800,94564,4072,245432,63.32408790270962
1791464507,814489,27804,421476,94564,4072,245560,59.822779338664354
1791464513,814805,27852,421736,94564,4072,245564,58.23491518144729
1791464519,814329,27468,421640,94564,4072,245564,58.406699592012025
1791464525,818685,27536,421836,94564,4072,249656,63.34111653576735
1791464531,814753,28240,421428,94564,4072,245432,58.310040851429804
1791464537,813873,27400,421384,94564,4072,245436,60.51566162369486
1791464543,814917,27408,422420,94564,4072,245436,62.20489495343296
1791464549,819617,28016,422404,94564,4096,249532,59.19515361315448
1791464555,814937,27592,422244,94564,4096,245432,59.64231846584788
1791464561,815201,27600,422368,94564,4096,245564,61.68344399228957
1791464566,820517,27576,427708,94564,4096,245564,84.53876136855781
1791464572,815901,28056,422612,94564,4096,245564,60.22063595068138
1791464578,815577,27700,422640,94564,4096,245564,61.05810928013877
1791464584,814997,27264,422668,94564,4068,245432,60.2858380251191
1791464590,815789,27760,422960,94564,4068,245432,58.87445887445888
1791464596,815345,27804,422600,94564,4068,245308,58.310040851429804
1791464602,815729,27780,422880,94564,4068,245432,59.01497070948145
1791464607,815313,27548,422604,94564,4036,245560,58.443529156730975
1791464613,816425,28188,423068,94564,4036,245564,59.56531095330321
1791464619,815097,27216,422716,94564,4036,245564,59.70149253731343
1791464625,819293,27428,422732,94564,4036,249532,56.75096442348907
1791464631,815573,27544,422988,94564,4036,245436,63.82887700534759
1791464637,816713,28092,423580,94564,4036,245436,58.78594249201278
1791464643,816281,27956,423500,94564,3884,245436,61.143224149004496
1791464649,815505,27580,422960,94564,3892,245564,58.25747724317295
1791464654,816493,28036,423364,94564,3892,245436,61.391719054845005
1791464660,820937,28188,423436,94564,3892,249656,58.86922744928788
1791464666,815565,27404,422940,94564,3892,245564,58.197424892703864
1791464672,815713,27476,423020,94564,3892,245560,60.47216807450726
1791464678,815613,27556,422968,94564,3892,245436,59.119226638023626
1791464684,816369,27904,423376,94564,3892,245432,58.26330532212886
1791464690,817081,27904,424084,94564,3892,245436,82.27794305142372
1791464696,816381,27540,423752,94564,3892,245432,57.10643722115998
1791464702,816597,27948,423896,94564,3740,245304,59.74025974025974
1791464708,816337,27876,423456,94564,3740,245560,60.996563573883165
1791464713,816537,27764,423764,94564,3740,245560,61.57860404435746
1791464719,820421,27700,423740,94564,3740,249532,58.882803943044905
1791464725,815673,27280,423516,94564,3740,245432,63.245250054597065
1791464731,816509,27752,423872,94564,3740,245436,57.42616943306748
1791464737,816109,27736,423468,94564,3756,245436,63.73344724476719
1791464743,816577,27900,423700,94564,3812,245432,62.3511582593635
1791464748,817133,28056,423856,94564,3908,245564,62.71113035946298
1791464754,816693,27648,423820,94564,3908,245560,58.46827133479212
1791464760,816441,27588,423644,94564,3988,245436,60.18538478120284
1791464766,816461,27588,423668,94564,3988,245432,56.63563541892185
1791464772,816685,27572,423904,94564,3988,245436,57.62057877813505
1791464778,817069,28076,423780,94564,3988,245432,61.79751631235529
1791464784,817221,28012,424024,94564,3960,245436,58.36177474402731
1791464790,816481,27932,423500,94564,3960,245304,59.36760593676059
1791464796,821313,27848,424060,94564,3960,249656,61.272923408845735
1791464801,816397,27556,423688,94564,3936,245432,59.09189658918097
1791464807,840341,27648,447444,94564,3904,245560,79.28085946064459
1791464813,816517,27696,423824,94564,3904,245304,64.6727351538795
1791464819,817381,28392,423992,94564,3904,245304,60.72435480373021
1791464825,820241,29212,423880,94564,3904,247460,61.696658097686374
1791464831,819881,28744,423984,94564,3904,247460,59.07534246575342
1791464837,819297,28248,423644,94564,3904,247716,58.21313240043057
1791464842,825069,28768,424792,94564,3904,251816,59.03484094351872
1791464848,817293,28332,423840,94564,3904,245432,58.2905982905983
1791464854,818969,28848,424868,94564,3904,245560,61.885157096424706
1791464860,824525,29516,426336,94564,3904,248980,64.38152011922503
1791464866,818221,28824,424820,94564,3904,244884,60.06586169045005
1791464872,817029,28568,423888,94564,3904,244884,57.47077577045696
1791464878,816897,28400,423920,94564,3904,244884,64.17486338797815
1791464884,818429,29160,424560,94564,3904,245016,58.0659056644411
1791464889,818565,29008,424852,94564,3904,245012,62.247337535318415
1791464895,817221,28804,423844,94564,3904,244884,62.231852654387865
1791464901,818033,28844,424480,94564,3904,245016,64.4468313641246
1791464907,817085,28292,424092,94564,3904,245012,63.95806028833552
1791464913,818241,29208,424456,94564,3904,244884,62.130937098844676
1791464919,817133,28568,423992,94564,3904,244884,56.66016894087069
1791464925,817753,29084,424092,94564,3904,244884,58.26330532212886
1791464930,818193,29284,424076,94564,3904,245144,79.87923226223852
1791464936,817045,28872,423596,94564,3904,244884,59.88181221273802
1791464942,817457,29240,423640,94564,3904,244884,56.35501938819474
1791464948,817141,28636,423736,94564,3968,245012,59.734702610184
1791464954,818653,29772,424228,94564,3968,244888,74.70550439066182
1791464960,826697,31240,429440,94564,3992,246208,128.5367468549989
1791464966,818813,28312,424748,94564,3992,245952,62.5
1791464972,817973,27724,424792,94564,3992,245656,60.593129933859615
1791464978,817721,27588,424676,94564,3992,245656,56.97329376854599
1791464984,822233,27768,424924,94568,3992,249736,62.72138228941685
1791464989,817909,27696,424768,94568,3992,245640,58.49535080304311
1791464995,818133,27900,424948,94564,3964,245512,58.99957246686618
1791465001,816981,27560,424768,94564,3964,244884,55.834242093784084
1791465007,821273,28060,428384,94564,4004,245012,70.16042780748664
1791465013,820561,27396,428336,94564,4004,245012,55.95365801330187
1791465019,820781,27668,428460,94564,3972,244884,62.09573091849935
1791465025,824465,27440,428272,94564,3972,248984,58.270361041141896
1791465031,820521,27528,428336,94564,3972,244888,56.749785038693034
1791465037,820737,27856,428228,94564,3972,244884,56.58831140823809
1791465043,820425,27616,428144,94564,3972,244888,54.903658800606195
1791465048,820513,27524,428200,94564,3972,245012,53.193350831146105
1791465054,822421,27816,429940,94564,3972,244884,61.69980336464933
1791465060,821677,27360,429528,94564,3972,245012,53.34510929565025
1791465066,826013,27484,429772,94564,3972,248980,57.14285714285714
1791465072,826949,28124,430064,94564,3972,248980,54.95018019927921
1791465078,822521,28004,429852,94564,3972,244884,59.678782755705825
1791465084,823633,27632,431340,94564,3972,244884,83.69704749679076
1791465090,823665,27592,431412,94564,3972,244884,56.51984300043611
1791465096,823509,27584,431264,94564,3972,244884,54.947413608070406
1791465101,824209,27828,431616,94564,3948,245016,56.23931623931624
1791465107,824033,27888,431380,94564,3948,245016,54.36893203883495
1791465113,824377,27876,431740,94564,3948,245012,58.449049348429824
1791465119,824745,28540,431444,94564,3948,245012,56.94564279551337
1791465125,823933,27492,431680,94564,3948,245012,61.52527849185947
1791465131,824233,27752,431920,94564,3896,244888,58.648533786655335
1791465137,824649,27956,432216,94564,3840,244884,57.0446735395189
1791465143,823645,27724,431600,94564,3732,244888,55.410526315789475
1791465149,825209,28220,432416,94564,3920,244884,58.60681770061401
1791465155,823925,27596,431744,94564,3924,244884,56.865640160303734
1791465161,823277,27092,431600,94564,3924,244888,56.35974304068523
1791465167,824741,28004,432152,94564,3924,244884,61.43431351808758
1791465173,827809,27680,431452,94564,3924,248980,58.21962313190383
1791465179,823933,27652,431696,94564,3924,244884,56.134453781512605
1791465185,824493,28408,431532,94564,3896,244888,59.348198970840485
1791465191,823921,28044,431452,94564,3896,244760,55.8299334335409
1791465197,824725,28276,431896,94564,3896,244888,60.34147395720769
1791465202,851925,28124,459256,94564,3896,244884,74.5363299149029
1791465208,826565,28908,432908,94564,3944,245012,60.75949367088608
1791465214,824125,28124,431236,94564,3944,245016,56.63265306122449
1791465220,827941,27976,431232,94564,3944,248984,56.678082191780824
1791465226,824161,28196,431324,94564,3944,244888,54.27477669076989
1791465232,824525,28444,431444,94564,3944,244884,56.20971207563387
1791465238,824973,28848,431616,94564,3944,244756,56.83714958270918
1791465244,825677,29268,432132,94564,3944,244524,54.85812553740327
1791465250,824637,28924,431312,94564,3944,244652,51.334180432020325
1791465256,824677,28768,431504,94564,3944,244652,55.09547307444754
1791465262,824877,28976,431372,94564,3944,244780,52.94370434035238
1791465267,826101,28992,432836,94564,3944,244524,61.07135111689438
1791465273,830441,28844,432968,94564,3944,248876,57.0186875271621
1791465279,826257,29040,432812,94564,3944,244656,57.340241796200345
1791465285,826133,28776,432824,94564,3944,244784,60.02162162162163
1791465291,837361,31428,440104,94564,4040,245956,118.4284784024311
1791465297,840125,32124,438168,94564,4052,249944,90.6805374945817
1791465303,829957,28924,435324,94564,4052,245820,62.88659793814433
1791465308,828901,28236,434808,94564,4076,245948,63.07196562835661
1791465314,831997,30172,436608,94564,4092,245280,68.87417218543047
1791465320,828617,28572,434832,94564,4092,245280,58.73461455409199
1791465326,829449,29188,435704,94564,4064,244656,58.540809699069065
1791465332,827973,28628,434792,94564,4064,244656,55.237280889268916
1791465338,827997,28508,434936,94564,4064,244656,58.66552973779577
1791465344,833141,30832,437752,94564,4064,244656,57.352623623407474
1791465350,831193,29932,436656,94564,4096,244656,67.50107898144152
1791465356,830730,30272,435848,94564,4096,244656,60.96069868995633
1791465362,831674,30912,436024,94564,4096,244784,75.61136814276273
1791465367,848749,34156,448668,94564,4072,245988,88.7535349140744
1791465373,842133,35372,440936,94564,4080,245864,94.59163564703307
1791465379,833592,29712,438184,94564,4080,245736,70.54794520547945
1791465385,833276,29956,437752,94564,4080,245608,71.19437939110071
1791465391,834056,30676,439016,94564,4080,244404,77.07979626485569
1791465397,840780,31928,442344,94564,4080,246544,83.75080282594733
1791465403,844204,31888,441720,94564,4080,250640,70.54313099041534
1791465409,836924,30200,440384,94564,4052,246416,69.72162740899358
1791465415,837080,30140,440472,94564,4052,246544,65.67805716741887
1791465420,836236,29576,440064,94564,4052,246672,68.03770351328193
1791465426,841512,32360,442816,94564,4052,246412,70.90358841331604
1791465432,840192,31488,442416,94564,4020,246412,68.30122591943957
1791465438,836216,29516,440412,94564,4020,246412,71.31647776809066
1791465444,839216,31108,441692,94564,4020,246540,74.26086956521739
1791465450,837168,30216,440664,94564,4020,246412,66.99762572846967
1791465456,837932,30296,441220,94564,4020,246540,68.92150606253989
1791465462,839960,31216,442328,94564,4020,246540,67.88714193409433
1791465467,841944,30468,441088,94564,4020,250508,71.56549520766772
1791465473,838992,31148,441424,94564,4020,246540,63.41045415595544
1791465479,837884,30096,441236,94564,4020,246672,59.83236621534493
1791465485,838656,30896,441340,94564,4020,246544,54.38066465256798
1791465491,842040,29092,446528,94564,4020,246544,82.80640970116934
1791465497,837620,29404,441800,94564,4020,246544,56.875266070668374
1791465503,839740,28740,440488,94564,4020,250640,63.126209417329605
1791465509,841860,31060,444376,94564,4020,246544,75.01616727743048
1791465515,848916,32388,448144,94564,4088,248440,96.02087410306588
1791465521,851668,33240,448256,94564,4088,250224,94.80832420591456
1791465527,845188,29680,446420,94564,4088,249136,69.50507888480657
1791465532,846868,30888,447432,94564,4088,248596,66.63774403470715
1791465538,842872,29260,445208,94564,4088,248452,66.1498708010336
1791465544,845824,30708,446580,94564,4088,248584,74.02933563416738
1791465550,847076,31340,447312,94564,4088,248456,72.00346170488966
1791465556,845084,30208,446712,94564,4088,248196,61.2050281751192
1791465562,848292,29796,446108,94564,4088,252420,64.50225757901526
1791465568,844628,30056,446276,94564,4088,248328,67.62993314643089
1791465574,843592,30148,445152,94564,4088,248324,66.2387676508344
1791465580,845680,30808,446452,94564,4088,248452,58.91271388347412
1791465585,842592,29236,444972,94564,4060,248452,62.067483344079086
1791465591,844416,30428,445604,94564,4060,248452,63.0755864465682
1791465597,843976,29748,445840,94564,4060,248456,58.861718242804585
1791465603,845264,29716,446672,94564,4060,248944,64.3326967960959
1791465609,842856,29524,444464,94564,4068,248944,60.77707835901889
1791465615,845808,30624,446280,94564,4084,248948,60.5955977557186
1791465621,847128,31272,447076,94564,4088,248816,70.51775780915703
1791465627,879736,33032,476088,94564,4088,250652,93.6952714535902
1791465632,857748,35060,452232,94564,4156,250416,110.32059727711902
1791465638,847540,29128,447988,94564,4156,250388,67.88399570354457
1791465644,848408,29576,449084,94564,4156,249708,70.22106631989597
1791465650,847960,29144,449328,94564,4156,249448,66.63818880820162
1791465656,845780,28532,447888,94564,4156,249320,67.29939603106126
1791465662,846536,29052,448368,94564,4156,249076,63.86773983032412
1791465668,845384,28804,447784,94564,4104,248816,65.69965870307168
1791465674,844812,28444,447576,94564,4104,248816,64.39361242986621
1791465679,846504,29268,448184,94564,4104,249072,64.85084306095979
1791465685,844756,28340,447364,94564,4104,249076,60.53489889106327
1791465691,849260,28624,447524,94564,4072,253168,63.245250054597065
1791465697,844664,28284,447484,94564,4072,248948,62.89416846652268
1791465703,844860,28648,447192,94564,4072,249076,61.774744027303754
1791465709,844600,28340,447240,94564,4072,249076,62.28668941979522
1791465715,844752,28556,447176,94564,4072,249076,58.10344827586207
1791465721,845412,28948,447440,94564,4072,249076,55.00000000000001
1791465727,844784,28452,447184,94564,4072,249204,57.77588410737111
1791465733,844712,28480,447084,94564,4072,249204,59.29127052722558
1791465738,845260,28848,447264,94564,4072,249204,54.68180844225412
1791465744,845368,28884,447336,94564,4072,249204,57.1917808219178
1791465750,853924,29856,455112,94564,4132,248948,86.75540039275583
1791465756,850004,28816,447876,94564,4132,253300,56.10169491525424
1791465762,850120,29236,447700,94564,4132,253172,69.9912510936133
1791465768,851948,31332,449880,94564,4144,250688,84.39256376999568
1791465774,848080,29480,448124,94564,4144,250432,79.96492766330556
1791465780,845892,28232,447460,94564,4144,250160,55.74193548387096
1791465785,845968,27980,447660,94564,4144,250288,58.90204520990312
1791465791,844708,27784,447680,94564,4144,249204,58.16922743994807
1791465797,844428,27636,447548,94564,4144,249204,59.233896854269204
1791465803,844448,27664,447576,94564,4116,249204,58.75802997858672
1791465809,844784,27868,447708,94564,4116,249204,55.92298032649644
1791465815,844312,27520,447584,94564,4116,249204,54.373927958833626
1791465821,845016,27616,448320,94564,4116,249076,58.755115227223776
1791465827,844476,27596,447800,94564,4116,249076,57.24049551473729
1791465833,844472,27732,447708,94564,4084,249076,58.41051044583243
1791465839,844552,27780,447736,94564,4084,249076,57.968514125512186
1791465845,844636,27752,447724,94564,4084,249204,58.302421994326856
1791465850,845280,28048,448068,94564,4084,249204,57.59862039232593
1791465856,848596,27648,447692,94564,4084,253300,56.72664952870608
1791465862,845352,28008,448180,94564,4084,249204,56.54315699293211
1791465868,843960,27284,447568,94564,4048,249204,57.63589301121657
1791465874,844760,27972,447808,94564,4048,249076,57.11827956989247
1791465880,844520,27732,447808,94564,4048,249076,53.97715024789825
1791465886,848888,28016,447716,94564,4112,253172,56.35023840485479
1791465892,850648,27876,453712,94564,4112,249076,82.43757934828608
1791465898,845088,27604,448548,94564,4112,248948,54.97507045306742
1791465903,846040,28096,448880,94564,4112,249076,59.602359624208
1791465909,845444,27672,448692,94564,4136,249072,55.68326947637292
1791465915,845020,27600,448340,94564,4136,249072,55.833686890114556
1791465921,849216,27500,448400,94564,4136,253308,55.012853470437015
1791465927,845224,27688,448452,94564,4136,249076,60.16713091922006
1791465933,845612,27920,448608,94564,4136,249076,60.44823906083244
1791465939,845884,28172,448628,94564,4136,249076,59.297565179918124
1791465945,845696,28668,448468,94564,3756,249076,57.712305025996535
1791465951,845636,28372,448508,94564,3820,249204,58.59927179267509
1791465956,845520,28436,448320,94564,3820,249204,54.04937202252057
1791465962,845404,28308,448452,94564,3836,249072,56.31646108039132
1791465968,845048,28124,448416,94564,3812,248952,56.69156883671291
1791465974,846532,28560,449176,94564,3836,249212,61.33796698523023
1791465980,845564,27940,448828,94564,3836,249212,56.90952073930797
1791465986,845040,27900,448640,94564,3808,248956,59.05696607638148
1791465992,845168,27968,448572,94564,3808,249084,59.303824666953155
1791465998,845828,28452,448872,94564,3808,248956,59.58549222797927
1791466004,845460,28452,448480,94564,3840,248952,55.78583765112263
1791466010,845760,28524,448720,94564,3808,248952,58.14450619923044
1791466015,846836,28920,449180,94564,3872,249080,79.82905982905983
1791466021,850052,28992,448220,94564,3872,253180,58.77192982456141
1791466027,846772,29132,448716,94564,3916,249212,65.20702362887492
1791466033,859476,33356,455600,94564,3996,250704,116.96213613482162
1791466039,851168,30668,450088,94564,4140,250448,62.15626364033173
1791466045,847820,29264,448812,94564,4188,249636,63.11671375787872
1791466050,848456,29284,449428,94564,4188,249636,62.6359286646368
1791466056,851656,28724,449220,94564,4188,253604,62.22796811032105
1791466062,847372,28496,449680,94564,4188,249092,68.58137510879025
1791466068,847516,28596,449756,94564,4160,249092,63.70023419203748
1791466074,846868,28460,449376,94564,4160,248964,62.42229367631297
1791466080,847492,28812,449640,94564,4160,248964,65.12027491408935
1791466086,846996,28728,449360,94564,4160,248836,61.61745827984596
1791466092,847308,28704,449440,94564,4160,249092,59.386397768719156
1791466098,849868,29400,451336,94564,4128,249092,59.930915371329874
1791466104,850201,30940,449960,94564,4132,249220,63.9161755075311
1791466109,848765,29916,449548,94564,4132,249220,66.34989200863932
1791466115,848041,28720,450020,94564,4132,249220,69.54248366013071
1791466121,846521,27704,449652,94564,4132,249092,70.6394084384515
1791466127,851233,28196,449772,94564,4132,253188,73.48148148148148
1791466133,851541,28104,450172,94564,4132,253188,77.82372143634385
1791466139,851097,28168,449664,94564,4132,253188,69.09325866896403
1791466145,848617,29048,450272,94564,4132,249220,74.44276130707638
1791466151,851141,28104,449580,94564,4196,253316,66.14718614718615
1791466156,848405,28532,450636,94564,4196,249092,95.86280814576634
1791466162,848581,28464,450748,94564,4196,249220,73.62281270252754
1791466168,851941,27896,450584,94564,4196,253316,63.0071599045346
1791466174,848033,28120,450548,94564,4196,249220,63.51894982002965
1791466180,849225,28744,450704,94564,4196,249628,63.97919375812744
1791466186,852093,27948,450304,94564,4168,253728,63.13043478260869
1791466192,848645,28544,450356,94564,4168,249632,59.05126568815145
1791466198,848933,28620,450832,94564,4168,249364,61.99007122814591
1791466204,849165,28780,451048,94564,4168,249220,62.57854821235102
1791466209,848665,28688,450676,94564,4136,249220,64.7905477980666
1791466215,849257,28844,450980,94552,4136,249348,64.23855165069222
1791466221,849157,28988,450996,94552,4136,249088,65.716109810598
1791466227,848609,28424,450884,94552,4136,249220,63.26222796811032
1791466233,848133,28216,450672,94552,4096,249220,60.97037355088021
1791466239,848541,28676,450748,94552,4096,249092,62.405200433369444
1791466245,849289,28916,451252,94552,4096,249092,63.13978494623655
1791466251,849245,28956,451168,94552,4096,249092,61.13989637305699
1791466257,848601,28808,450800,94552,4096,248964,60.189165950128974
1791466263,849009,28696,451064,94552,4096,249220,57.95083750271917
1791466268,850433,29600,451580,94552,4096,249220,61.327623126338324
1791466274,855421,29008,457136,94552,4120,249220,64.94464944649447
1791466280,848525,28584,450792,94552,4120,249092,80.92033861515085
1791466286,849189,29000,451040,94552,4120,249092,59.14260717410323
1791466292,849549,29412,451116,94552,4120,248964,64.94464944649447
1791466298,849309,29740,450544,94552,4120,248964,58.89995669120831
1791466303,855453,30576,451628,94552,4120,253188,66.30692855601123
1791466309,884833,32912,480308,94552,4124,251548,123.40052585451357
1791466315,857673,33220,452068,94552,4192,252244,102.83488422419389
1791466321,851233,28724,450024,94552,4192,252348,63.03337558090409
1791466327,848861,27692,448684,94552,4192,252348,66.89536878216124
1791466333,848405,27992,449156,94552,4168,251140,66.75381263616558
1791466339,847701,28124,448860,94552,4168,250600,67.89348343797359
1791466345,847353,28312,448360,94552,4140,250600,63.82346700615319
1791466351,848733,29232,449276,94552,4172,250096,66.82454251883746
1791466357,847049,28340,448476,94552,4172,250096,63.683304647160064
1791466362,850853,28484,448176,94552,4172,254060,60.03430531732419
1791466368,846825,28304,448292,94552,4172,250096,61.630644125829235
1791466374,848057,28668,448616,94552,4172,250636,63.00174520069808
1791466380,846965,27788,448404,94552,4172,250636,55.95007531740907
1791466386,847269,27880,448780,94552,4144,250508,59.587404994571116
1791466392,847193,28104,448748,94552,4144,250240,57.31549417350021
1791466398,846097,27880,448152,94552,4144,249968,59.013605442176875
1791466404,846921,28108,448748,94552,4144,249964,57.556406981694344
1791466410,846389,28080,448292,94552,4112,249964,57.08108108108109
1791466416,846269,27964,448160,94552,4112,250096,58.73461455409199
1791466421,846645,28048,448580,94552,4112,249964,57.399871492825014
1791466427,845921,27728,448180,94552,4112,249964,56.6822231650403
1791466433,852509,27604,454760,94552,4112,250096,90.8258879930268
1791466439,846853,27480,449224,94552,4112,250096,57.75309696710808
1791466445,850685,27328,449244,94552,4112,254064,60.47930283224401
1791466451,846857,27712,449152,94552,4096,249968,56.55862519034153
1791466457,846169,27684,449032,94552,3716,249968,61.56499245527053
1791466463,846193,27892,448972,94556,3716,249836,57.13045365747775
1791466468,846133,27704,448972,94556,3716,249964,58.72030815322062
1791466474,846117,27700,448960,94556,3716,249964,56.417974629112024
1791466480,846221,27776,448988,94556,3716,249964,60.42918454935622
1791466486,845969,27496,449088,94556,3764,249836,57.92866351525569
1791466492,846041,27616,448864,94556,3792,249968,59.693767522104814
1791466498,846201,27620,449016,94556,3792,249968,54.86498071153022
1791466504,846321,27844,448824,94556,3860,249968,57.08126751455055
1791466510,846309,27624,449032,94556,3860,249968,54.016500217108124
1791466515,846465,27880,448780,94556,3860,250096,58.16326530612245
1791466521,846641,27880,448884,94556,3932,250096,57.41297808336915
1791466527,846681,27952,448780,94556,3956,250096,56.33326284626771
1791466533,850633,27952,448768,94552,3956,254060,57.56013745704467
1791466539,846153,27480,448724,94552,3956,250096,59.806659505907625
1791466545,847393,27996,449576,94552,3956,249964,59.41966219142486
1791466551,846629,27584,449156,94552,4020,249968,60.556394220401124
1791466557,847821,28332,449464,94552,4020,250096,84.74870017331023
1791466563,847177,28160,449120,94552,4020,249968,61.19273984442523
1791466569,847245,28452,448900,94552,4020,249968,58.80341880341881
1791466574,848673,28848,449236,94552,4044,250636,61.407249466950965
1791466580,847737,27900,449252,94552,4044,250636,61.05442176870748
1791466586,847445,27984,448912,94552,4016,250636,59.15130732961852
1791466592,847109,27848,448852,94552,4016,250496,56.14341932662877
1791466598,850697,27744,448848,94552,4016,254192,61.604461604461605
1791466604,846309,27596,448832,94552,4016,249968,56.466537551108246
1791466610,846473,27668,448960,94552,3984,249964,56.761986669533435
1791466616,846257,27616,448796,94552,3984,249964,54.94079655543595
1791466622,846621,27984,448788,94552,3984,249964,54.373927958833626
1791466628,846397,28032,448644,94552,3984,249840,56.63716814159292
1791466633,846309,27868,448616,94552,3960,249968,57.31549417350021
1791466639,847193,28224,449144,94552,3960,249964,55.682062298603654
1791466645,846605,28044,448740,94552,3960,249964,60.520094562647756
1791466651,846493,27900,448768,94552,3960,249968,53.47267581101677
1791466657,846957,27748,449516,94552,3960,249836,62.09573091849935
1791466663,847441,28408,449480,94552,3772,249964,56.61432566143256
1791466669,851001,28328,449152,94552,3772,253932,55.08771929824562
1791466675,874461,28332,476704,94552,3772,249836,77.51531058617674
1791466680,847673,28396,449976,94552,3772,249708,63.61617059084851
1791466686,847545,27948,450172,94552,3772,249836,54.94079655543595
1791466692,847417,27788,450356,94552,3668,249836,59.11330049261084
1791466698,848029,28524,450100,94552,3668,249968,59.00106269925611
1791466704,847977,28396,450164,94552,3680,249968,55.68965517241379
1791466710,847805,28228,450152,94552,3680,249968,55.55794452805848
1791466716,851941,28248,450168,94552,3684,254064,55.21942905837239
1791466722,847929,28324,450176,94552,3684,249968,51.540616246498594
1791466727,848389,28500,450300,94552,3716,250096,56.06515216459494
1791466733,852709,28744,450260,94552,3716,254192,55.667022411953035
1791466739,853173,29436,449960,94552,3764,254192,55.613126079447326
1791466745,852381,30856,451780,94556,3892,249968,66.7396540398511
1791466751,857017,32332,452908,94552,3992,252132,114.31079894644425
1791466757,851493,28056,451664,94552,3992,252132,55.52383044146716
1791466763,851073,27792,451504,94552,3992,252132,58.14450619923044
1791466769,851137,27768,451592,94552,3992,252132,62.92134831460674
1791466774,854389,27804,451652,94552,3992,255284,59.348198970840485
1791466780,849097,27816,451540,94552,3992,250096,59.819510098839714
1791466786,849809,28248,451852,94552,3964,250096,60.91632609163261
1791466792,849737,28136,451892,94552,3964,250096,57.464301168325406
1791466798,848997,28072,451344,94552,3964,249968,64.64471403812824
1791466804,850349,28868,451364,94552,3964,250508,58.9655172413793
1791466810,848953,27664,451332,94552,3932,250380,57.97591379674625
1791466816,849317,27712,451408,94552,4012,250508,58.44515441959531
1791466822,849501,28040,451256,94552,4012,250508,64.23483703863587
1791466827,849349,27960,451592,94552,4012,250096,57.82092772384034
1791466833,848725,27608,451324,94552,4012,250096,60.18316615787178
1791466839,848553,27668,451220,94552,4012,249968,56.1525129982669
1791466845,848773,27716,451264,94552,4012,250096,58.34932821497121
1791466851,848525,27440,451416,94552,4012,249968,58.194414375405934
1791466857,849513,28176,451668,94552,4012,249968,60.46811251878892
1791466863,849645,28120,451856,94552,4012,249968,56.43648763853367
1791466869,849149,28088,451392,94552,4012,249968,58.93657911595132
1791466875,850661,28196,452772,94552,4036,249968,84.53344695355773
1791466881,848777,27648,451464,94552,3932,250096,59.594450373532545
1791466886,848613,27788,451428,94552,3748,250096,58.42887473460722
1791466892,848921,27920,451600,94552,3748,250096,61.108760050782905
1791466898,849325,27912,452036,94552,3732,250096,57.67002789101051
1791466904,849145,28032,451832,94552,3764,249968,59.23360034639532
1791466910,849957,28188,452480,94552,3764,249968,57.57641448081509
1791466916,848213,27308,451492,94552,3764,250096,57.99828913601369
1791466922,853433,28128,451912,94552,3764,254072,58.05219605346913
1791466928,848533,27564,451684,94552,3764,249968,60.076368264743316
1791466934,849361,28644,451452,94552,3740,249968,59.27824044415972
1791466940,849077,28340,451476,94552,3740,249968,60.574412532637076
1791466946,849545,28584,451696,94552,3740,249968,58.63247863247864
1791466952,853529,28744,451364,94552,3800,254064,57.54296626352642
1791466958,850045,29208,451632,94552,3800,249840,58.62803579037068
1791466964,849929,28888,451752,94552,3768,249968,66.7805294619983
1791466969,851193,29428,452320,94552,3784,250096,63.47279427704314
1791466975,851021,29428,452152,94552,3784,250096,61.006696910779866
1791466981,850833,28944,452236,94552,3928,250096,61.3407581923324
1791466987,851317,29384,452268,94552,3928,250096,58.27586206896552
1791466993,852689,29176,453844,94552,3928,250096,85.610122238902
1791466999,851105,28928,452636,94552,3932,249968,60.48697137975224
1791467005,851693,29500,452652,94552,3932,249968,61.2141652613828
1791467011,851881,29820,452548,94552,3900,249968,62.191424859246425
1791467017,852777,29984,452716,94552,3916,250508,58.620689655172406
1791467023,856285,29456,452652,94552,3916,254604,57.8477243726074
1791467029,855925,29220,452676,94552,3916,254464,57.192524989135165
1791467034,851769,29680,452424,94552,3916,250096,57.895873838842085
1791467040,851545,29448,452428,94552,3916,250096,52.3090202848511
1791467046,855865,29684,452420,94552,3916,254192,56.70797999565123
1791467052,851361,29348,452480,94552,3916,249968,59.23984272608126
1791467058,859033,31592,453676,94552,3916,254192,71.60334835801675
1791467064,867097,35352,456648,94552,4012,255420,124.19459459459459
1791467070,852061,28476,452576,94552,4012,251324,63.362908461372
1791467075,851297,27876,452288,94552,4012,251452,59.87096774193549
1791467081,850349,28068,452232,94552,4012,250368,61.25813449023861
1791467087,850217,28160,452280,94552,4012,250096,58.19761129207384
1791467093,849277,27372,452256,94552,4012,249968,59.02777777777778
1791467099,850073,27908,452408,94552,4100,249968,59.6528819370045
1791467105,849877,27820,452424,94552,4100,249836,63.45123258306538
1791467111,850081,27984,452208,94552,4100,250096,55.553159370282515
1791467117,851393,28108,453520,94552,4100,249968,63.898305084745765
1791467123,850305,27756,452944,94552,4068,249840,58.536585365853654
1791467129,851613,28204,453676,94552,4068,249968,62.9156010230179
1791467135,854105,29276,454804,94552,4072,249968,62.05997392438071
1791467140,850817,27816,452972,94552,4080,249968,62.959794696321644
1791467146,851937,28236,453540,94552,4080,250096,60.393873085339166
1791467152,857845,28812,454716,94552,4140,254192,58.85652642934196
1791467158,851473,27636,454072,94552,3908,249968,57.14285714285714
1791467164,852437,28200,454472,94552,3908,249968,60.111635895234
1791467170,852537,28508,454264,94552,3908,249968,59.411011523687584
1791467176,853153,28752,454612,94552,3932,249968,61.787234042553195
1791467182,866285,28080,468420,94552,3932,249968,69.13365259033522
1791467187,852885,28516,454488,94552,3904,250096,77.88523533204385
1791467193,852437,28464,454096,94552,3904,250096,60.01719690455718
1791467199,854257,29040,455208,94552,3904,250224,62.486625294243524
1791467205,861537,28980,454460,94552,3920,258296,64.70208647020864
1791467211,853773,29128,454780,94552,3888,250096,63.33760136577038
1791467217,852289,28316,454240,94552,3888,249968,58.72193436960277
1791467223,852577,28588,454256,94552,3888,249964,60.86395873629916
1791467229,854017,29816,454456,94552,3888,249968,60.13239376468076
1791467235,855913,29776,454252,94552,3864,252132,61.86988367083154
1791467241,856325,28868,455576,94552,3864,252132,62.24335422519991
1791467247,854949,28816,454252,94552,3864,252132,61.868958109559614
1791467252,855505,29308,455264,94552,3864,251180,63.33188342757721
1791467258,853037,28736,454456,94552,3864,250096,64.06182911120652
1791467264,853413,28752,454812,94552,3864,250096,58.603066439523
1791467270,853173,28916,454412,94552,3864,250096,61.247311827956985
1791467276,853793,28804,455268,94552,3864,249968,59.143968871595334
1791467282,853589,28852,455016,94552,3864,249968,58.2905982905983
1791467288,856505,30216,456568,94552,3864,249968,58.443529156730975
1791467294,859241,29768,455656,94552,3864,254064,62.03941730934018
1791467300,888605,30496,486804,94552,3868,251548,109.37636284343655
1791467305,863561,32820,459272,94552,4000,251568,114.18624891209748
1791467311,856453,28048,457216,94552,4000,251268,61.01249178172255
1791467317,855929,27632,457336,94552,4028,251000,60.80760095011877
1791467323,855453,27544,457472,94552,4032,250472,58.848983124188656
1791467329,771043,30244,427124,94188,4060,194032,45.88311970454051
